0 verbose cli /Users/johnfleurimond/.nvm/versions/node/v20.20.2/bin/node /Users/johnfleurimond/.nvm/versions/node/v20.20.2/bin/npm
1 info using npm@10.8.2
2 info using node@v20.20.2
3 silly config load:file:/Users/johnfleurimond/.nvm/versions/node/v20.20.2/lib/node_modules/npm/npmrc
4 silly config load:file:/Users/johnfleurimond/Documents/IMPORTANT/Code/FantasyFootball/.npmrc
5 silly config load:file:/Users/johnfleurimond/.npmrc
6 silly config load:file:/Users/johnfleurimond/.nvm/versions/node/v20.20.2/etc/npmrc
7 verbose title npm ci
8 verbose argv "ci"
9 verbose logfile logs-max:10 dir:/Users/johnfleurimond/Documents/IMPORTANT/Code/FantasyFootball/.npm-cache/_logs/2026-08-04T03_46_56_912Z-
10 verbose logfile /Users/johnfleurimond/Documents/IMPORTANT/Code/FantasyFootball/.npm-cache/_logs/2026-08-04T03_46_56_912Z-debug-0.log
11 silly packumentCache heap:4345298944 maxSize:1086324736 maxEntrySize:543162368
12 silly logfile done cleaning log files
13 silly idealTree buildDeps
14 silly reify moves {}
15 silly audit bulk request {
15 silly audit   '@asamuzakjp/css-color': [ '5.1.11' ],
15 silly audit   '@asamuzakjp/dom-selector': [ '7.1.1' ],
15 silly audit   'css-tree': [ '3.2.1', '1.1.3' ],
15 silly audit   'mdn-data': [ '2.27.1', '2.0.14' ],
15 silly audit   '@asamuzakjp/generational-cache': [ '1.0.1' ],
15 silly audit   '@asamuzakjp/nwsapi': [ '2.3.9' ],
15 silly audit   '@babel/code-frame': [ '7.29.7' ],
15 silly audit   '@babel/compat-data': [ '7.29.7' ],
15 silly audit   '@babel/core': [ '7.29.7' ],
15 silly audit   '@babel/generator': [ '7.29.8' ],
15 silly audit   '@babel/helper-annotate-as-pure': [ '7.29.7' ],
15 silly audit   '@babel/helper-compilation-targets': [ '7.29.7' ],
15 silly audit   '@babel/helper-create-class-features-plugin': [ '7.29.7' ],
15 silly audit   '@babel/helper-create-regexp-features-plugin': [ '7.29.7' ],
15 silly audit   '@babel/helper-define-polyfill-provider': [ '0.6.8' ],
15 silly audit   '@babel/helper-globals': [ '7.29.7' ],
15 silly audit   '@babel/helper-member-expression-to-functions': [ '7.29.7' ],
15 silly audit   '@babel/helper-module-imports': [ '7.29.7' ],
15 silly audit   '@babel/helper-module-transforms': [ '7.29.7' ],
15 silly audit   '@babel/helper-optimise-call-expression': [ '7.29.7' ],
15 silly audit   '@babel/helper-plugin-utils': [ '7.29.7' ],
15 silly audit   '@babel/helper-remap-async-to-generator': [ '7.29.7' ],
15 silly audit   '@babel/helper-replace-supers': [ '7.29.7' ],
15 silly audit   '@babel/helper-skip-transparent-expression-wrappers': [ '7.29.7' ],
15 silly audit   '@babel/helper-string-parser': [ '7.29.7' ],
15 silly audit   '@babel/helper-validator-identifier': [ '7.29.7' ],
15 silly audit   '@babel/helper-validator-option': [ '7.29.7' ],
15 silly audit   '@babel/helper-wrap-function': [ '7.29.7' ],
15 silly audit   '@babel/helpers': [ '7.29.7' ],
15 silly audit   '@babel/parser': [ '7.29.8' ],
15 silly audit   '@babel/plugin-bugfix-firefox-class-in-computed-class-key': [ '7.29.7' ],
15 silly audit   '@babel/plugin-bugfix-safari-class-field-initializer-scope': [ '7.29.7' ],
15 silly audit   '@babel/plugin-bugfix-safari-id-destructuring-collision-in-function-expression': [ '7.29.7' ],
15 silly audit   '@babel/plugin-bugfix-safari-rest-destructuring-rhs-array': [ '7.29.7' ],
15 silly audit   '@babel/plugin-bugfix-v8-spread-parameters-in-optional-chaining': [ '7.29.7' ],
15 silly audit   '@babel/plugin-bugfix-v8-static-class-fields-redefine-readonly': [ '7.29.7' ],
15 silly audit   '@babel/plugin-proposal-private-property-in-object': [ '7.21.0-placeholder-for-preset-env.2' ],
15 silly audit   '@babel/plugin-syntax-import-assertions': [ '7.29.7' ],
15 silly audit   '@babel/plugin-syntax-import-attributes': [ '7.29.7' ],
15 silly audit   '@babel/plugin-syntax-jsx': [ '7.29.7' ],
15 silly audit   '@babel/plugin-syntax-unicode-sets-regex': [ '7.18.6' ],
15 silly audit   '@babel/plugin-transform-arrow-functions': [ '7.29.7' ],
15 silly audit   '@babel/plugin-transform-async-generator-functions': [ '7.29.7' ],
15 silly audit   '@babel/plugin-transform-async-to-generator': [ '7.29.7' ],
15 silly audit   '@babel/plugin-transform-block-scoped-functions': [ '7.29.7' ],
15 silly audit   '@babel/plugin-transform-block-scoping': [ '7.29.7' ],
15 silly audit   '@babel/plugin-transform-class-properties': [ '7.29.7' ],
15 silly audit   '@babel/plugin-transform-class-static-block': [ '7.29.7' ],
15 silly audit   '@babel/plugin-transform-classes': [ '7.29.7' ],
15 silly audit   '@babel/plugin-transform-computed-properties': [ '7.29.7' ],
15 silly audit   '@babel/plugin-transform-destructuring': [ '7.29.7' ],
15 silly audit   '@babel/plugin-transform-dotall-regex': [ '7.29.7' ],
15 silly audit   '@babel/plugin-transform-duplicate-keys': [ '7.29.7' ],
15 silly audit   '@babel/plugin-transform-duplicate-named-capturing-groups-regex': [ '7.29.7' ],
15 silly audit   '@babel/plugin-transform-dynamic-import': [ '7.29.7' ],
15 silly audit   '@babel/plugin-transform-explicit-resource-management': [ '7.29.7' ],
15 silly audit   '@babel/plugin-transform-exponentiation-operator': [ '7.29.7' ],
15 silly audit   '@babel/plugin-transform-export-namespace-from': [ '7.29.7' ],
15 silly audit   '@babel/plugin-transform-for-of': [ '7.29.7' ],
15 silly audit   '@babel/plugin-transform-function-name': [ '7.29.7' ],
15 silly audit   '@babel/plugin-transform-json-strings': [ '7.29.7' ],
15 silly audit   '@babel/plugin-transform-literals': [ '7.29.7' ],
15 silly audit   '@babel/plugin-transform-logical-assignment-operators': [ '7.29.7' ],
15 silly audit   '@babel/plugin-transform-member-expression-literals': [ '7.29.7' ],
15 silly audit   '@babel/plugin-transform-modules-amd': [ '7.29.7' ],
15 silly audit   '@babel/plugin-transform-modules-commonjs': [ '7.29.7' ],
15 silly audit   '@babel/plugin-transform-modules-systemjs': [ '7.29.8' ],
15 silly audit   '@babel/plugin-transform-modules-umd': [ '7.29.7' ],
15 silly audit   '@babel/plugin-transform-named-capturing-groups-regex': [ '7.29.7' ],
15 silly audit   '@babel/plugin-transform-new-target': [ '7.29.7' ],
15 silly audit   '@babel/plugin-transform-nullish-coalescing-operator': [ '7.29.7' ],
15 silly audit   '@babel/plugin-transform-numeric-separator': [ '7.29.7' ],
15 silly audit   '@babel/plugin-transform-object-rest-spread': [ '7.29.7' ],
15 silly audit   '@babel/plugin-transform-object-super': [ '7.29.7' ],
15 silly audit   '@babel/plugin-transform-optional-catch-binding': [ '7.29.7' ],
15 silly audit   '@babel/plugin-transform-optional-chaining': [ '7.29.7' ],
15 silly audit   '@babel/plugin-transform-parameters': [ '7.29.7' ],
15 silly audit   '@babel/plugin-transform-private-methods': [ '7.29.7' ],
15 silly audit   '@babel/plugin-transform-private-property-in-object': [ '7.29.7' ],
15 silly audit   '@babel/plugin-transform-property-literals': [ '7.29.7' ],
15 silly audit   '@babel/plugin-transform-react-display-name': [ '7.29.7' ],
15 silly audit   '@babel/plugin-transform-react-jsx': [ '7.29.7' ],
15 silly audit   '@babel/plugin-transform-react-jsx-development': [ '7.29.7' ],
15 silly audit   '@babel/plugin-transform-react-pure-annotations': [ '7.29.7' ],
15 silly audit   '@babel/plugin-transform-regenerator': [ '7.29.8' ],
15 silly audit   '@babel/plugin-transform-regexp-modifiers': [ '7.29.7' ],
15 silly audit   '@babel/plugin-transform-reserved-words': [ '7.29.7' ],
15 silly audit   '@babel/plugin-transform-runtime': [ '7.29.7' ],
15 silly audit   '@babel/plugin-transform-shorthand-properties': [ '7.29.7' ],
15 silly audit   '@babel/plugin-transform-spread': [ '7.29.8' ],
15 silly audit   '@babel/plugin-transform-sticky-regex': [ '7.29.7' ],
15 silly audit   '@babel/plugin-transform-template-literals': [ '7.29.7' ],
15 silly audit   '@babel/plugin-transform-typeof-symbol': [ '7.29.7' ],
15 silly audit   '@babel/plugin-transform-unicode-escapes': [ '7.29.7' ],
15 silly audit   '@babel/plugin-transform-unicode-property-regex': [ '7.29.7' ],
15 silly audit   '@babel/plugin-transform-unicode-regex': [ '7.29.7' ],
15 silly audit   '@babel/plugin-transform-unicode-sets-regex': [ '7.29.7' ],
15 silly audit   '@babel/preset-env': [ '7.29.7' ],
15 silly audit   'babel-plugin-polyfill-corejs3': [ '0.14.2', '0.13.0' ],
15 silly audit   '@babel/preset-modules': [ '0.1.6-no-external-plugins' ],
15 silly audit   '@babel/preset-react': [ '7.29.7' ],
15 silly audit   '@babel/register': [ '7.29.7' ],
15 silly audit   'find-cache-dir': [ '2.1.0', '4.0.0' ],
15 silly audit   'find-up': [ '3.0.0', '6.3.0', '4.1.0' ],
15 silly audit   'locate-path': [ '3.0.0', '5.0.0', '7.2.0' ],
15 silly audit   'make-dir': [ '2.1.0', '1.3.0', '3.1.0' ],
15 silly audit   'p-limit': [ '2.3.0', '4.0.0' ],
15 silly audit   'p-locate': [ '3.0.0', '4.1.0', '6.0.0' ],
15 silly audit   'path-exists': [ '3.0.0', '4.0.0', '5.0.0' ],
15 silly audit   'pkg-dir': [ '3.0.0', '4.2.0', '7.0.0' ],
15 silly audit   semver: [ '5.7.2', '7.8.5', '6.3.1' ],
15 silly audit   '@babel/runtime': [ '7.29.7' ],
15 silly audit   '@babel/template': [ '7.29.7' ],
15 silly audit   '@babel/traverse': [ '7.29.8' ],
15 silly audit   '@babel/types': [ '7.29.8' ],
15 silly audit   '@bramus/specificity': [ '2.4.2' ],
15 silly audit   '@csstools/color-helpers': [ '6.1.0' ],
15 silly audit   '@csstools/css-calc': [ '3.3.0' ],
15 silly audit   '@csstools/css-color-parser': [ '4.1.10' ],
15 silly audit   '@csstools/css-parser-algorithms': [ '4.0.0' ],
15 silly audit   '@csstools/css-tokenizer': [ '4.0.0' ],
15 silly audit   '@discoveryjs/json-ext': [ '0.5.7' ],
15 silly audit   '@emotion/babel-plugin': [ '11.13.5' ],
15 silly audit   'convert-source-map': [ '1.9.0', '2.0.0' ],
15 silly audit   '@emotion/cache': [ '11.14.0' ],
15 silly audit   '@emotion/core': [ '11.0.0' ],
15 silly audit   '@emotion/hash': [ '0.9.2' ],
15 silly audit   '@emotion/is-prop-valid': [ '1.4.0' ],
15 silly audit   '@emotion/memoize': [ '0.9.0' ],
15 silly audit   '@emotion/react': [ '11.14.0' ],
15 silly audit   '@emotion/serialize': [ '1.3.3' ],
15 silly audit   '@emotion/sheet': [ '1.4.0' ],
15 silly audit   '@emotion/styled': [ '11.14.1' ],
15 silly audit   '@emotion/unitless': [ '0.10.0' ],
15 silly audit   '@emotion/use-insertion-effect-with-fallbacks': [ '1.2.0' ],
15 silly audit   '@emotion/utils': [ '1.4.2' ],
15 silly audit   '@emotion/weak-memoize': [ '0.4.0' ],
15 silly audit   '@fluentui/react-component-event-listener': [ '0.63.1' ],
15 silly audit   '@fluentui/react-component-ref': [ '0.63.1' ],
15 silly audit   '@gulpjs/messages': [ '1.1.0' ],
15 silly audit   '@gulpjs/to-absolute-glob': [ '4.0.0' ],
15 silly audit   '@jridgewell/gen-mapping': [ '0.3.13' ],
15 silly audit   '@jridgewell/remapping': [ '2.3.5' ],
15 silly audit   '@jridgewell/resolve-uri': [ '3.1.2' ],
15 silly audit   '@jridgewell/source-map': [ '0.3.11' ],
15 silly audit   '@jridgewell/sourcemap-codec': [ '1.5.5' ],
15 silly audit   '@jridgewell/trace-mapping': [ '0.3.31' ],
15 silly audit   '@jsonjoy.com/base64': [ '1.1.2', '17.67.0' ],
15 silly audit   '@jsonjoy.com/buffers': [ '17.67.0', '1.2.1' ],
15 silly audit   '@jsonjoy.com/codegen': [ '1.0.0', '17.67.0' ],
15 silly audit   '@jsonjoy.com/fs-core': [ '4.65.0' ],
15 silly audit   '@jsonjoy.com/fs-fsa': [ '4.65.0' ],
15 silly audit   '@jsonjoy.com/fs-node': [ '4.65.0' ],
15 silly audit   '@jsonjoy.com/fs-node-builtins': [ '4.65.0' ],
15 silly audit   '@jsonjoy.com/fs-node-to-fsa': [ '4.65.0' ],
15 silly audit   '@jsonjoy.com/fs-node-utils': [ '4.65.0' ],
15 silly audit   '@jsonjoy.com/fs-print': [ '4.65.0' ],
15 silly audit   '@jsonjoy.com/fs-snapshot': [ '4.65.0' ],
15 silly audit   '@jsonjoy.com/json-pack': [ '17.67.0', '1.21.0' ],
15 silly audit   '@jsonjoy.com/json-pointer': [ '17.67.0', '1.0.2' ],
15 silly audit   '@jsonjoy.com/util': [ '17.67.0', '1.9.0' ],
15 silly audit   '@leichtgewicht/ip-codec': [ '2.0.5' ],
15 silly audit   '@noble/hashes': [ '1.4.0', '2.2.0' ],
15 silly audit   '@nodelib/fs.scandir': [ '2.1.5' ],
15 silly audit   '@nodelib/fs.stat': [ '2.0.5' ],
15 silly audit   '@nodelib/fs.walk': [ '1.2.8' ],
15 silly audit   '@parcel/watcher': [ '2.6.0' ],
15 silly audit   '@parcel/watcher-android-arm64': [ '2.6.0' ],
15 silly audit   '@parcel/watcher-darwin-arm64': [ '2.6.0' ],
15 silly audit   '@parcel/watcher-darwin-x64': [ '2.6.0' ],
15 silly audit   '@parcel/watcher-freebsd-x64': [ '2.6.0' ],
15 silly audit   '@parcel/watcher-linux-arm-glibc': [ '2.6.0' ],
15 silly audit   '@parcel/watcher-linux-arm-musl': [ '2.6.0' ],
15 silly audit   '@parcel/watcher-linux-arm64-glibc': [ '2.6.0' ],
15 silly audit   '@parcel/watcher-linux-arm64-musl': [ '2.6.0' ],
15 silly audit   '@parcel/watcher-linux-x64-glibc': [ '2.6.0' ],
15 silly audit   '@parcel/watcher-linux-x64-musl': [ '2.6.0' ],
15 silly audit   '@parcel/watcher-win32-arm64': [ '2.6.0' ],
15 silly audit   '@parcel/watcher-win32-x64': [ '2.6.0' ],
15 silly audit   '@peculiar/asn1-cms': [ '2.8.0' ],
15 silly audit   '@peculiar/asn1-csr': [ '2.8.0' ],
15 silly audit   '@peculiar/asn1-ecc': [ '2.8.0' ],
15 silly audit   '@peculiar/asn1-pfx': [ '2.8.0' ],
15 silly audit   '@peculiar/asn1-pkcs8': [ '2.8.0' ],
15 silly audit   '@peculiar/asn1-pkcs9': [ '2.8.0' ],
15 silly audit   '@peculiar/asn1-rsa': [ '2.8.0' ],
15 silly audit   '@peculiar/asn1-schema': [ '2.8.0' ],
15 silly audit   '@peculiar/asn1-x509': [ '2.8.0' ],
15 silly audit   '@peculiar/asn1-x509-attr': [ '2.8.0' ],
15 silly audit   '@peculiar/utils': [ '2.0.3' ],
15 silly audit   '@peculiar/x509': [ '1.14.3' ],
15 silly audit   '@polka/url': [ '1.0.0-next.29' ],
15 silly audit   '@popperjs/core': [ '2.11.8' ],
15 silly audit   '@rtsao/csstype': [ '2.6.5-forked.0' ],
15 silly audit   '@semantic-ui-react/event-stack': [ '3.1.3' ],
15 silly audit   '@sindresorhus/is': [ '0.7.0' ],
15 silly audit   '@styled-system/background': [ '5.1.2' ],
15 silly audit   '@styled-system/border': [ '5.1.5' ],
15 silly audit   '@styled-system/color': [ '5.1.2' ],
15 silly audit   '@styled-system/core': [ '5.1.2' ],
15 silly audit   '@styled-system/css': [ '5.1.5' ],
15 silly audit   '@styled-system/flexbox': [ '5.1.2' ],
15 silly audit   '@styled-system/grid': [ '5.1.2' ],
15 silly audit   '@styled-system/layout': [ '5.1.2' ],
15 silly audit   '@styled-system/position': [ '5.1.2' ],
15 silly audit   '@styled-system/shadow': [ '5.1.2' ],
15 silly audit   '@styled-system/space': [ '5.1.2' ],
15 silly audit   '@styled-system/typography': [ '5.1.2' ],
15 silly audit   '@styled-system/variant': [ '5.1.5' ],
15 silly audit   '@types/body-parser': [ '1.19.6' ],
15 silly audit   '@types/bonjour': [ '3.5.13' ],
15 silly audit   '@types/connect': [ '3.4.38' ],
15 silly audit   '@types/connect-history-api-fallback': [ '1.5.4' ],
15 silly audit   '@types/estree': [ '1.0.9' ],
15 silly audit   '@types/express': [ '4.17.25' ],
15 silly audit   '@types/express-serve-static-core': [ '4.19.9' ],
15 silly audit   '@types/glob': [ '7.2.0' ],
15 silly audit   '@types/hoist-non-react-statics': [ '3.3.7' ],
15 silly audit   '@types/html-minifier-terser': [ '6.1.0' ],
15 silly audit   '@types/http-errors': [ '2.0.5' ],
15 silly audit   '@types/http-proxy': [ '1.17.17' ],
15 silly audit   '@types/json-schema': [ '7.0.15' ],
15 silly audit   '@types/mime': [ '1.3.5' ],
15 silly audit   '@types/minimatch': [ '5.1.2' ],
15 silly audit   '@types/node': [ '26.1.2' ],
15 silly audit   '@types/parse-json': [ '4.0.2' ],
15 silly audit   '@types/qs': [ '6.15.1' ],
15 silly audit   '@types/range-parser': [ '1.2.7' ],
15 silly audit   '@types/react': [ '19.2.18' ],
15 silly audit   '@types/retry': [ '0.12.2' ],
15 silly audit   '@types/send': [ '1.2.1', '0.17.6' ],
15 silly audit   '@types/serve-index': [ '1.9.4' ],
15 silly audit   '@types/serve-static': [ '1.15.10' ],
15 silly audit   '@types/sockjs': [ '0.3.36' ],
15 silly audit   '@types/ws': [ '8.18.1' ],
15 silly audit   '@webassemblyjs/ast': [ '1.14.1' ],
15 silly audit   '@webassemblyjs/floating-point-hex-parser': [ '1.13.2' ],
15 silly audit   '@webassemblyjs/helper-api-error': [ '1.13.2' ],
15 silly audit   '@webassemblyjs/helper-buffer': [ '1.14.1' ],
15 silly audit   '@webassemblyjs/helper-numbers': [ '1.13.2' ],
15 silly audit   '@webassemblyjs/helper-wasm-bytecode': [ '1.13.2' ],
15 silly audit   '@webassemblyjs/helper-wasm-section': [ '1.14.1' ],
15 silly audit   '@webassemblyjs/ieee754': [ '1.13.2' ],
15 silly audit   '@webassemblyjs/leb128': [ '1.13.2' ],
15 silly audit   '@webassemblyjs/utf8': [ '1.13.2' ],
15 silly audit   '@webassemblyjs/wasm-edit': [ '1.14.1' ],
15 silly audit   '@webassemblyjs/wasm-gen': [ '1.14.1' ],
15 silly audit   '@webassemblyjs/wasm-opt': [ '1.14.1' ],
15 silly audit   '@webassemblyjs/wasm-parser': [ '1.14.1' ],
15 silly audit   '@webassemblyjs/wast-printer': [ '1.14.1' ],
15 silly audit   '@webpack-cli/configtest': [ '2.1.1' ],
15 silly audit   '@webpack-cli/info': [ '2.0.2' ],
15 silly audit   '@webpack-cli/serve': [ '2.0.5' ],
15 silly audit   '@xtuc/ieee754': [ '1.2.0' ],
15 silly audit   '@xtuc/long': [ '4.2.2' ],
15 silly audit   accepts: [ '1.3.8' ],
15 silly audit   acorn: [ '8.18.0' ],
15 silly audit   'acorn-walk': [ '8.3.5' ],
15 silly audit   ajv: [ '8.20.0', '6.15.0' ],
15 silly audit   'ajv-formats': [ '2.1.1' ],
15 silly audit   'ajv-keywords': [ '5.1.0', '3.5.2' ],
15 silly audit   'ansi-html-community': [ '0.0.8' ],
15 silly audit   'ansi-regex': [ '5.0.1' ],
15 silly audit   'ansi-styles': [ '4.3.0' ],
15 silly audit   anymatch: [ '3.1.3' ],
15 silly audit   picomatch: [ '2.3.2', '4.0.5' ],
15 silly audit   arch: [ '2.2.0' ],
15 silly audit   'archive-type': [ '4.0.0' ],
15 silly audit   'file-type': [
15 silly audit     '4.4.0',   '8.1.0',
15 silly audit     '5.2.0',   '6.2.0',
15 silly audit     '3.9.0',   '12.4.2',
15 silly audit     '10.11.0'
15 silly audit   ],
15 silly audit   'array-each': [ '1.0.1' ],
15 silly audit   'array-flatten': [ '1.1.1' ],
15 silly audit   'array-slice': [ '1.1.0' ],
15 silly audit   'array-union': [ '1.0.2', '2.1.0' ],
15 silly audit   'array-uniq': [ '1.0.3' ],
15 silly audit   asn1js: [ '3.0.10' ],
15 silly audit   async: [ '3.2.6' ],
15 silly audit   'async-done': [ '2.0.0' ],
15 silly audit   'async-settle': [ '2.0.0' ],
15 silly audit   'available-typed-arrays': [ '1.0.7' ],
15 silly audit   'babel-loader': [ '9.2.1' ],
15 silly audit   'babel-plugin-macros': [ '3.1.0' ],
15 silly audit   'babel-plugin-polyfill-corejs2': [ '0.4.17' ],
15 silly audit   'babel-plugin-polyfill-regenerator': [ '0.6.8' ],
15 silly audit   'babel-plugin-styled-components': [ '2.3.0' ],
15 silly audit   bach: [ '2.0.1' ],
15 silly audit   'balanced-match': [ '1.0.2' ],
15 silly audit   'bare-events': [ '2.9.1' ],
15 silly audit   'base64-js': [ '1.5.1' ],
15 silly audit   'baseline-browser-mapping': [ '2.11.11' ],
15 silly audit   batch: [ '0.6.1' ],
15 silly audit   'bidi-js': [ '1.0.3' ],
15 silly audit   'big-integer': [ '1.6.52' ],
15 silly audit   'big.js': [ '5.2.2' ],
15 silly audit   'bin-build': [ '3.0.0' ],
15 silly audit   'cross-spawn': [ '5.1.0', '6.0.6', '7.0.6' ],
15 silly audit   execa: [ '0.7.0', '1.0.0', '5.1.1', '4.1.0' ],
15 silly audit   'get-stream': [ '3.0.0', '2.3.1', '4.1.0', '6.0.1', '5.2.0' ],
15 silly audit   'lru-cache': [ '4.1.5', '11.5.2', '5.1.1' ],
15 silly audit   yallist: [ '2.1.2', '3.1.1' ],
15 silly audit   'bin-check': [ '4.1.0' ],
15 silly audit   'bin-version': [ '3.1.0' ],
15 silly audit   'bin-version-check': [ '4.0.0' ],
15 silly audit   'bin-wrapper': [ '4.1.0' ],
15 silly audit   download: [ '7.1.0', '6.2.5' ],
15 silly audit   pify: [ '3.0.0', '2.3.0', '4.0.1' ],
15 silly audit   got: [ '8.3.2', '7.1.0' ],
15 silly audit   'p-cancelable': [ '0.4.1', '0.3.0' ],
15 silly audit   'p-event': [ '2.3.1', '1.3.0' ],
15 silly audit   'p-timeout': [ '2.0.1', '1.2.1' ],
15 silly audit   'prepend-http': [ '2.0.0', '1.0.4' ],
15 silly audit   'url-parse-lax': [ '3.0.0', '1.0.0' ],
15 silly audit   'binary-extensions': [ '2.3.0' ],
15 silly audit   bl: [ '1.2.3', '5.1.0' ],
15 silly audit   'body-parser': [ '1.20.6' ],
15 silly audit   debug: [ '2.6.9', '4.4.3' ],
15 silly audit   ms: [ '2.0.0', '2.1.3' ],
15 silly audit   'bonjour-service': [ '1.4.4' ],
15 silly audit   boolbase: [ '1.0.0' ],
15 silly audit   'brace-expansion': [ '1.1.18' ],
15 silly audit   braces: [ '3.0.3' ],
15 silly audit   'broadcast-channel': [ '3.7.0' ],
15 silly audit   rimraf: [ '3.0.2', '2.7.1' ],
15 silly audit   browserslist: [ '4.28.7' ],
15 silly audit   buffer: [ '5.7.1', '6.0.3' ],
15 silly audit   'buffer-alloc': [ '1.2.0' ],
15 silly audit   'buffer-alloc-unsafe': [ '1.1.0' ],
15 silly audit   'buffer-crc32': [ '0.2.13' ],
15 silly audit   'buffer-fill': [ '1.0.0' ],
15 silly audit   'buffer-from': [ '1.1.2' ],
15 silly audit   'bundle-name': [ '4.1.0' ],
15 silly audit   bytes: [ '3.1.2' ],
15 silly audit   bytestreamjs: [ '2.0.1' ],
15 silly audit   'cacheable-request': [ '2.1.4' ],
15 silly audit   'lowercase-keys': [ '1.0.0', '1.0.1' ],
15 silly audit   'call-bind': [ '1.0.9' ],
15 silly audit   'call-bind-apply-helpers': [ '1.0.2' ],
15 silly audit   'call-bound': [ '1.0.4' ],
15 silly audit   callsites: [ '3.1.0' ],
15 silly audit   'camel-case': [ '4.1.2' ],
15 silly audit   camelize: [ '1.0.1' ],
15 silly audit   'caniuse-lite': [ '1.0.30001806' ],
15 silly audit   caw: [ '2.0.1' ],
15 silly audit   chalk: [ '4.1.2' ],
15 silly audit   'supports-color': [ '7.2.0', '8.1.1' ],
15 silly audit   chokidar: [ '3.6.0', '5.0.0' ],
15 silly audit   'chrome-trace-event': [ '1.0.4' ],
15 silly audit   'clean-css': [ '5.3.3' ],
15 silly audit   'source-map': [ '0.6.1', '0.5.7' ],
15 silly audit   'clean-webpack-plugin': [ '4.0.0' ],
15 silly audit   cliui: [ '8.0.1', '7.0.4' ],
15 silly audit   clone: [ '2.1.2' ],
15 silly audit   'clone-deep': [ '4.0.1' ],
15 silly audit   'is-plain-object': [ '2.0.4', '5.0.0' ],
15 silly audit   'clone-response': [ '1.0.2' ],
15 silly audit   clsx: [ '1.2.1' ],
15 silly audit   'color-convert': [ '2.0.1' ],
15 silly audit   'color-name': [ '1.1.4' ],
15 silly audit   colorette: [ '2.0.20' ],
15 silly audit   commander: [ '8.3.0', '2.20.3', '7.2.0', '10.0.1' ],
15 silly audit   'common-path-prefix': [ '3.0.0' ],
15 silly audit   commondir: [ '1.0.1' ],
15 silly audit   compressible: [ '2.0.18' ],
15 silly audit   compression: [ '1.8.1' ],
15 silly audit   'compression-webpack-plugin': [ '11.1.0' ],
15 silly audit   negotiator: [ '0.6.4', '0.6.3' ],
15 silly audit   'concat-map': [ '0.0.1' ],
15 silly audit   concurrently: [ '8.2.2' ],
15 silly audit   'config-chain': [ '1.1.13' ],
15 silly audit   'connect-history-api-fallback': [ '2.0.0' ],
15 silly audit   'content-disposition': [ '0.5.4' ],
15 silly audit   'content-type': [ '1.0.5' ],
15 silly audit   cookie: [ '0.7.2' ],
15 silly audit   'cookie-signature': [ '1.0.7' ],
15 silly audit   'copy-props': [ '4.0.0' ],
15 silly audit   'core-js': [ '3.49.0' ],
15 silly audit   'core-js-compat': [ '3.49.0' ],
15 silly audit   'core-util-is': [ '1.0.3' ],
15 silly audit   cors: [ '2.8.6' ],
15 silly audit   cosmiconfig: [ '7.1.0' ],
15 silly audit   'css-color-keywords': [ '1.0.0' ],
15 silly audit   'css-in-js-utils': [ '2.0.1' ],
15 silly audit   'css-loader': [ '7.1.4' ],
15 silly audit   'css-select': [ '4.3.0' ],
15 silly audit   'css-to-react-native': [ '3.2.0' ],
15 silly audit   'css-what': [ '6.2.2' ],
15 silly audit   cssesc: [ '3.0.0' ],
15 silly audit   csso: [ '4.2.0' ],
15 silly audit   csstype: [ '3.2.3' ],
15 silly audit   'cwebp-bin': [ '7.0.1' ],
15 silly audit   'data-urls': [ '7.0.0' ],
15 silly audit   'date-fns': [ '2.30.0' ],
15 silly audit   debounce: [ '1.2.1' ],
15 silly audit   'decimal.js': [ '10.6.0' ],
15 silly audit   'decode-uri-component': [ '0.2.2' ],
15 silly audit   decompress: [ '4.2.1' ],
15 silly audit   'decompress-response': [ '3.3.0' ],
15 silly audit   'decompress-tar': [ '4.1.1' ],
15 silly audit   'decompress-tarbz2': [ '4.1.1' ],
15 silly audit   'decompress-targz': [ '4.1.1' ],
15 silly audit   'decompress-unzip': [ '4.0.1' ],
15 silly audit   deepmerge: [ '2.2.1' ],
15 silly audit   'default-browser': [ '5.5.0' ],
15 silly audit   'default-browser-id': [ '5.0.1' ],
15 silly audit   'define-data-property': [ '1.1.4' ],
15 silly audit   'define-lazy-prop': [ '3.0.0' ],
15 silly audit   del: [ '4.1.1' ],
15 silly audit   depd: [ '2.0.0', '1.1.2' ],
15 silly audit   destroy: [ '1.2.0' ],
15 silly audit   'detect-file': [ '1.0.0' ],
15 silly audit   'detect-libc': [ '2.1.2' ],
15 silly audit   'detect-node': [ '2.1.0' ],
15 silly audit   'dir-glob': [ '3.0.1' ],
15 silly audit   'dns-packet': [ '5.6.1' ],
15 silly audit   'dom-converter': [ '0.2.0' ],
15 silly audit   'dom-helpers': [ '5.2.1' ],
15 silly audit   'dom-serializer': [ '1.4.1' ],
15 silly audit   domelementtype: [ '2.3.0' ],
15 silly audit   domhandler: [ '4.3.1' ],
15 silly audit   domutils: [ '2.8.0' ],
15 silly audit   'dot-case': [ '3.0.4' ],
15 silly audit   dotenv: [ '16.6.1' ],
15 silly audit   'dunder-proto': [ '1.0.1' ],
15 silly audit   duplexer: [ '0.1.2' ],
15 silly audit   duplexer3: [ '0.1.5' ],
15 silly audit   'each-props': [ '3.0.0' ],
15 silly audit   'ee-first': [ '1.1.1' ],
15 silly audit   'electron-to-chromium': [ '1.5.399' ],
15 silly audit   'emoji-regex': [ '8.0.0' ],
15 silly audit   'emojis-list': [ '3.0.0' ],
15 silly audit   encodeurl: [ '2.0.0' ],
15 silly audit   'end-of-stream': [ '1.4.5' ],
15 silly audit   'enhanced-resolve': [ '5.24.5' ],
15 silly audit   entities: [ '2.2.0', '8.0.0' ],
15 silly audit   envinfo: [ '7.21.0' ],
15 silly audit   'error-ex': [ '1.3.4' ],
15 silly audit   'es-define-property': [ '1.0.1' ],
15 silly audit   'es-errors': [ '1.3.0' ],
15 silly audit   'es-module-lexer': [ '2.3.1' ],
15 silly audit   'es-object-atoms': [ '1.1.2' ],
15 silly audit   escalade: [ '3.2.0' ],
15 silly audit   'escape-html': [ '1.0.3' ],
15 silly audit   'escape-string-regexp': [ '4.0.0', '1.0.5' ],
15 silly audit   'eslint-scope': [ '5.1.1' ],
15 silly audit   esrecurse: [ '4.3.0' ],
15 silly audit   estraverse: [ '5.3.0', '4.3.0' ],
15 silly audit   esutils: [ '2.0.3' ],
15 silly audit   etag: [ '1.8.1' ],
15 silly audit   eventemitter3: [ '4.0.7' ],
15 silly audit   events: [ '3.3.0' ],
15 silly audit   'events-universal': [ '1.0.1' ],
15 silly audit   'exec-buffer': [ '3.2.0' ],
15 silly audit   executable: [ '4.1.1' ],
15 silly audit   exenv: [ '1.2.2' ],
15 silly audit   'expand-tilde': [ '2.0.2' ],
15 silly audit   express: [ '4.22.2' ],
15 silly audit   'ext-list': [ '2.2.2' ],
15 silly audit   'ext-name': [ '5.0.0' ],
15 silly audit   extend: [ '3.0.2' ],
15 silly audit   'fast-deep-equal': [ '3.1.3' ],
15 silly audit   'fast-fifo': [ '1.3.2' ],
15 silly audit   'fast-glob': [ '3.3.3' ],
15 silly audit   'fast-json-stable-stringify': [ '2.1.0' ],
15 silly audit   'fast-levenshtein': [ '3.0.0' ],
15 silly audit   'fast-uri': [ '3.1.5' ],
15 silly audit   'fast-xml-parser': [ '4.5.7' ],
15 silly audit   'fastest-levenshtein': [ '1.0.16' ],
15 silly audit   fastq: [ '1.20.1' ],
15 silly audit   'faye-websocket': [ '0.11.4' ],
15 silly audit   'fd-slicer': [ '1.1.0' ],
15 silly audit   'filename-reserved-regex': [ '2.0.0' ],
15 silly audit   filenamify: [ '2.1.0' ],
15 silly audit   'fill-range': [ '7.1.1' ],
15 silly audit   finalhandler: [ '1.3.2' ],
15 silly audit   'find-root': [ '1.1.0' ],
15 silly audit   'find-versions': [ '3.2.0' ],
15 silly audit   'findup-sync': [ '5.0.0' ],
15 silly audit   fined: [ '2.0.0' ],
15 silly audit   'flagged-respawn': [ '2.0.0' ],
15 silly audit   flat: [ '5.0.2' ],
15 silly audit   'follow-redirects': [ '1.16.0' ],
15 silly audit   'for-each': [ '0.3.5' ],
15 silly audit   'for-in': [ '1.0.2' ],
15 silly audit   'for-own': [ '1.0.0' ],
15 silly audit   formik: [ '2.4.9' ],
15 silly audit   forwarded: [ '0.2.0' ],
15 silly audit   fresh: [ '0.5.2' ],
15 silly audit   from2: [ '2.3.0' ],
15 silly audit   'fs-constants': [ '1.0.0' ],
15 silly audit   'fs-mkdirp-stream': [ '2.0.1' ],
15 silly audit   'fs.realpath': [ '1.0.0' ],
15 silly audit   fsevents: [ '2.3.3' ],
15 silly audit   'function-bind': [ '1.1.2' ],
15 silly audit   gensync: [ '1.0.0-beta.2' ],
15 silly audit   'get-caller-file': [ '2.0.5' ],
15 silly audit   'get-intrinsic': [ '1.3.0' ],
15 silly audit   'get-proto': [ '1.0.1' ],
15 silly audit   'get-proxy': [ '2.1.0' ],
15 silly audit   gifsicle: [ '5.3.0' ],
15 silly audit   'is-stream': [ '2.0.1', '1.1.0' ],
15 silly audit   'npm-run-path': [ '4.0.1', '2.0.2' ],
15 silly audit   'path-key': [ '3.1.1', '2.0.1' ],
15 silly audit   'shebang-command': [ '2.0.0', '1.2.0' ],
15 silly audit   'shebang-regex': [ '3.0.0', '1.0.0' ],
15 silly audit   which: [ '2.0.2', '1.3.1' ],
15 silly audit   glob: [ '7.2.3' ],
15 silly audit   'glob-parent': [ '5.1.2', '6.0.2' ],
15 silly audit   'glob-stream': [ '8.0.3' ],
15 silly audit   'glob-to-regex.js': [ '1.2.0' ],
15 silly audit   'glob-watcher': [ '6.0.0' ],
15 silly audit   'global-modules': [ '1.0.0' ],
15 silly audit   'global-prefix': [ '1.0.2' ],
15 silly audit   globby: [ '6.1.0', '10.0.2' ],
15 silly audit   glogg: [ '2.2.0' ],
15 silly audit   gopd: [ '1.2.0' ],
15 silly audit   'graceful-fs': [ '4.2.11' ],
15 silly audit   graphql: [ '16.14.2' ],
15 silly audit   gulp: [ '5.0.1' ],
15 silly audit   'gulp-cli': [ '3.1.0' ],
15 silly audit   yargs: [ '16.2.2', '17.7.3' ],
15 silly audit   'yargs-parser': [ '20.2.9', '21.1.1' ],
15 silly audit   gulplog: [ '2.2.0' ],
15 silly audit   'gzip-size': [ '6.0.0' ],
15 silly audit   'handle-thing': [ '2.0.1' ],
15 silly audit   'has-flag': [ '4.0.0' ],
15 silly audit   'has-property-descriptors': [ '1.0.2' ],
15 silly audit   'has-symbol-support-x': [ '1.4.2' ],
15 silly audit   'has-symbols': [ '1.1.0' ],
15 silly audit   'has-to-string-tag-x': [ '1.4.1' ],
15 silly audit   'has-tostringtag': [ '1.0.2' ],
15 silly audit   hasown: [ '2.0.4' ],
15 silly audit   he: [ '1.2.0' ],
15 silly audit   'hoist-non-react-statics': [ '3.3.2' ],
15 silly audit   'homedir-polyfill': [ '1.0.3' ],
15 silly audit   'hpack.js': [ '2.1.6' ],
15 silly audit   'html-encoding-sniffer': [ '6.0.0' ],
15 silly audit   '@exodus/bytes': [ '1.15.1' ],
15 silly audit   'html-escaper': [ '2.0.2' ],
15 silly audit   'html-minifier-terser': [ '6.1.0' ],
15 silly audit   'html-webpack-plugin': [ '5.6.8' ],
15 silly audit   htmlparser2: [ '6.1.0' ],
15 silly audit   'http-cache-semantics': [ '3.8.1' ],
15 silly audit   'http-deceiver': [ '1.2.7' ],
15 silly audit   'http-errors': [ '2.0.1', '1.8.1' ],
15 silly audit   'http-parser-js': [ '0.5.10' ],
15 silly audit   'http-proxy': [ '1.18.1' ],
15 silly audit   'http-proxy-middleware': [ '3.0.7', '2.0.10' ],
15 silly audit   'human-signals': [ '2.1.0', '1.1.1' ],
15 silly audit   hyperdyperid: [ '1.2.0' ],
15 silly audit   'hyphenate-style-name': [ '1.1.0' ],
15 silly audit   'iconv-lite': [ '0.4.24', '0.6.3' ],
15 silly audit   'icss-utils': [ '5.1.0' ],
15 silly audit   ieee754: [ '1.2.1' ],
15 silly audit   ignore: [ '5.3.2' ],
15 silly audit   'image-minimizer-webpack-plugin': [ '4.1.4' ],
15 silly audit   'image-webpack-loader': [ '8.1.0' ],
15 silly audit   'json-schema-traverse': [ '0.4.1', '1.0.0' ],
15 silly audit   'schema-utils': [ '2.7.1', '4.3.3' ],
15 silly audit   imagemin: [ '7.0.1' ],
15 silly audit   'imagemin-gifsicle': [ '7.0.0' ],
15 silly audit   'imagemin-mozjpeg': [ '9.0.0' ],
15 silly audit   'imagemin-optipng': [ '8.0.0' ],
15 silly audit   'imagemin-pngquant': [ '9.0.2' ],
15 silly audit   'imagemin-svgo': [ '9.0.0' ],
15 silly audit   'imagemin-webp': [ '7.0.0' ],
15 silly audit   immutable: [ '5.1.9' ],
15 silly audit   'import-fresh': [ '3.3.1' ],
15 silly audit   'import-lazy': [ '3.1.0' ],
15 silly audit   'import-local': [ '3.2.0' ],
15 silly audit   inflight: [ '1.0.6' ],
15 silly audit   inherits: [ '2.0.4' ],
15 silly audit   ini: [ '1.3.8' ],
15 silly audit   'inline-style-prefixer': [ '5.1.2' ],
15 silly audit   interpret: [ '3.1.1' ],
15 silly audit   'into-stream': [ '3.1.0' ],
15 silly audit   'ipaddr.js': [ '1.9.1', '2.4.0' ],
15 silly audit   'is-absolute': [ '1.0.0' ],
15 silly audit   'is-arrayish': [ '0.2.1' ],
15 silly audit   'is-binary-path': [ '2.1.0' ],
15 silly audit   'is-callable': [ '1.2.7' ],
15 silly audit   'is-core-module': [ '2.16.2' ],
15 silly audit   'is-cwebp-readable': [ '3.0.0' ],
15 silly audit   'is-docker': [ '3.0.0' ],
15 silly audit   'is-extglob': [ '2.1.1' ],
15 silly audit   'is-fullwidth-code-point': [ '3.0.0' ],
15 silly audit   'is-gif': [ '3.0.0' ],
15 silly audit   'is-glob': [ '4.0.3' ],
15 silly audit   'is-inside-container': [ '1.0.0' ],
15 silly audit   'is-jpg': [ '2.0.0' ],
15 silly audit   'is-natural-number': [ '4.0.1' ],
15 silly audit   'is-negated-glob': [ '1.0.0' ],
15 silly audit   'is-network-error': [ '1.3.2' ],
15 silly audit   'is-number': [ '7.0.0' ],
15 silly audit   'is-object': [ '1.0.2' ],
15 silly audit   'is-path-cwd': [ '2.2.0' ],
15 silly audit   'is-path-in-cwd': [ '2.1.0' ],
15 silly audit   'is-path-inside': [ '2.1.0' ],
15 silly audit   'is-plain-obj': [ '1.1.0', '3.0.0' ],
15 silly audit   'is-png': [ '2.0.0' ],
15 silly audit   'is-potential-custom-element-name': [ '1.0.1' ],
15 silly audit   'is-relative': [ '1.0.0' ],
15 silly audit   'is-retry-allowed': [ '1.2.0' ],
15 silly audit   'is-svg': [ '4.4.0' ],
15 silly audit   'is-typed-array': [ '1.1.15' ],
15 silly audit   'is-unc-path': [ '1.0.0' ],
15 silly audit   'is-valid-glob': [ '1.0.0' ],
15 silly audit   'is-windows': [ '1.0.2' ],
15 silly audit   'is-wsl': [ '3.1.1' ],
15 silly audit   isarray: [ '1.0.0', '2.0.5' ],
15 silly audit   isexe: [ '2.0.0' ],
15 silly audit   isobject: [ '3.0.1' ],
15 silly audit   isurl: [ '1.0.0' ],
15 silly audit   ityped: [ '1.0.3' ],
15 silly audit   'jest-worker': [ '27.5.1' ],
15 silly audit   jquery: [ '4.0.0' ],
15 silly audit   'js-sha3': [ '0.8.0' ],
15 silly audit   'js-tokens': [ '4.0.0' ],
15 silly audit   jsdom: [ '29.1.1' ],
15 silly audit   '@csstools/css-syntax-patches-for-csstree': [ '1.1.7' ],
15 silly audit   jsesc: [ '3.1.0' ],
15 silly audit   'json-buffer': [ '3.0.0' ],
15 silly audit   'json-parse-even-better-errors': [ '2.3.1' ],
15 silly audit   json5: [ '2.2.3' ],
15 silly audit   junk: [ '3.1.0' ],
15 silly audit   'keyboard-key': [ '1.1.0' ],
15 silly audit   keyv: [ '3.0.0' ],
15 silly audit   'kind-of': [ '6.0.3' ],
15 silly audit   'last-run': [ '2.0.0' ],
15 silly audit   'launch-editor': [ '2.14.1' ],
15 silly audit   lead: [ '4.0.0' ],
15 silly audit   liftoff: [ '5.0.1' ],
15 silly audit   'lines-and-columns': [ '1.2.4' ],
15 silly audit   'loader-utils': [ '2.0.4' ],
15 silly audit   lodash: [ '4.18.1' ],
15 silly audit   'lodash-es': [ '4.18.1' ],
15 silly audit   'lodash.debounce': [ '4.0.8' ],
15 silly audit   'loose-envify': [ '1.4.0' ],
15 silly audit   'lower-case': [ '2.0.2' ],
15 silly audit   'map-cache': [ '0.2.2' ],
15 silly audit   'match-sorter': [ '6.3.4' ],
15 silly audit   'math-intrinsics': [ '1.1.0' ],
15 silly audit   'media-typer': [ '0.3.0' ],
15 silly audit   memfs: [ '4.65.0' ],
15 silly audit   'merge-descriptors': [ '1.0.3' ],
15 silly audit   'merge-stream': [ '2.0.0' ],
15 silly audit   merge2: [ '1.4.1' ],
15 silly audit   methods: [ '1.1.2' ],
15 silly audit   micromatch: [ '4.0.8' ],
15 silly audit   microseconds: [ '0.2.0' ],
15 silly audit   mime: [ '1.6.0' ],
15 silly audit   'mime-db': [ '1.54.0', '1.52.0' ],
15 silly audit   'mime-types': [ '2.1.35', '3.0.2' ],
15 silly audit   'mimic-fn': [ '2.1.0' ],
15 silly audit   'mimic-response': [ '1.0.1' ],
15 silly audit   'mini-css-extract-plugin': [ '2.10.2' ],
15 silly audit   'minimalistic-assert': [ '1.0.1' ],
15 silly audit   minimatch: [ '3.1.5' ],
15 silly audit   'minimizer-webpack-plugin': [ '5.6.1' ],
15 silly audit   moment: [ '2.30.1' ],
15 silly audit   mozjpeg: [ '7.1.1' ],
15 silly audit   mrmime: [ '2.0.1' ],
15 silly audit   'multicast-dns': [ '7.2.5' ],
15 silly audit   'mute-stdout': [ '2.0.0' ],
15 silly audit   'nano-time': [ '1.0.0' ],
15 silly audit   nanoid: [ '3.3.17' ],
15 silly audit   'neo-async': [ '2.6.2' ],
15 silly audit   'nice-try': [ '1.0.5' ],
15 silly audit   'no-case': [ '3.0.4' ],
15 silly audit   'node-addon-api': [ '7.1.1' ],
15 silly audit   'node-releases': [ '2.0.51' ],
15 silly audit   'normalize-path': [ '3.0.0' ],
15 silly audit   'normalize-url': [ '2.0.1' ],
15 silly audit   'sort-keys': [ '2.0.0', '1.1.2' ],
15 silly audit   'now-and-later': [ '3.0.0' ],
15 silly audit   'npm-conf': [ '1.1.3' ],
15 silly audit   'nth-check': [ '2.1.1' ],
15 silly audit   'object-assign': [ '4.1.1' ],
15 silly audit   'object-inspect': [ '1.13.4' ],
15 silly audit   'object.defaults': [ '1.1.0' ],
15 silly audit   'object.pick': [ '1.3.0' ],
15 silly audit   'oblivious-set': [ '1.0.0' ],
15 silly audit   obuf: [ '1.1.2' ],
15 silly audit   'on-finished': [ '2.4.1' ],
15 silly audit   'on-headers': [ '1.1.0' ],
15 silly audit   once: [ '1.4.0' ],
15 silly audit   onetime: [ '5.1.2' ],
15 silly audit   open: [ '10.2.0' ],
15 silly audit   opener: [ '1.5.2' ],
15 silly audit   'optipng-bin': [ '7.0.1' ],
15 silly audit   'os-filter-obj': [ '2.0.0' ],
15 silly audit   ow: [ '0.17.0' ],
15 silly audit   'p-finally': [ '1.0.0' ],
15 silly audit   'p-is-promise': [ '1.1.0' ],
15 silly audit   'p-map': [ '2.1.0' ],
15 silly audit   'p-map-series': [ '1.0.0' ],
15 silly audit   'p-pipe': [ '3.1.0' ],
15 silly audit   'p-reduce': [ '1.0.0' ],
15 silly audit   'p-retry': [ '6.2.1' ],
15 silly audit   'p-try': [ '2.2.0' ],
15 silly audit   'param-case': [ '3.0.4' ],
15 silly audit   'parent-module': [ '1.0.1' ],
15 silly audit   'parse-filepath': [ '1.0.2' ],
15 silly audit   'parse-json': [ '5.2.0' ],
15 silly audit   'parse-passwd': [ '1.0.0' ],
15 silly audit   parse5: [ '8.0.1' ],
15 silly audit   parseurl: [ '1.3.3' ],
15 silly audit   'pascal-case': [ '3.1.2' ],
15 silly audit   'path-is-absolute': [ '1.0.1' ],
15 silly audit   'path-is-inside': [ '1.0.2' ],
15 silly audit   'path-parse': [ '1.0.7' ],
15 silly audit   'path-root': [ '0.1.1' ],
15 silly audit   'path-root-regex': [ '0.1.2' ],
15 silly audit   'path-to-regexp': [ '0.1.13' ],
15 silly audit   'path-type': [ '4.0.0' ],
15 silly audit   pend: [ '1.2.0' ],
15 silly audit   picocolors: [ '1.1.1' ],
15 silly audit   pinkie: [ '2.0.4' ],
15 silly audit   'pinkie-promise': [ '2.0.1' ],
15 silly audit   pirates: [ '4.0.7' ],
15 silly audit   pkijs: [ '3.4.0' ],
15 silly audit   'pngquant-bin': [ '6.0.1' ],
15 silly audit   portfinder: [ '1.0.38' ],
15 silly audit   'possible-typed-array-names': [ '1.1.0' ],
15 silly audit   postcss: [ '8.5.25' ],
15 silly audit   'postcss-modules-extract-imports': [ '3.1.0' ],
15 silly audit   'postcss-modules-local-by-default': [ '4.2.0' ],
15 silly audit   'postcss-modules-scope': [ '3.2.1' ],
15 silly audit   'postcss-modules-values': [ '4.0.0' ],
15 silly audit   'postcss-selector-parser': [ '7.1.4' ],
15 silly audit   'postcss-value-parser': [ '4.2.0' ],
15 silly audit   prettier: [ '3.9.6' ],
15 silly audit   'pretty-error': [ '4.0.0' ],
15 silly audit   'process-nextick-args': [ '2.0.1' ],
15 silly audit   'prop-types': [ '15.8.1' ],
15 silly audit   'proto-list': [ '1.2.4' ],
15 silly audit   'proxy-addr': [ '2.0.7' ],
15 silly audit   pseudomap: [ '1.0.2' ],
15 silly audit   pump: [ '3.0.4' ],
15 silly audit   punycode: [ '2.3.1' ],
15 silly audit   pvtsutils: [ '1.3.6' ],
15 silly audit   pvutils: [ '1.1.5' ],
15 silly audit   qs: [ '6.15.3' ],
15 silly audit   'query-string': [ '5.1.1' ],
15 silly audit   'queue-microtask': [ '1.2.3' ],
15 silly audit   randombytes: [ '2.1.0' ],
15 silly audit   'range-parser': [ '1.2.1' ],
15 silly audit   'raw-body': [ '2.5.3' ],
15 silly audit   react: [ '18.3.1' ],
15 silly audit   'react-dom': [ '18.3.1' ],
15 silly audit   'react-fast-compare': [ '2.0.4', '3.2.2' ],
15 silly audit   'react-helmet': [ '6.1.0' ],
15 silly audit   'react-icons': [ '5.7.0' ],
15 silly audit   'react-is': [ '16.13.1' ],
15 silly audit   'react-popper': [ '2.3.0' ],
15 silly audit   'react-query': [ '3.39.3' ],
15 silly audit   'react-side-effect': [ '2.1.2' ],
15 silly audit   'react-transition-group': [ '4.4.5' ],
15 silly audit   'readable-stream': [ '2.3.8', '3.6.2' ],
15 silly audit   'safe-buffer': [ '5.1.2', '5.2.1' ],
15 silly audit   readdirp: [ '3.6.0', '5.0.0' ],
15 silly audit   rechoir: [ '0.8.0' ],
15 silly audit   'reflect-metadata': [ '0.2.2' ],
15 silly audit   regenerate: [ '1.4.2' ],
15 silly audit   'regenerate-unicode-properties': [ '10.2.2' ],
15 silly audit   'regenerator-runtime': [ '0.14.1' ],
15 silly audit   'regexpu-core': [ '6.4.0' ],
15 silly audit   regjsgen: [ '0.8.0' ],
15 silly audit   regjsparser: [ '0.13.2' ],
15 silly audit   relateurl: [ '0.2.7' ],
15 silly audit   'remove-accents': [ '0.5.0' ],
15 silly audit   'remove-trailing-separator': [ '1.1.0' ],
15 silly audit   renderkid: [ '3.0.0' ],
15 silly audit   'replace-ext': [ '1.0.1', '2.0.0' ],
15 silly audit   'replace-homedir': [ '2.0.0' ],
15 silly audit   'require-directory': [ '2.1.1' ],
15 silly audit   'require-from-string': [ '2.0.2' ],
15 silly audit   'requires-port': [ '1.0.0' ],
15 silly audit   resolve: [ '1.22.12' ],
15 silly audit   'resolve-cwd': [ '3.0.0' ],
15 silly audit   'resolve-from': [ '5.0.0', '4.0.0' ],
15 silly audit   'resolve-dir': [ '1.0.1' ],
15 silly audit   'resolve-options': [ '2.0.0' ],
15 silly audit   responselike: [ '1.0.2' ],
15 silly audit   retry: [ '0.13.1' ],
15 silly audit   reusify: [ '1.1.0' ],
15 silly audit   'run-applescript': [ '7.1.0' ],
15 silly audit   'run-parallel': [ '1.2.0' ],
15 silly audit   rxjs: [ '7.8.2' ],
15 silly audit   'safer-buffer': [ '2.1.2' ],
15 silly audit   sass: [ '1.102.0' ],
15 silly audit   'sass-loader': [ '16.0.8' ],
15 silly audit   sax: [ '1.6.1' ],
15 silly audit   saxes: [ '6.0.0' ],
15 silly audit   scheduler: [ '0.23.2' ],
15 silly audit   'seek-bzip': [ '1.0.6' ],
15 silly audit   'select-hose': [ '2.0.0' ],
15 silly audit   selfsigned: [ '5.5.0' ],
15 silly audit   'semantic-ui-css': [ '2.5.0' ],
15 silly audit   'semantic-ui-react': [ '2.1.5' ],
15 silly audit   'semver-greatest-satisfied-range': [ '2.0.0' ],
15 silly audit   'semver-regex': [ '2.0.0' ],
15 silly audit   'semver-truncate': [ '1.1.2' ],
15 silly audit   send: [ '0.19.2' ],
15 silly audit   'serialize-javascript': [ '6.0.2' ],
15 silly audit   'serve-index': [ '1.9.2' ],
15 silly audit   statuses: [ '1.5.0', '2.0.2' ],
15 silly audit   'serve-static': [ '1.16.3' ],
15 silly audit   'set-function-length': [ '1.2.2' ],
15 silly audit   setprototypeof: [ '1.2.0' ],
15 silly audit   'shallow-clone': [ '3.0.1' ],
15 silly audit   shallowequal: [ '1.1.0' ],
15 silly audit   'shell-quote': [ '1.10.0' ],
15 silly audit   'side-channel': [ '1.1.1' ],
15 silly audit   'side-channel-list': [ '1.0.1' ],
15 silly audit   'side-channel-map': [ '1.0.1' ],
15 silly audit   'side-channel-weakmap': [ '1.0.2' ],
15 silly audit   'signal-exit': [ '3.0.7' ],
15 silly audit   sirv: [ '2.0.4' ],
15 silly audit   slash: [ '3.0.0' ],
15 silly audit   sockjs: [ '0.3.24' ],
15 silly audit   uuid: [ '8.3.2', '3.4.0' ],
15 silly audit   'sort-keys-length': [ '1.0.1' ],
15 silly audit   'source-map-js': [ '1.2.1' ],
15 silly audit   'source-map-support': [ '0.5.21' ],
15 silly audit   sparkles: [ '2.1.0' ],
15 silly audit   'spawn-command': [ '0.0.2' ],
15 silly audit   spdy: [ '4.0.2' ],
15 silly audit   'spdy-transport': [ '3.0.0' ],
15 silly audit   stable: [ '0.1.8' ],
15 silly audit   'stream-composer': [ '1.0.2' ],
15 silly audit   'stream-exhaust': [ '1.0.2' ],
15 silly audit   streamx: [ '2.28.0' ],
15 silly audit   'strict-uri-encode': [ '1.1.0' ],
15 silly audit   string_decoder: [ '1.1.1' ],
15 silly audit   'string-width': [ '4.2.3' ],
15 silly audit   'strip-ansi': [ '6.0.1' ],
15 silly audit   'strip-dirs': [ '2.1.0' ],
15 silly audit   'strip-eof': [ '1.0.0' ],
15 silly audit   'strip-final-newline': [ '2.0.0' ],
15 silly audit   'strip-outer': [ '1.0.1' ],
15 silly audit   strnum: [ '1.1.2' ],
15 silly audit   'styled-components': [ '6.4.4' ],
15 silly audit   stylis: [ '4.3.6', '4.2.0' ],
15 silly audit   'styled-system': [ '5.1.5' ],
15 silly audit   'styletron-engine-atomic': [ '1.6.2' ],
15 silly audit   'styletron-react': [ '6.1.1' ],
15 silly audit   'styletron-standard': [ '3.1.0' ],
15 silly audit   'supports-preserve-symlinks-flag': [ '1.0.0' ],
15 silly audit   sver: [ '1.8.4' ],
15 silly audit   svgo: [ '2.8.3' ],
15 silly audit   'symbol-tree': [ '3.2.4' ],
15 silly audit   tapable: [ '2.3.3' ],
15 silly audit   'tar-stream': [ '1.6.2' ],
15 silly audit   teex: [ '1.0.1' ],
15 silly audit   'temp-dir': [ '1.0.0' ],
15 silly audit   tempfile: [ '2.0.0' ],
15 silly audit   terser: [ '5.49.0' ],
15 silly audit   'terser-webpack-plugin': [ '5.6.1' ],
15 silly audit   'text-decoder': [ '1.2.7' ],
15 silly audit   b4a: [ '1.8.1' ],
15 silly audit   thingies: [ '2.6.1' ],
15 silly audit   through: [ '2.3.8' ],
15 silly audit   thunky: [ '1.1.0' ],
15 silly audit   'timed-out': [ '4.0.1' ],
15 silly audit   'tiny-warning': [ '1.0.3' ],
15 silly audit   tldts: [ '7.4.10' ],
15 silly audit   'tldts-core': [ '7.4.10' ],
15 silly audit   'to-buffer': [ '1.2.2' ],
15 silly audit   'to-regex-range': [ '5.0.1' ],
15 silly audit   'to-through': [ '3.0.0' ],
15 silly audit   toidentifier: [ '1.0.1' ],
15 silly audit   totalist: [ '3.0.1' ],
15 silly audit   'tough-cookie': [ '6.0.2' ],
15 silly audit   tr46: [ '6.0.0' ],
15 silly audit   'tree-dump': [ '1.1.0' ],
15 silly audit   'tree-kill': [ '1.2.2' ],
15 silly audit   'trim-repeated': [ '1.0.0' ],
15 silly audit   tslib: [ '2.8.1', '1.14.1' ],
15 silly audit   tsyringe: [ '4.10.0' ],
15 silly audit   'tunnel-agent': [ '0.6.0' ],
15 silly audit   'type-fest': [ '0.11.0' ],
15 silly audit   'type-is': [ '1.6.18' ],
15 silly audit   'typed-array-buffer': [ '1.0.3' ],
15 silly audit   'unbzip2-stream': [ '1.4.3' ],
15 silly audit   'unc-path-regex': [ '0.1.2' ],
15 silly audit   undertaker: [ '2.0.0' ],
15 silly audit   'undertaker-registry': [ '2.0.0' ],
15 silly audit   undici: [ '7.29.0' ],
15 silly audit   'undici-types': [ '8.3.0' ],
15 silly audit   'unicode-canonical-property-names-ecmascript': [ '2.0.1' ],
15 silly audit   'unicode-match-property-ecmascript': [ '2.0.0' ],
15 silly audit   'unicode-match-property-value-ecmascript': [ '2.2.1' ],
15 silly audit   'unicode-property-aliases-ecmascript': [ '2.2.0' ],
15 silly audit   unload: [ '2.2.0' ],
15 silly audit   unpipe: [ '1.0.0' ],
15 silly audit   'update-browserslist-db': [ '1.2.3' ],
15 silly audit   'uri-js': [ '4.4.1' ],
15 silly audit   'url-to-options': [ '1.0.1' ],
15 silly audit   'util-deprecate': [ '1.0.2' ],
15 silly audit   utila: [ '0.4.0' ],
15 silly audit   'utils-merge': [ '1.0.1' ],
15 silly audit   v8flags: [ '4.0.1' ],
15 silly audit   'value-or-function': [ '4.0.0' ],
15 silly audit   vary: [ '1.1.2' ],
15 silly audit   vinyl: [ '3.0.1' ],
15 silly audit   'vinyl-contents': [ '2.0.0' ],
15 silly audit   'vinyl-fs': [ '4.0.2' ],
15 silly audit   'vinyl-sourcemap': [ '2.0.0' ],
15 silly audit   'w3c-xmlserializer': [ '5.0.0' ],
15 silly audit   warning: [ '4.0.3' ],
15 silly audit   watchpack: [ '2.5.2' ],
15 silly audit   wbuf: [ '1.7.3' ],
15 silly audit   'web-vitals': [ '4.2.4' ],
15 silly audit   'webidl-conversions': [ '8.0.1' ],
15 silly audit   webpack: [ '5.109.2' ],
15 silly audit   'webpack-bundle-analyzer': [ '4.10.2' ],
15 silly audit   'webpack-cli': [ '5.1.4' ],
15 silly audit   'webpack-merge': [ '5.10.0', '6.0.1' ],
15 silly audit   'webpack-dev-middleware': [ '7.4.5' ],
15 silly audit   'webpack-dev-server': [ '5.2.6' ],
15 silly audit   ws: [ '8.21.1', '7.5.13' ],
15 silly audit   'webpack-sources': [ '3.5.1' ],
15 silly audit   'websocket-driver': [ '0.7.5' ],
15 silly audit   'websocket-extensions': [ '0.1.4' ],
15 silly audit   'whatwg-mimetype': [ '5.0.0' ],
15 silly audit   'whatwg-url': [ '16.0.1' ],
15 silly audit   'which-typed-array': [ '1.1.22' ],
15 silly audit   wildcard: [ '2.0.1' ],
15 silly audit   'wrap-ansi': [ '7.0.0' ],
15 silly audit   wrappy: [ '1.0.2' ],
15 silly audit   'wsl-utils': [ '0.1.0' ],
15 silly audit   'xml-name-validator': [ '5.0.0' ],
15 silly audit   xmlchars: [ '2.2.0' ],
15 silly audit   xtend: [ '4.0.2' ],
15 silly audit   y18n: [ '5.0.8' ],
15 silly audit   yaml: [ '1.10.3' ],
15 silly audit   yauzl: [ '2.10.0' ],
15 silly audit   'yocto-queue': [ '1.2.2' ],
15 silly audit   zod: [ '4.4.3' ]
15 silly audit }
16 verbose reify failed optional dependency /Users/johnfleurimond/Documents/IMPORTANT/Code/FantasyFootball/node_modules/@parcel/watcher-win32-x64
17 silly reify mark deleted [
17 silly reify   '/Users/johnfleurimond/Documents/IMPORTANT/Code/FantasyFootball/node_modules/@parcel/watcher-win32-x64'
17 silly reify ]
18 verbose reify failed optional dependency /Users/johnfleurimond/Documents/IMPORTANT/Code/FantasyFootball/node_modules/@parcel/watcher-win32-arm64
19 silly reify mark deleted [
19 silly reify   '/Users/johnfleurimond/Documents/IMPORTANT/Code/FantasyFootball/node_modules/@parcel/watcher-win32-arm64'
19 silly reify ]
20 verbose reify failed optional dependency /Users/johnfleurimond/Documents/IMPORTANT/Code/FantasyFootball/node_modules/@parcel/watcher-linux-x64-musl
21 silly reify mark deleted [
21 silly reify   '/Users/johnfleurimond/Documents/IMPORTANT/Code/FantasyFootball/node_modules/@parcel/watcher-linux-x64-musl'
21 silly reify ]
22 verbose reify failed optional dependency /Users/johnfleurimond/Documents/IMPORTANT/Code/FantasyFootball/node_modules/@parcel/watcher-linux-x64-glibc
23 silly reify mark deleted [
23 silly reify   '/Users/johnfleurimond/Documents/IMPORTANT/Code/FantasyFootball/node_modules/@parcel/watcher-linux-x64-glibc'
23 silly reify ]
24 verbose reify failed optional dependency /Users/johnfleurimond/Documents/IMPORTANT/Code/FantasyFootball/node_modules/@parcel/watcher-linux-arm64-musl
25 silly reify mark deleted [
25 silly reify   '/Users/johnfleurimond/Documents/IMPORTANT/Code/FantasyFootball/node_modules/@parcel/watcher-linux-arm64-musl'
25 silly reify ]
26 verbose reify failed optional dependency /Users/johnfleurimond/Documents/IMPORTANT/Code/FantasyFootball/node_modules/@parcel/watcher-linux-arm64-glibc
27 silly reify mark deleted [
27 silly reify   '/Users/johnfleurimond/Documents/IMPORTANT/Code/FantasyFootball/node_modules/@parcel/watcher-linux-arm64-glibc'
27 silly reify ]
28 verbose reify failed optional dependency /Users/johnfleurimond/Documents/IMPORTANT/Code/FantasyFootball/node_modules/@parcel/watcher-linux-arm-musl
29 silly reify mark deleted [
29 silly reify   '/Users/johnfleurimond/Documents/IMPORTANT/Code/FantasyFootball/node_modules/@parcel/watcher-linux-arm-musl'
29 silly reify ]
30 verbose reify failed optional dependency /Users/johnfleurimond/Documents/IMPORTANT/Code/FantasyFootball/node_modules/@parcel/watcher-linux-arm-glibc
31 silly reify mark deleted [
31 silly reify   '/Users/johnfleurimond/Documents/IMPORTANT/Code/FantasyFootball/node_modules/@parcel/watcher-linux-arm-glibc'
31 silly reify ]
32 verbose reify failed optional dependency /Users/johnfleurimond/Documents/IMPORTANT/Code/FantasyFootball/node_modules/@parcel/watcher-freebsd-x64
33 silly reify mark deleted [
33 silly reify   '/Users/johnfleurimond/Documents/IMPORTANT/Code/FantasyFootball/node_modules/@parcel/watcher-freebsd-x64'
33 silly reify ]
34 verbose reify failed optional dependency /Users/johnfleurimond/Documents/IMPORTANT/Code/FantasyFootball/node_modules/@parcel/watcher-darwin-x64
35 silly reify mark deleted [
35 silly reify   '/Users/johnfleurimond/Documents/IMPORTANT/Code/FantasyFootball/node_modules/@parcel/watcher-darwin-x64'
35 silly reify ]
36 verbose reify failed optional dependency /Users/johnfleurimond/Documents/IMPORTANT/Code/FantasyFootball/node_modules/@parcel/watcher-android-arm64
37 silly reify mark deleted [
37 silly reify   '/Users/johnfleurimond/Documents/IMPORTANT/Code/FantasyFootball/node_modules/@parcel/watcher-android-arm64'
37 silly reify ]
38 silly tarball no local data for zod@https://registry.npmjs.org/zod/-/zod-4.4.3.tgz. Extracting by manifest.
39 silly tarball no local data for yargs@https://registry.npmjs.org/yargs/-/yargs-17.7.3.tgz. Extracting by manifest.
40 silly tarball no local data for yargs-parser@https://registry.npmjs.org/yargs-parser/-/yargs-parser-21.1.1.tgz. Extracting by manifest.
41 silly tarball no local data for yocto-queue@https://registry.npmjs.org/yocto-queue/-/yocto-queue-1.2.2.tgz. Extracting by manifest.
42 silly tarball no local data for yaml@https://registry.npmjs.org/yaml/-/yaml-1.10.3.tgz. Extracting by manifest.
43 silly tarball no local data for yallist@https://registry.npmjs.org/yallist/-/yallist-3.1.1.tgz. Extracting by manifest.
44 silly tarball no local data for yauzl@https://registry.npmjs.org/yauzl/-/yauzl-2.10.0.tgz. Extracting by manifest.
45 silly tarball no local data for y18n@https://registry.npmjs.org/y18n/-/y18n-5.0.8.tgz. Extracting by manifest.
46 silly tarball no local data for xmlchars@https://registry.npmjs.org/xmlchars/-/xmlchars-2.2.0.tgz. Extracting by manifest.
47 silly tarball no local data for xtend@https://registry.npmjs.org/xtend/-/xtend-4.0.2.tgz. Extracting by manifest.
48 silly tarball no local data for xml-name-validator@https://registry.npmjs.org/xml-name-validator/-/xml-name-validator-5.0.0.tgz. Extracting by manifest.
49 silly tarball no local data for ws@https://registry.npmjs.org/ws/-/ws-7.5.13.tgz. Extracting by manifest.
50 silly tarball no local data for wrappy@https://registry.npmjs.org/wrappy/-/wrappy-1.0.2.tgz. Extracting by manifest.
51 silly tarball no local data for wsl-utils@https://registry.npmjs.org/wsl-utils/-/wsl-utils-0.1.0.tgz. Extracting by manifest.
52 silly tarball no local data for wrap-ansi@https://registry.npmjs.org/wrap-ansi/-/wrap-ansi-7.0.0.tgz. Extracting by manifest.
53 silly tarball no local data for which@https://registry.npmjs.org/which/-/which-1.3.1.tgz. Extracting by manifest.
54 silly tarball no local data for wildcard@https://registry.npmjs.org/wildcard/-/wildcard-2.0.1.tgz. Extracting by manifest.
55 silly tarball no local data for which-typed-array@https://registry.npmjs.org/which-typed-array/-/which-typed-array-1.1.22.tgz. Extracting by manifest.
56 silly tarball no local data for whatwg-url@https://registry.npmjs.org/whatwg-url/-/whatwg-url-16.0.1.tgz. Extracting by manifest.
57 silly tarball no local data for whatwg-mimetype@https://registry.npmjs.org/whatwg-mimetype/-/whatwg-mimetype-5.0.0.tgz. Extracting by manifest.
58 silly tarball no local data for websocket-extensions@https://registry.npmjs.org/websocket-extensions/-/websocket-extensions-0.1.4.tgz. Extracting by manifest.
59 silly tarball no local data for websocket-driver@https://registry.npmjs.org/websocket-driver/-/websocket-driver-0.7.5.tgz. Extracting by manifest.
60 silly tarball no local data for webpack-sources@https://registry.npmjs.org/webpack-sources/-/webpack-sources-3.5.1.tgz. Extracting by manifest.
61 silly tarball no local data for webpack-dev-server@https://registry.npmjs.org/webpack-dev-server/-/webpack-dev-server-5.2.6.tgz. Extracting by manifest.
62 silly tarball no local data for webpack-merge@https://registry.npmjs.org/webpack-merge/-/webpack-merge-6.0.1.tgz. Extracting by manifest.
63 silly tarball no local data for webpack-dev-middleware@https://registry.npmjs.org/webpack-dev-middleware/-/webpack-dev-middleware-7.4.5.tgz. Extracting by manifest.
64 silly tarball no local data for webpack@https://registry.npmjs.org/webpack/-/webpack-5.109.2.tgz. Extracting by manifest.
65 silly tarball no local data for web-vitals@https://registry.npmjs.org/web-vitals/-/web-vitals-4.2.4.tgz. Extracting by manifest.
66 silly tarball no local data for wbuf@https://registry.npmjs.org/wbuf/-/wbuf-1.7.3.tgz. Extracting by manifest.
67 silly tarball no local data for webpack-bundle-analyzer@https://registry.npmjs.org/webpack-bundle-analyzer/-/webpack-bundle-analyzer-4.10.2.tgz. Extracting by manifest.
68 silly tarball no local data for webidl-conversions@https://registry.npmjs.org/webidl-conversions/-/webidl-conversions-8.0.1.tgz. Extracting by manifest.
69 silly tarball no local data for webpack-cli@https://registry.npmjs.org/webpack-cli/-/webpack-cli-5.1.4.tgz. Extracting by manifest.
70 silly tarball no local data for w3c-xmlserializer@https://registry.npmjs.org/w3c-xmlserializer/-/w3c-xmlserializer-5.0.0.tgz. Extracting by manifest.
71 silly tarball no local data for watchpack@https://registry.npmjs.org/watchpack/-/watchpack-2.5.2.tgz. Extracting by manifest.
72 silly tarball no local data for warning@https://registry.npmjs.org/warning/-/warning-4.0.3.tgz. Extracting by manifest.
73 silly tarball no local data for vinyl-fs@https://registry.npmjs.org/vinyl-fs/-/vinyl-fs-4.0.2.tgz. Extracting by manifest.
74 silly tarball no local data for vinyl-sourcemap@https://registry.npmjs.org/vinyl-sourcemap/-/vinyl-sourcemap-2.0.0.tgz. Extracting by manifest.
75 silly tarball no local data for vary@https://registry.npmjs.org/vary/-/vary-1.1.2.tgz. Extracting by manifest.
76 silly tarball no local data for vinyl-contents@https://registry.npmjs.org/vinyl-contents/-/vinyl-contents-2.0.0.tgz. Extracting by manifest.
77 silly tarball no local data for value-or-function@https://registry.npmjs.org/value-or-function/-/value-or-function-4.0.0.tgz. Extracting by manifest.
78 silly tarball no local data for v8flags@https://registry.npmjs.org/v8flags/-/v8flags-4.0.1.tgz. Extracting by manifest.
79 silly tarball no local data for vinyl@https://registry.npmjs.org/vinyl/-/vinyl-3.0.1.tgz. Extracting by manifest.
80 silly tarball no local data for utila@https://registry.npmjs.org/utila/-/utila-0.4.0.tgz. Extracting by manifest.
81 silly tarball no local data for util-deprecate@https://registry.npmjs.org/util-deprecate/-/util-deprecate-1.0.2.tgz. Extracting by manifest.
82 silly tarball no local data for utils-merge@https://registry.npmjs.org/utils-merge/-/utils-merge-1.0.1.tgz. Extracting by manifest.
83 silly tarball no local data for url-parse-lax@https://registry.npmjs.org/url-parse-lax/-/url-parse-lax-1.0.0.tgz. Extracting by manifest.
84 silly tarball no local data for url-to-options@https://registry.npmjs.org/url-to-options/-/url-to-options-1.0.1.tgz. Extracting by manifest.
85 silly tarball no local data for uri-js@https://registry.npmjs.org/uri-js/-/uri-js-4.4.1.tgz. Extracting by manifest.
86 silly tarball no local data for unload@https://registry.npmjs.org/unload/-/unload-2.2.0.tgz. Extracting by manifest.
87 silly tarball no local data for update-browserslist-db@https://registry.npmjs.org/update-browserslist-db/-/update-browserslist-db-1.2.3.tgz. Extracting by manifest.
88 silly tarball no local data for uuid@https://registry.npmjs.org/uuid/-/uuid-3.4.0.tgz. Extracting by manifest.
89 silly tarball no local data for unpipe@https://registry.npmjs.org/unpipe/-/unpipe-1.0.0.tgz. Extracting by manifest.
90 silly tarball no local data for unicode-property-aliases-ecmascript@https://registry.npmjs.org/unicode-property-aliases-ecmascript/-/unicode-property-aliases-ecmascript-2.2.0.tgz. Extracting by manifest.
91 silly tarball no local data for unicode-match-property-value-ecmascript@https://registry.npmjs.org/unicode-match-property-value-ecmascript/-/unicode-match-property-value-ecmascript-2.2.1.tgz. Extracting by manifest.
92 silly tarball no local data for unicode-canonical-property-names-ecmascript@https://registry.npmjs.org/unicode-canonical-property-names-ecmascript/-/unicode-canonical-property-names-ecmascript-2.0.1.tgz. Extracting by manifest.
93 silly tarball no local data for undici-types@https://registry.npmjs.org/undici-types/-/undici-types-8.3.0.tgz. Extracting by manifest.
94 silly tarball no local data for unicode-match-property-ecmascript@https://registry.npmjs.org/unicode-match-property-ecmascript/-/unicode-match-property-ecmascript-2.0.0.tgz. Extracting by manifest.
95 silly tarball no local data for undici@https://registry.npmjs.org/undici/-/undici-7.29.0.tgz. Extracting by manifest.
96 silly tarball no local data for undertaker-registry@https://registry.npmjs.org/undertaker-registry/-/undertaker-registry-2.0.0.tgz. Extracting by manifest.
97 silly tarball no local data for unc-path-regex@https://registry.npmjs.org/unc-path-regex/-/unc-path-regex-0.1.2.tgz. Extracting by manifest.
98 silly tarball no local data for undertaker@https://registry.npmjs.org/undertaker/-/undertaker-2.0.0.tgz. Extracting by manifest.
99 silly tarball no local data for unbzip2-stream@https://registry.npmjs.org/unbzip2-stream/-/unbzip2-stream-1.4.3.tgz. Extracting by manifest.
100 silly tarball no local data for typed-array-buffer@https://registry.npmjs.org/typed-array-buffer/-/typed-array-buffer-1.0.3.tgz. Extracting by manifest.
101 silly tarball no local data for type-is@https://registry.npmjs.org/type-is/-/type-is-1.6.18.tgz. Extracting by manifest.
102 silly tarball no local data for type-fest@https://registry.npmjs.org/type-fest/-/type-fest-0.11.0.tgz. Extracting by manifest.
103 silly tarball no local data for tsyringe@https://registry.npmjs.org/tsyringe/-/tsyringe-4.10.0.tgz. Extracting by manifest.
104 silly tarball no local data for tslib@https://registry.npmjs.org/tslib/-/tslib-2.8.1.tgz. Extracting by manifest.
105 silly tarball no local data for trim-repeated@https://registry.npmjs.org/trim-repeated/-/trim-repeated-1.0.0.tgz. Extracting by manifest.
106 silly tarball no local data for tunnel-agent@https://registry.npmjs.org/tunnel-agent/-/tunnel-agent-0.6.0.tgz. Extracting by manifest.
107 silly tarball no local data for tree-kill@https://registry.npmjs.org/tree-kill/-/tree-kill-1.2.2.tgz. Extracting by manifest.
108 silly tarball no local data for tr46@https://registry.npmjs.org/tr46/-/tr46-6.0.0.tgz. Extracting by manifest.
109 silly tarball no local data for tree-dump@https://registry.npmjs.org/tree-dump/-/tree-dump-1.1.0.tgz. Extracting by manifest.
110 silly tarball no local data for totalist@https://registry.npmjs.org/totalist/-/totalist-3.0.1.tgz. Extracting by manifest.
111 silly tarball no local data for tough-cookie@https://registry.npmjs.org/tough-cookie/-/tough-cookie-6.0.2.tgz. Extracting by manifest.
112 silly tarball no local data for to-through@https://registry.npmjs.org/to-through/-/to-through-3.0.0.tgz. Extracting by manifest.
113 silly tarball no local data for toidentifier@https://registry.npmjs.org/toidentifier/-/toidentifier-1.0.1.tgz. Extracting by manifest.
114 silly tarball no local data for to-regex-range@https://registry.npmjs.org/to-regex-range/-/to-regex-range-5.0.1.tgz. Extracting by manifest.
115 silly tarball no local data for to-buffer@https://registry.npmjs.org/to-buffer/-/to-buffer-1.2.2.tgz. Extracting by manifest.
116 silly tarball no local data for tldts-core@https://registry.npmjs.org/tldts-core/-/tldts-core-7.4.10.tgz. Extracting by manifest.
117 silly tarball no local data for tldts@https://registry.npmjs.org/tldts/-/tldts-7.4.10.tgz. Extracting by manifest.
118 silly tarball no local data for thunky@https://registry.npmjs.org/thunky/-/thunky-1.1.0.tgz. Extracting by manifest.
119 silly tarball no local data for timed-out@https://registry.npmjs.org/timed-out/-/timed-out-4.0.1.tgz. Extracting by manifest.
120 silly tarball no local data for tiny-warning@https://registry.npmjs.org/tiny-warning/-/tiny-warning-1.0.3.tgz. Extracting by manifest.
121 silly tarball no local data for through@https://registry.npmjs.org/through/-/through-2.3.8.tgz. Extracting by manifest.
122 silly tarball no local data for thingies@https://registry.npmjs.org/thingies/-/thingies-2.6.1.tgz. Extracting by manifest.
123 silly tarball no local data for text-decoder@https://registry.npmjs.org/text-decoder/-/text-decoder-1.2.7.tgz. Extracting by manifest.
124 silly tarball no local data for terser-webpack-plugin@https://registry.npmjs.org/terser-webpack-plugin/-/terser-webpack-plugin-5.6.1.tgz. Extracting by manifest.
125 silly tarball no local data for terser@https://registry.npmjs.org/terser/-/terser-5.49.0.tgz. Extracting by manifest.
126 silly tarball no local data for tempfile@https://registry.npmjs.org/tempfile/-/tempfile-2.0.0.tgz. Extracting by manifest.
127 silly tarball no local data for temp-dir@https://registry.npmjs.org/temp-dir/-/temp-dir-1.0.0.tgz. Extracting by manifest.
128 silly tarball no local data for teex@https://registry.npmjs.org/teex/-/teex-1.0.1.tgz. Extracting by manifest.
129 silly tarball no local data for tar-stream@https://registry.npmjs.org/tar-stream/-/tar-stream-1.6.2.tgz. Extracting by manifest.
130 silly tarball no local data for tapable@https://registry.npmjs.org/tapable/-/tapable-2.3.3.tgz. Extracting by manifest.
131 silly tarball no local data for svgo@https://registry.npmjs.org/svgo/-/svgo-2.8.3.tgz. Extracting by manifest.
132 silly tarball no local data for symbol-tree@https://registry.npmjs.org/symbol-tree/-/symbol-tree-3.2.4.tgz. Extracting by manifest.
133 silly tarball no local data for supports-color@https://registry.npmjs.org/supports-color/-/supports-color-8.1.1.tgz. Extracting by manifest.
134 silly tarball no local data for supports-preserve-symlinks-flag@https://registry.npmjs.org/supports-preserve-symlinks-flag/-/supports-preserve-symlinks-flag-1.0.0.tgz. Extracting by manifest.
135 silly tarball no local data for sver@https://registry.npmjs.org/sver/-/sver-1.8.4.tgz. Extracting by manifest.
136 silly tarball no local data for stylis@https://registry.npmjs.org/stylis/-/stylis-4.2.0.tgz. Extracting by manifest.
137 silly tarball no local data for styletron-standard@https://registry.npmjs.org/styletron-standard/-/styletron-standard-3.1.0.tgz. Extracting by manifest.
138 silly tarball no local data for styletron-react@https://registry.npmjs.org/styletron-react/-/styletron-react-6.1.1.tgz. Extracting by manifest.
139 silly tarball no local data for styled-system@https://registry.npmjs.org/styled-system/-/styled-system-5.1.5.tgz. Extracting by manifest.
140 silly tarball no local data for styled-components@https://registry.npmjs.org/styled-components/-/styled-components-6.4.4.tgz. Extracting by manifest.
141 silly tarball no local data for styletron-engine-atomic@https://registry.npmjs.org/styletron-engine-atomic/-/styletron-engine-atomic-1.6.2.tgz. Extracting by manifest.
142 silly tarball no local data for strnum@https://registry.npmjs.org/strnum/-/strnum-1.1.2.tgz. Extracting by manifest.
143 silly tarball no local data for strip-eof@https://registry.npmjs.org/strip-eof/-/strip-eof-1.0.0.tgz. Extracting by manifest.
144 silly tarball no local data for strip-final-newline@https://registry.npmjs.org/strip-final-newline/-/strip-final-newline-2.0.0.tgz. Extracting by manifest.
145 silly tarball no local data for strip-dirs@https://registry.npmjs.org/strip-dirs/-/strip-dirs-2.1.0.tgz. Extracting by manifest.
146 silly tarball no local data for strip-ansi@https://registry.npmjs.org/strip-ansi/-/strip-ansi-6.0.1.tgz. Extracting by manifest.
147 silly tarball no local data for strip-outer@https://registry.npmjs.org/strip-outer/-/strip-outer-1.0.1.tgz. Extracting by manifest.
148 silly tarball no local data for strict-uri-encode@https://registry.npmjs.org/strict-uri-encode/-/strict-uri-encode-1.1.0.tgz. Extracting by manifest.
149 silly tarball no local data for string_decoder@https://registry.npmjs.org/string_decoder/-/string_decoder-1.1.1.tgz. Extracting by manifest.
150 silly tarball no local data for string-width@https://registry.npmjs.org/string-width/-/string-width-4.2.3.tgz. Extracting by manifest.
151 silly tarball no local data for streamx@https://registry.npmjs.org/streamx/-/streamx-2.28.0.tgz. Extracting by manifest.
152 silly tarball no local data for stream-exhaust@https://registry.npmjs.org/stream-exhaust/-/stream-exhaust-1.0.2.tgz. Extracting by manifest.
153 silly tarball no local data for stream-composer@https://registry.npmjs.org/stream-composer/-/stream-composer-1.0.2.tgz. Extracting by manifest.
154 silly tarball no local data for statuses@https://registry.npmjs.org/statuses/-/statuses-2.0.2.tgz. Extracting by manifest.
155 silly tarball no local data for spdy-transport@https://registry.npmjs.org/spdy-transport/-/spdy-transport-3.0.0.tgz. Extracting by manifest.
156 silly tarball no local data for stable@https://registry.npmjs.org/stable/-/stable-0.1.8.tgz. Extracting by manifest.
157 silly tarball no local data for spawn-command@https://registry.npmjs.org/spawn-command/-/spawn-command-0.0.2.tgz. Extracting by manifest.
158 silly tarball no local data for sparkles@https://registry.npmjs.org/sparkles/-/sparkles-2.1.0.tgz. Extracting by manifest.
159 silly tarball no local data for spdy@https://registry.npmjs.org/spdy/-/spdy-4.0.2.tgz. Extracting by manifest.
160 silly tarball no local data for source-map-support@https://registry.npmjs.org/source-map-support/-/source-map-support-0.5.21.tgz. Extracting by manifest.
161 silly tarball no local data for source-map@https://registry.npmjs.org/source-map/-/source-map-0.5.7.tgz. Extracting by manifest.
162 silly tarball no local data for sort-keys-length@https://registry.npmjs.org/sort-keys-length/-/sort-keys-length-1.0.1.tgz. Extracting by manifest.
163 silly tarball no local data for sort-keys@https://registry.npmjs.org/sort-keys/-/sort-keys-1.1.2.tgz. Extracting by manifest.
164 silly tarball no local data for source-map-js@https://registry.npmjs.org/source-map-js/-/source-map-js-1.2.1.tgz. Extracting by manifest.
165 silly tarball no local data for sockjs@https://registry.npmjs.org/sockjs/-/sockjs-0.3.24.tgz. Extracting by manifest.
166 silly tarball no local data for slash@https://registry.npmjs.org/slash/-/slash-3.0.0.tgz. Extracting by manifest.
167 silly tarball no local data for signal-exit@https://registry.npmjs.org/signal-exit/-/signal-exit-3.0.7.tgz. Extracting by manifest.
168 silly tarball no local data for side-channel-weakmap@https://registry.npmjs.org/side-channel-weakmap/-/side-channel-weakmap-1.0.2.tgz. Extracting by manifest.
169 silly tarball no local data for side-channel-map@https://registry.npmjs.org/side-channel-map/-/side-channel-map-1.0.1.tgz. Extracting by manifest.
170 silly tarball no local data for side-channel-list@https://registry.npmjs.org/side-channel-list/-/side-channel-list-1.0.1.tgz. Extracting by manifest.
171 silly tarball no local data for side-channel@https://registry.npmjs.org/side-channel/-/side-channel-1.1.1.tgz. Extracting by manifest.
172 silly tarball no local data for shell-quote@https://registry.npmjs.org/shell-quote/-/shell-quote-1.10.0.tgz. Extracting by manifest.
173 silly tarball no local data for shebang-command@https://registry.npmjs.org/shebang-command/-/shebang-command-1.2.0.tgz. Extracting by manifest.
174 silly tarball no local data for shebang-regex@https://registry.npmjs.org/shebang-regex/-/shebang-regex-1.0.0.tgz. Extracting by manifest.
175 silly tarball no local data for shallowequal@https://registry.npmjs.org/shallowequal/-/shallowequal-1.1.0.tgz. Extracting by manifest.
176 silly tarball no local data for sirv@https://registry.npmjs.org/sirv/-/sirv-2.0.4.tgz. Extracting by manifest.
177 silly tarball no local data for setprototypeof@https://registry.npmjs.org/setprototypeof/-/setprototypeof-1.2.0.tgz. Extracting by manifest.
178 silly tarball no local data for shallow-clone@https://registry.npmjs.org/shallow-clone/-/shallow-clone-3.0.1.tgz. Extracting by manifest.
179 silly tarball no local data for set-function-length@https://registry.npmjs.org/set-function-length/-/set-function-length-1.2.2.tgz. Extracting by manifest.
180 silly tarball no local data for send@https://registry.npmjs.org/send/-/send-0.19.2.tgz. Extracting by manifest.
181 silly tarball no local data for serve-static@https://registry.npmjs.org/serve-static/-/serve-static-1.16.3.tgz. Extracting by manifest.
182 silly tarball no local data for serve-index@https://registry.npmjs.org/serve-index/-/serve-index-1.9.2.tgz. Extracting by manifest.
183 silly tarball no local data for serialize-javascript@https://registry.npmjs.org/serialize-javascript/-/serialize-javascript-6.0.2.tgz. Extracting by manifest.
184 silly tarball no local data for semver-truncate@https://registry.npmjs.org/semver-truncate/-/semver-truncate-1.1.2.tgz. Extracting by manifest.
185 silly tarball no local data for semver-regex@https://registry.npmjs.org/semver-regex/-/semver-regex-2.0.0.tgz. Extracting by manifest.
186 silly tarball no local data for semver@https://registry.npmjs.org/semver/-/semver-6.3.1.tgz. Extracting by manifest.
187 silly tarball no local data for semantic-ui-react@https://registry.npmjs.org/semantic-ui-react/-/semantic-ui-react-2.1.5.tgz. Extracting by manifest.
188 silly tarball no local data for semantic-ui-css@https://registry.npmjs.org/semantic-ui-css/-/semantic-ui-css-2.5.0.tgz. Extracting by manifest.
189 silly tarball no local data for semver-greatest-satisfied-range@https://registry.npmjs.org/semver-greatest-satisfied-range/-/semver-greatest-satisfied-range-2.0.0.tgz. Extracting by manifest.
190 silly tarball no local data for selfsigned@https://registry.npmjs.org/selfsigned/-/selfsigned-5.5.0.tgz. Extracting by manifest.
191 silly tarball no local data for seek-bzip@https://registry.npmjs.org/seek-bzip/-/seek-bzip-1.0.6.tgz. Extracting by manifest.
192 silly tarball no local data for schema-utils@https://registry.npmjs.org/schema-utils/-/schema-utils-4.3.3.tgz. Extracting by manifest.
193 silly tarball no local data for select-hose@https://registry.npmjs.org/select-hose/-/select-hose-2.0.0.tgz. Extracting by manifest.
194 silly tarball no local data for scheduler@https://registry.npmjs.org/scheduler/-/scheduler-0.23.2.tgz. Extracting by manifest.
195 silly tarball no local data for sax@https://registry.npmjs.org/sax/-/sax-1.6.1.tgz. Extracting by manifest.
196 silly tarball no local data for saxes@https://registry.npmjs.org/saxes/-/saxes-6.0.0.tgz. Extracting by manifest.
197 silly tarball no local data for sass-loader@https://registry.npmjs.org/sass-loader/-/sass-loader-16.0.8.tgz. Extracting by manifest.
198 silly tarball no local data for sass@https://registry.npmjs.org/sass/-/sass-1.102.0.tgz. Extracting by manifest.
199 silly tarball no local data for safer-buffer@https://registry.npmjs.org/safer-buffer/-/safer-buffer-2.1.2.tgz. Extracting by manifest.
200 silly tarball no local data for safe-buffer@https://registry.npmjs.org/safe-buffer/-/safe-buffer-5.2.1.tgz. Extracting by manifest.
201 silly tarball no local data for rxjs@https://registry.npmjs.org/rxjs/-/rxjs-7.8.2.tgz. Extracting by manifest.
202 silly tarball no local data for run-parallel@https://registry.npmjs.org/run-parallel/-/run-parallel-1.2.0.tgz. Extracting by manifest.
203 silly tarball no local data for run-applescript@https://registry.npmjs.org/run-applescript/-/run-applescript-7.1.0.tgz. Extracting by manifest.
204 silly tarball no local data for rimraf@https://registry.npmjs.org/rimraf/-/rimraf-2.7.1.tgz. Extracting by manifest.
205 silly tarball no local data for retry@https://registry.npmjs.org/retry/-/retry-0.13.1.tgz. Extracting by manifest.
206 silly tarball no local data for responselike@https://registry.npmjs.org/responselike/-/responselike-1.0.2.tgz. Extracting by manifest.
207 silly tarball no local data for resolve-options@https://registry.npmjs.org/resolve-options/-/resolve-options-2.0.0.tgz. Extracting by manifest.
208 silly tarball no local data for reusify@https://registry.npmjs.org/reusify/-/reusify-1.1.0.tgz. Extracting by manifest.
209 silly tarball no local data for resolve-from@https://registry.npmjs.org/resolve-from/-/resolve-from-4.0.0.tgz. Extracting by manifest.
210 silly tarball no local data for resolve-dir@https://registry.npmjs.org/resolve-dir/-/resolve-dir-1.0.1.tgz. Extracting by manifest.
211 silly tarball no local data for resolve-cwd@https://registry.npmjs.org/resolve-cwd/-/resolve-cwd-3.0.0.tgz. Extracting by manifest.
212 silly tarball no local data for resolve@https://registry.npmjs.org/resolve/-/resolve-1.22.12.tgz. Extracting by manifest.
213 silly tarball no local data for requires-port@https://registry.npmjs.org/requires-port/-/requires-port-1.0.0.tgz. Extracting by manifest.
214 silly tarball no local data for require-from-string@https://registry.npmjs.org/require-from-string/-/require-from-string-2.0.2.tgz. Extracting by manifest.
215 silly tarball no local data for require-directory@https://registry.npmjs.org/require-directory/-/require-directory-2.1.1.tgz. Extracting by manifest.
216 silly tarball no local data for replace-homedir@https://registry.npmjs.org/replace-homedir/-/replace-homedir-2.0.0.tgz. Extracting by manifest.
217 silly tarball no local data for renderkid@https://registry.npmjs.org/renderkid/-/renderkid-3.0.0.tgz. Extracting by manifest.
218 silly tarball no local data for replace-ext@https://registry.npmjs.org/replace-ext/-/replace-ext-1.0.1.tgz. Extracting by manifest.
219 silly tarball no local data for remove-trailing-separator@https://registry.npmjs.org/remove-trailing-separator/-/remove-trailing-separator-1.1.0.tgz. Extracting by manifest.
220 silly tarball no local data for relateurl@https://registry.npmjs.org/relateurl/-/relateurl-0.2.7.tgz. Extracting by manifest.
221 silly tarball no local data for remove-accents@https://registry.npmjs.org/remove-accents/-/remove-accents-0.5.0.tgz. Extracting by manifest.
222 silly tarball no local data for regjsgen@https://registry.npmjs.org/regjsgen/-/regjsgen-0.8.0.tgz. Extracting by manifest.
223 silly tarball no local data for regenerator-runtime@https://registry.npmjs.org/regenerator-runtime/-/regenerator-runtime-0.14.1.tgz. Extracting by manifest.
224 silly tarball no local data for regjsparser@https://registry.npmjs.org/regjsparser/-/regjsparser-0.13.2.tgz. Extracting by manifest.
225 silly tarball no local data for regexpu-core@https://registry.npmjs.org/regexpu-core/-/regexpu-core-6.4.0.tgz. Extracting by manifest.
226 silly tarball no local data for regenerate-unicode-properties@https://registry.npmjs.org/regenerate-unicode-properties/-/regenerate-unicode-properties-10.2.2.tgz. Extracting by manifest.
227 silly tarball no local data for regenerate@https://registry.npmjs.org/regenerate/-/regenerate-1.4.2.tgz. Extracting by manifest.
228 silly tarball no local data for reflect-metadata@https://registry.npmjs.org/reflect-metadata/-/reflect-metadata-0.2.2.tgz. Extracting by manifest.
229 silly tarball no local data for rechoir@https://registry.npmjs.org/rechoir/-/rechoir-0.8.0.tgz. Extracting by manifest.
230 silly tarball no local data for readdirp@https://registry.npmjs.org/readdirp/-/readdirp-3.6.0.tgz. Extracting by manifest.
231 silly tarball no local data for readable-stream@https://registry.npmjs.org/readable-stream/-/readable-stream-2.3.8.tgz. Extracting by manifest.
232 silly tarball no local data for react-side-effect@https://registry.npmjs.org/react-side-effect/-/react-side-effect-2.1.2.tgz. Extracting by manifest.
233 silly tarball no local data for react-transition-group@https://registry.npmjs.org/react-transition-group/-/react-transition-group-4.4.5.tgz. Extracting by manifest.
234 silly tarball no local data for react-query@https://registry.npmjs.org/react-query/-/react-query-3.39.3.tgz. Extracting by manifest.
235 silly tarball no local data for react-popper@https://registry.npmjs.org/react-popper/-/react-popper-2.3.0.tgz. Extracting by manifest.
236 silly tarball no local data for react-is@https://registry.npmjs.org/react-is/-/react-is-16.13.1.tgz. Extracting by manifest.
237 silly tarball no local data for react-icons@https://registry.npmjs.org/react-icons/-/react-icons-5.7.0.tgz. Extracting by manifest.
238 silly tarball no local data for react-helmet@https://registry.npmjs.org/react-helmet/-/react-helmet-6.1.0.tgz. Extracting by manifest.
239 silly tarball no local data for react-fast-compare@https://registry.npmjs.org/react-fast-compare/-/react-fast-compare-2.0.4.tgz. Extracting by manifest.
240 silly tarball no local data for react-dom@https://registry.npmjs.org/react-dom/-/react-dom-18.3.1.tgz. Extracting by manifest.
241 silly tarball no local data for react@https://registry.npmjs.org/react/-/react-18.3.1.tgz. Extracting by manifest.
242 silly tarball no local data for raw-body@https://registry.npmjs.org/raw-body/-/raw-body-2.5.3.tgz. Extracting by manifest.
243 silly tarball no local data for range-parser@https://registry.npmjs.org/range-parser/-/range-parser-1.2.1.tgz. Extracting by manifest.
244 silly tarball no local data for randombytes@https://registry.npmjs.org/randombytes/-/randombytes-2.1.0.tgz. Extracting by manifest.
245 silly tarball no local data for queue-microtask@https://registry.npmjs.org/queue-microtask/-/queue-microtask-1.2.3.tgz. Extracting by manifest.
246 silly tarball no local data for qs@https://registry.npmjs.org/qs/-/qs-6.15.3.tgz. Extracting by manifest.
247 silly tarball no local data for query-string@https://registry.npmjs.org/query-string/-/query-string-5.1.1.tgz. Extracting by manifest.
248 silly tarball no local data for pvutils@https://registry.npmjs.org/pvutils/-/pvutils-1.1.5.tgz. Extracting by manifest.
249 silly tarball no local data for pvtsutils@https://registry.npmjs.org/pvtsutils/-/pvtsutils-1.3.6.tgz. Extracting by manifest.
250 silly tarball no local data for punycode@https://registry.npmjs.org/punycode/-/punycode-2.3.1.tgz. Extracting by manifest.
251 silly tarball no local data for pump@https://registry.npmjs.org/pump/-/pump-3.0.4.tgz. Extracting by manifest.
252 silly tarball no local data for pseudomap@https://registry.npmjs.org/pseudomap/-/pseudomap-1.0.2.tgz. Extracting by manifest.
253 silly tarball no local data for proto-list@https://registry.npmjs.org/proto-list/-/proto-list-1.2.4.tgz. Extracting by manifest.
254 silly tarball no local data for proxy-addr@https://registry.npmjs.org/proxy-addr/-/proxy-addr-2.0.7.tgz. Extracting by manifest.
255 silly tarball no local data for prop-types@https://registry.npmjs.org/prop-types/-/prop-types-15.8.1.tgz. Extracting by manifest.
256 silly tarball no local data for process-nextick-args@https://registry.npmjs.org/process-nextick-args/-/process-nextick-args-2.0.1.tgz. Extracting by manifest.
257 silly tarball no local data for pretty-error@https://registry.npmjs.org/pretty-error/-/pretty-error-4.0.0.tgz. Extracting by manifest.
258 silly tarball no local data for prettier@https://registry.npmjs.org/prettier/-/prettier-3.9.6.tgz. Extracting by manifest.
259 silly tarball no local data for prepend-http@https://registry.npmjs.org/prepend-http/-/prepend-http-1.0.4.tgz. Extracting by manifest.
260 silly tarball no local data for postcss-value-parser@https://registry.npmjs.org/postcss-value-parser/-/postcss-value-parser-4.2.0.tgz. Extracting by manifest.
261 silly tarball no local data for postcss-modules-values@https://registry.npmjs.org/postcss-modules-values/-/postcss-modules-values-4.0.0.tgz. Extracting by manifest.
262 silly tarball no local data for postcss-selector-parser@https://registry.npmjs.org/postcss-selector-parser/-/postcss-selector-parser-7.1.4.tgz. Extracting by manifest.
263 silly tarball no local data for postcss-modules-scope@https://registry.npmjs.org/postcss-modules-scope/-/postcss-modules-scope-3.2.1.tgz. Extracting by manifest.
264 silly tarball no local data for postcss-modules-extract-imports@https://registry.npmjs.org/postcss-modules-extract-imports/-/postcss-modules-extract-imports-3.1.0.tgz. Extracting by manifest.
265 silly tarball no local data for postcss@https://registry.npmjs.org/postcss/-/postcss-8.5.25.tgz. Extracting by manifest.
266 silly tarball no local data for postcss-modules-local-by-default@https://registry.npmjs.org/postcss-modules-local-by-default/-/postcss-modules-local-by-default-4.2.0.tgz. Extracting by manifest.
267 silly tarball no local data for portfinder@https://registry.npmjs.org/portfinder/-/portfinder-1.0.38.tgz. Extracting by manifest.
268 silly tarball no local data for pngquant-bin@https://registry.npmjs.org/pngquant-bin/-/pngquant-bin-6.0.1.tgz. Extracting by manifest.
269 silly tarball no local data for possible-typed-array-names@https://registry.npmjs.org/possible-typed-array-names/-/possible-typed-array-names-1.1.0.tgz. Extracting by manifest.
270 silly tarball no local data for pkijs@https://registry.npmjs.org/pkijs/-/pkijs-3.4.0.tgz. Extracting by manifest.
271 silly tarball no local data for pirates@https://registry.npmjs.org/pirates/-/pirates-4.0.7.tgz. Extracting by manifest.
272 silly tarball no local data for pkg-dir@https://registry.npmjs.org/pkg-dir/-/pkg-dir-7.0.0.tgz. Extracting by manifest.
273 silly tarball no local data for pinkie@https://registry.npmjs.org/pinkie/-/pinkie-2.0.4.tgz. Extracting by manifest.
274 silly tarball no local data for pify@https://registry.npmjs.org/pify/-/pify-4.0.1.tgz. Extracting by manifest.
275 silly tarball no local data for pinkie-promise@https://registry.npmjs.org/pinkie-promise/-/pinkie-promise-2.0.1.tgz. Extracting by manifest.
276 silly tarball no local data for picomatch@https://registry.npmjs.org/picomatch/-/picomatch-4.0.5.tgz. Extracting by manifest.
277 silly tarball no local data for pend@https://registry.npmjs.org/pend/-/pend-1.2.0.tgz. Extracting by manifest.
278 silly tarball no local data for path-type@https://registry.npmjs.org/path-type/-/path-type-4.0.0.tgz. Extracting by manifest.
279 silly tarball no local data for path-to-regexp@https://registry.npmjs.org/path-to-regexp/-/path-to-regexp-0.1.13.tgz. Extracting by manifest.
280 silly tarball no local data for picocolors@https://registry.npmjs.org/picocolors/-/picocolors-1.1.1.tgz. Extracting by manifest.
281 silly tarball no local data for path-root@https://registry.npmjs.org/path-root/-/path-root-0.1.1.tgz. Extracting by manifest.
282 silly tarball no local data for path-root-regex@https://registry.npmjs.org/path-root-regex/-/path-root-regex-0.1.2.tgz. Extracting by manifest.
283 silly tarball no local data for path-parse@https://registry.npmjs.org/path-parse/-/path-parse-1.0.7.tgz. Extracting by manifest.
284 silly tarball no local data for path-key@https://registry.npmjs.org/path-key/-/path-key-2.0.1.tgz. Extracting by manifest.
285 silly tarball no local data for path-is-absolute@https://registry.npmjs.org/path-is-absolute/-/path-is-absolute-1.0.1.tgz. Extracting by manifest.
286 silly tarball no local data for path-is-inside@https://registry.npmjs.org/path-is-inside/-/path-is-inside-1.0.2.tgz. Extracting by manifest.
287 silly tarball no local data for path-exists@https://registry.npmjs.org/path-exists/-/path-exists-5.0.0.tgz. Extracting by manifest.
288 silly tarball no local data for pascal-case@https://registry.npmjs.org/pascal-case/-/pascal-case-3.1.2.tgz. Extracting by manifest.
289 silly tarball no local data for parseurl@https://registry.npmjs.org/parseurl/-/parseurl-1.3.3.tgz. Extracting by manifest.
290 silly tarball no local data for parse5@https://registry.npmjs.org/parse5/-/parse5-8.0.1.tgz. Extracting by manifest.
291 silly tarball no local data for parse-passwd@https://registry.npmjs.org/parse-passwd/-/parse-passwd-1.0.0.tgz. Extracting by manifest.
292 silly tarball no local data for parse-json@https://registry.npmjs.org/parse-json/-/parse-json-5.2.0.tgz. Extracting by manifest.
293 silly tarball no local data for param-case@https://registry.npmjs.org/param-case/-/param-case-3.0.4.tgz. Extracting by manifest.
294 silly tarball no local data for parent-module@https://registry.npmjs.org/parent-module/-/parent-module-1.0.1.tgz. Extracting by manifest.
295 silly tarball no local data for parse-filepath@https://registry.npmjs.org/parse-filepath/-/parse-filepath-1.0.2.tgz. Extracting by manifest.
296 silly tarball no local data for p-retry@https://registry.npmjs.org/p-retry/-/p-retry-6.2.1.tgz. Extracting by manifest.
297 silly tarball no local data for p-try@https://registry.npmjs.org/p-try/-/p-try-2.2.0.tgz. Extracting by manifest.
298 silly tarball no local data for p-timeout@https://registry.npmjs.org/p-timeout/-/p-timeout-1.2.1.tgz. Extracting by manifest.
299 silly tarball no local data for p-reduce@https://registry.npmjs.org/p-reduce/-/p-reduce-1.0.0.tgz. Extracting by manifest.
300 silly tarball no local data for p-pipe@https://registry.npmjs.org/p-pipe/-/p-pipe-3.1.0.tgz. Extracting by manifest.
301 silly tarball no local data for p-map-series@https://registry.npmjs.org/p-map-series/-/p-map-series-1.0.0.tgz. Extracting by manifest.
302 silly tarball no local data for p-map@https://registry.npmjs.org/p-map/-/p-map-2.1.0.tgz. Extracting by manifest.
303 silly tarball no local data for p-limit@https://registry.npmjs.org/p-limit/-/p-limit-4.0.0.tgz. Extracting by manifest.
304 silly tarball no local data for p-is-promise@https://registry.npmjs.org/p-is-promise/-/p-is-promise-1.1.0.tgz. Extracting by manifest.
305 silly tarball no local data for p-locate@https://registry.npmjs.org/p-locate/-/p-locate-6.0.0.tgz. Extracting by manifest.
306 silly tarball no local data for p-finally@https://registry.npmjs.org/p-finally/-/p-finally-1.0.0.tgz. Extracting by manifest.
307 silly tarball no local data for p-event@https://registry.npmjs.org/p-event/-/p-event-1.3.0.tgz. Extracting by manifest.
308 silly tarball no local data for p-cancelable@https://registry.npmjs.org/p-cancelable/-/p-cancelable-0.3.0.tgz. Extracting by manifest.
309 silly tarball no local data for ow@https://registry.npmjs.org/ow/-/ow-0.17.0.tgz. Extracting by manifest.
310 silly tarball no local data for os-filter-obj@https://registry.npmjs.org/os-filter-obj/-/os-filter-obj-2.0.0.tgz. Extracting by manifest.
311 silly tarball no local data for optipng-bin@https://registry.npmjs.org/optipng-bin/-/optipng-bin-7.0.1.tgz. Extracting by manifest.
312 silly tarball no local data for opener@https://registry.npmjs.org/opener/-/opener-1.5.2.tgz. Extracting by manifest.
313 silly tarball no local data for open@https://registry.npmjs.org/open/-/open-10.2.0.tgz. Extracting by manifest.
314 silly tarball no local data for onetime@https://registry.npmjs.org/onetime/-/onetime-5.1.2.tgz. Extracting by manifest.
315 silly tarball no local data for once@https://registry.npmjs.org/once/-/once-1.4.0.tgz. Extracting by manifest.
316 silly tarball no local data for on-headers@https://registry.npmjs.org/on-headers/-/on-headers-1.1.0.tgz. Extracting by manifest.
317 silly tarball no local data for on-finished@https://registry.npmjs.org/on-finished/-/on-finished-2.4.1.tgz. Extracting by manifest.
318 silly tarball no local data for oblivious-set@https://registry.npmjs.org/oblivious-set/-/oblivious-set-1.0.0.tgz. Extracting by manifest.
319 silly tarball no local data for object.pick@https://registry.npmjs.org/object.pick/-/object.pick-1.3.0.tgz. Extracting by manifest.
320 silly tarball no local data for object.defaults@https://registry.npmjs.org/object.defaults/-/object.defaults-1.1.0.tgz. Extracting by manifest.
321 silly tarball no local data for object-inspect@https://registry.npmjs.org/object-inspect/-/object-inspect-1.13.4.tgz. Extracting by manifest.
322 silly tarball no local data for object-assign@https://registry.npmjs.org/object-assign/-/object-assign-4.1.1.tgz. Extracting by manifest.
323 silly tarball no local data for obuf@https://registry.npmjs.org/obuf/-/obuf-1.1.2.tgz. Extracting by manifest.
324 silly tarball no local data for nth-check@https://registry.npmjs.org/nth-check/-/nth-check-2.1.1.tgz. Extracting by manifest.
325 silly tarball no local data for npm-run-path@https://registry.npmjs.org/npm-run-path/-/npm-run-path-2.0.2.tgz. Extracting by manifest.
326 silly tarball no local data for now-and-later@https://registry.npmjs.org/now-and-later/-/now-and-later-3.0.0.tgz. Extracting by manifest.
327 silly tarball no local data for normalize-url@https://registry.npmjs.org/normalize-url/-/normalize-url-2.0.1.tgz. Extracting by manifest.
328 silly tarball no local data for normalize-path@https://registry.npmjs.org/normalize-path/-/normalize-path-3.0.0.tgz. Extracting by manifest.
329 silly tarball no local data for npm-conf@https://registry.npmjs.org/npm-conf/-/npm-conf-1.1.3.tgz. Extracting by manifest.
330 silly tarball no local data for node-addon-api@https://registry.npmjs.org/node-addon-api/-/node-addon-api-7.1.1.tgz. Extracting by manifest.
331 silly tarball no local data for node-releases@https://registry.npmjs.org/node-releases/-/node-releases-2.0.51.tgz. Extracting by manifest.
332 silly tarball no local data for no-case@https://registry.npmjs.org/no-case/-/no-case-3.0.4.tgz. Extracting by manifest.
333 silly tarball no local data for nice-try@https://registry.npmjs.org/nice-try/-/nice-try-1.0.5.tgz. Extracting by manifest.
334 silly tarball no local data for neo-async@https://registry.npmjs.org/neo-async/-/neo-async-2.6.2.tgz. Extracting by manifest.
335 silly tarball no local data for nanoid@https://registry.npmjs.org/nanoid/-/nanoid-3.3.17.tgz. Extracting by manifest.
336 silly tarball no local data for nano-time@https://registry.npmjs.org/nano-time/-/nano-time-1.0.0.tgz. Extracting by manifest.
337 silly tarball no local data for negotiator@https://registry.npmjs.org/negotiator/-/negotiator-0.6.3.tgz. Extracting by manifest.
338 silly tarball no local data for multicast-dns@https://registry.npmjs.org/multicast-dns/-/multicast-dns-7.2.5.tgz. Extracting by manifest.
339 silly tarball no local data for mute-stdout@https://registry.npmjs.org/mute-stdout/-/mute-stdout-2.0.0.tgz. Extracting by manifest.
340 silly tarball no local data for ms@https://registry.npmjs.org/ms/-/ms-2.1.3.tgz. Extracting by manifest.
341 silly tarball no local data for mrmime@https://registry.npmjs.org/mrmime/-/mrmime-2.0.1.tgz. Extracting by manifest.
342 silly tarball no local data for mozjpeg@https://registry.npmjs.org/mozjpeg/-/mozjpeg-7.1.1.tgz. Extracting by manifest.
343 silly tarball no local data for moment@https://registry.npmjs.org/moment/-/moment-2.30.1.tgz. Extracting by manifest.
344 silly tarball no local data for minimizer-webpack-plugin@https://registry.npmjs.org/minimizer-webpack-plugin/-/minimizer-webpack-plugin-5.6.1.tgz. Extracting by manifest.
345 silly tarball no local data for minimatch@https://registry.npmjs.org/minimatch/-/minimatch-3.1.5.tgz. Extracting by manifest.
346 silly tarball no local data for mini-css-extract-plugin@https://registry.npmjs.org/mini-css-extract-plugin/-/mini-css-extract-plugin-2.10.2.tgz. Extracting by manifest.
347 silly tarball no local data for minimalistic-assert@https://registry.npmjs.org/minimalistic-assert/-/minimalistic-assert-1.0.1.tgz. Extracting by manifest.
348 silly tarball no local data for mimic-response@https://registry.npmjs.org/mimic-response/-/mimic-response-1.0.1.tgz. Extracting by manifest.
349 silly tarball no local data for mimic-fn@https://registry.npmjs.org/mimic-fn/-/mimic-fn-2.1.0.tgz. Extracting by manifest.
350 silly tarball no local data for mime-db@https://registry.npmjs.org/mime-db/-/mime-db-1.54.0.tgz. Extracting by manifest.
351 silly tarball no local data for mime-types@https://registry.npmjs.org/mime-types/-/mime-types-2.1.35.tgz. Extracting by manifest.
352 silly tarball no local data for mime@https://registry.npmjs.org/mime/-/mime-1.6.0.tgz. Extracting by manifest.
353 silly tarball no local data for microseconds@https://registry.npmjs.org/microseconds/-/microseconds-0.2.0.tgz. Extracting by manifest.
354 silly tarball no local data for micromatch@https://registry.npmjs.org/micromatch/-/micromatch-4.0.8.tgz. Extracting by manifest.
355 silly tarball no local data for merge2@https://registry.npmjs.org/merge2/-/merge2-1.4.1.tgz. Extracting by manifest.
356 silly tarball no local data for methods@https://registry.npmjs.org/methods/-/methods-1.1.2.tgz. Extracting by manifest.
357 silly tarball no local data for merge-stream@https://registry.npmjs.org/merge-stream/-/merge-stream-2.0.0.tgz. Extracting by manifest.
358 silly tarball no local data for merge-descriptors@https://registry.npmjs.org/merge-descriptors/-/merge-descriptors-1.0.3.tgz. Extracting by manifest.
359 silly tarball no local data for memfs@https://registry.npmjs.org/memfs/-/memfs-4.65.0.tgz. Extracting by manifest.
360 silly tarball no local data for media-typer@https://registry.npmjs.org/media-typer/-/media-typer-0.3.0.tgz. Extracting by manifest.
361 silly tarball no local data for mdn-data@https://registry.npmjs.org/mdn-data/-/mdn-data-2.0.14.tgz. Extracting by manifest.
362 silly tarball no local data for math-intrinsics@https://registry.npmjs.org/math-intrinsics/-/math-intrinsics-1.1.0.tgz. Extracting by manifest.
363 silly tarball no local data for map-cache@https://registry.npmjs.org/map-cache/-/map-cache-0.2.2.tgz. Extracting by manifest.
364 silly tarball no local data for make-dir@https://registry.npmjs.org/make-dir/-/make-dir-3.1.0.tgz. Extracting by manifest.
365 silly tarball no local data for match-sorter@https://registry.npmjs.org/match-sorter/-/match-sorter-6.3.4.tgz. Extracting by manifest.
366 silly tarball no local data for lru-cache@https://registry.npmjs.org/lru-cache/-/lru-cache-5.1.1.tgz. Extracting by manifest.
367 silly tarball no local data for lower-case@https://registry.npmjs.org/lower-case/-/lower-case-2.0.2.tgz. Extracting by manifest.
368 silly tarball no local data for lowercase-keys@https://registry.npmjs.org/lowercase-keys/-/lowercase-keys-1.0.1.tgz. Extracting by manifest.
369 silly tarball no local data for loose-envify@https://registry.npmjs.org/loose-envify/-/loose-envify-1.4.0.tgz. Extracting by manifest.
370 silly tarball no local data for lodash.debounce@https://registry.npmjs.org/lodash.debounce/-/lodash.debounce-4.0.8.tgz. Extracting by manifest.
371 silly tarball no local data for lodash@https://registry.npmjs.org/lodash/-/lodash-4.18.1.tgz. Extracting by manifest.
372 silly tarball no local data for loader-utils@https://registry.npmjs.org/loader-utils/-/loader-utils-2.0.4.tgz. Extracting by manifest.
373 silly tarball no local data for lodash-es@https://registry.npmjs.org/lodash-es/-/lodash-es-4.18.1.tgz. Extracting by manifest.
374 silly tarball no local data for lines-and-columns@https://registry.npmjs.org/lines-and-columns/-/lines-and-columns-1.2.4.tgz. Extracting by manifest.
375 silly tarball no local data for locate-path@https://registry.npmjs.org/locate-path/-/locate-path-7.2.0.tgz. Extracting by manifest.
376 silly tarball no local data for liftoff@https://registry.npmjs.org/liftoff/-/liftoff-5.0.1.tgz. Extracting by manifest.
377 silly tarball no local data for lead@https://registry.npmjs.org/lead/-/lead-4.0.0.tgz. Extracting by manifest.
378 silly tarball no local data for launch-editor@https://registry.npmjs.org/launch-editor/-/launch-editor-2.14.1.tgz. Extracting by manifest.
379 silly tarball no local data for kind-of@https://registry.npmjs.org/kind-of/-/kind-of-6.0.3.tgz. Extracting by manifest.
380 silly tarball no local data for keyv@https://registry.npmjs.org/keyv/-/keyv-3.0.0.tgz. Extracting by manifest.
381 silly tarball no local data for last-run@https://registry.npmjs.org/last-run/-/last-run-2.0.0.tgz. Extracting by manifest.
382 silly tarball no local data for keyboard-key@https://registry.npmjs.org/keyboard-key/-/keyboard-key-1.1.0.tgz. Extracting by manifest.
383 silly tarball no local data for json5@https://registry.npmjs.org/json5/-/json5-2.2.3.tgz. Extracting by manifest.
384 silly tarball no local data for junk@https://registry.npmjs.org/junk/-/junk-3.1.0.tgz. Extracting by manifest.
385 silly tarball no local data for json-schema-traverse@https://registry.npmjs.org/json-schema-traverse/-/json-schema-traverse-1.0.0.tgz. Extracting by manifest.
386 silly tarball no local data for json-parse-even-better-errors@https://registry.npmjs.org/json-parse-even-better-errors/-/json-parse-even-better-errors-2.3.1.tgz. Extracting by manifest.
387 silly tarball no local data for jsesc@https://registry.npmjs.org/jsesc/-/jsesc-3.1.0.tgz. Extracting by manifest.
388 silly tarball no local data for json-buffer@https://registry.npmjs.org/json-buffer/-/json-buffer-3.0.0.tgz. Extracting by manifest.
389 silly tarball no local data for jsdom@https://registry.npmjs.org/jsdom/-/jsdom-29.1.1.tgz. Extracting by manifest.
390 silly tarball no local data for js-tokens@https://registry.npmjs.org/js-tokens/-/js-tokens-4.0.0.tgz. Extracting by manifest.
391 silly tarball no local data for js-sha3@https://registry.npmjs.org/js-sha3/-/js-sha3-0.8.0.tgz. Extracting by manifest.
392 silly tarball no local data for jquery@https://registry.npmjs.org/jquery/-/jquery-4.0.0.tgz. Extracting by manifest.
393 silly tarball no local data for jest-worker@https://registry.npmjs.org/jest-worker/-/jest-worker-27.5.1.tgz. Extracting by manifest.
394 silly tarball no local data for ityped@https://registry.npmjs.org/ityped/-/ityped-1.0.3.tgz. Extracting by manifest.
395 silly tarball no local data for isobject@https://registry.npmjs.org/isobject/-/isobject-3.0.1.tgz. Extracting by manifest.
396 silly tarball no local data for isurl@https://registry.npmjs.org/isurl/-/isurl-1.0.0.tgz. Extracting by manifest.
397 silly tarball no local data for isexe@https://registry.npmjs.org/isexe/-/isexe-2.0.0.tgz. Extracting by manifest.
398 silly tarball no local data for isarray@https://registry.npmjs.org/isarray/-/isarray-1.0.0.tgz. Extracting by manifest.
399 silly tarball no local data for is-wsl@https://registry.npmjs.org/is-wsl/-/is-wsl-3.1.1.tgz. Extracting by manifest.
400 silly tarball no local data for is-windows@https://registry.npmjs.org/is-windows/-/is-windows-1.0.2.tgz. Extracting by manifest.
401 silly tarball no local data for is-unc-path@https://registry.npmjs.org/is-unc-path/-/is-unc-path-1.0.0.tgz. Extracting by manifest.
402 silly tarball no local data for is-typed-array@https://registry.npmjs.org/is-typed-array/-/is-typed-array-1.1.15.tgz. Extracting by manifest.
403 silly tarball no local data for is-valid-glob@https://registry.npmjs.org/is-valid-glob/-/is-valid-glob-1.0.0.tgz. Extracting by manifest.
404 silly tarball no local data for is-retry-allowed@https://registry.npmjs.org/is-retry-allowed/-/is-retry-allowed-1.2.0.tgz. Extracting by manifest.
405 silly tarball no local data for is-svg@https://registry.npmjs.org/is-svg/-/is-svg-4.4.0.tgz. Extracting by manifest.
406 silly tarball no local data for is-stream@https://registry.npmjs.org/is-stream/-/is-stream-1.1.0.tgz. Extracting by manifest.
407 silly tarball no local data for is-relative@https://registry.npmjs.org/is-relative/-/is-relative-1.0.0.tgz. Extracting by manifest.
408 silly tarball no local data for is-potential-custom-element-name@https://registry.npmjs.org/is-potential-custom-element-name/-/is-potential-custom-element-name-1.0.1.tgz. Extracting by manifest.
409 silly tarball no local data for is-png@https://registry.npmjs.org/is-png/-/is-png-2.0.0.tgz. Extracting by manifest.
410 silly tarball no local data for is-plain-object@https://registry.npmjs.org/is-plain-object/-/is-plain-object-5.0.0.tgz. Extracting by manifest.
411 silly tarball no local data for is-plain-obj@https://registry.npmjs.org/is-plain-obj/-/is-plain-obj-1.1.0.tgz. Extracting by manifest.
412 silly tarball no local data for is-path-in-cwd@https://registry.npmjs.org/is-path-in-cwd/-/is-path-in-cwd-2.1.0.tgz. Extracting by manifest.
413 silly tarball no local data for is-path-inside@https://registry.npmjs.org/is-path-inside/-/is-path-inside-2.1.0.tgz. Extracting by manifest.
414 silly tarball no local data for is-path-cwd@https://registry.npmjs.org/is-path-cwd/-/is-path-cwd-2.2.0.tgz. Extracting by manifest.
415 silly tarball no local data for is-object@https://registry.npmjs.org/is-object/-/is-object-1.0.2.tgz. Extracting by manifest.
416 silly tarball no local data for is-number@https://registry.npmjs.org/is-number/-/is-number-7.0.0.tgz. Extracting by manifest.
417 silly tarball no local data for is-network-error@https://registry.npmjs.org/is-network-error/-/is-network-error-1.3.2.tgz. Extracting by manifest.
418 silly tarball no local data for is-negated-glob@https://registry.npmjs.org/is-negated-glob/-/is-negated-glob-1.0.0.tgz. Extracting by manifest.
419 silly tarball no local data for is-jpg@https://registry.npmjs.org/is-jpg/-/is-jpg-2.0.0.tgz. Extracting by manifest.
420 silly tarball no local data for is-natural-number@https://registry.npmjs.org/is-natural-number/-/is-natural-number-4.0.1.tgz. Extracting by manifest.
421 silly tarball no local data for is-inside-container@https://registry.npmjs.org/is-inside-container/-/is-inside-container-1.0.0.tgz. Extracting by manifest.
422 silly tarball no local data for is-glob@https://registry.npmjs.org/is-glob/-/is-glob-4.0.3.tgz. Extracting by manifest.
423 silly tarball no local data for is-gif@https://registry.npmjs.org/is-gif/-/is-gif-3.0.0.tgz. Extracting by manifest.
424 silly tarball no local data for is-fullwidth-code-point@https://registry.npmjs.org/is-fullwidth-code-point/-/is-fullwidth-code-point-3.0.0.tgz. Extracting by manifest.
425 silly tarball no local data for is-cwebp-readable@https://registry.npmjs.org/is-cwebp-readable/-/is-cwebp-readable-3.0.0.tgz. Extracting by manifest.
426 silly tarball no local data for is-docker@https://registry.npmjs.org/is-docker/-/is-docker-3.0.0.tgz. Extracting by manifest.
427 silly tarball no local data for is-extglob@https://registry.npmjs.org/is-extglob/-/is-extglob-2.1.1.tgz. Extracting by manifest.
428 silly tarball no local data for is-core-module@https://registry.npmjs.org/is-core-module/-/is-core-module-2.16.2.tgz. Extracting by manifest.
429 silly tarball no local data for is-binary-path@https://registry.npmjs.org/is-binary-path/-/is-binary-path-2.1.0.tgz. Extracting by manifest.
430 silly tarball no local data for is-callable@https://registry.npmjs.org/is-callable/-/is-callable-1.2.7.tgz. Extracting by manifest.
431 silly tarball no local data for is-arrayish@https://registry.npmjs.org/is-arrayish/-/is-arrayish-0.2.1.tgz. Extracting by manifest.
432 silly tarball no local data for is-absolute@https://registry.npmjs.org/is-absolute/-/is-absolute-1.0.0.tgz. Extracting by manifest.
433 silly tarball no local data for ipaddr.js@https://registry.npmjs.org/ipaddr.js/-/ipaddr.js-1.9.1.tgz. Extracting by manifest.
434 silly tarball no local data for interpret@https://registry.npmjs.org/interpret/-/interpret-3.1.1.tgz. Extracting by manifest.
435 silly tarball no local data for into-stream@https://registry.npmjs.org/into-stream/-/into-stream-3.1.0.tgz. Extracting by manifest.
436 silly tarball no local data for inline-style-prefixer@https://registry.npmjs.org/inline-style-prefixer/-/inline-style-prefixer-5.1.2.tgz. Extracting by manifest.
437 silly tarball no local data for inherits@https://registry.npmjs.org/inherits/-/inherits-2.0.4.tgz. Extracting by manifest.
438 silly tarball no local data for inflight@https://registry.npmjs.org/inflight/-/inflight-1.0.6.tgz. Extracting by manifest.
439 silly tarball no local data for ini@https://registry.npmjs.org/ini/-/ini-1.3.8.tgz. Extracting by manifest.
440 silly tarball no local data for import-local@https://registry.npmjs.org/import-local/-/import-local-3.2.0.tgz. Extracting by manifest.
441 silly tarball no local data for import-fresh@https://registry.npmjs.org/import-fresh/-/import-fresh-3.3.1.tgz. Extracting by manifest.
442 silly tarball no local data for import-lazy@https://registry.npmjs.org/import-lazy/-/import-lazy-3.1.0.tgz. Extracting by manifest.
443 silly tarball no local data for immutable@https://registry.npmjs.org/immutable/-/immutable-5.1.9.tgz. Extracting by manifest.
444 silly tarball no local data for imagemin-webp@https://registry.npmjs.org/imagemin-webp/-/imagemin-webp-7.0.0.tgz. Extracting by manifest.
445 silly tarball no local data for imagemin-svgo@https://registry.npmjs.org/imagemin-svgo/-/imagemin-svgo-9.0.0.tgz. Extracting by manifest.
446 silly tarball no local data for imagemin-pngquant@https://registry.npmjs.org/imagemin-pngquant/-/imagemin-pngquant-9.0.2.tgz. Extracting by manifest.
447 silly tarball no local data for imagemin-optipng@https://registry.npmjs.org/imagemin-optipng/-/imagemin-optipng-8.0.0.tgz. Extracting by manifest.
448 silly tarball no local data for imagemin-mozjpeg@https://registry.npmjs.org/imagemin-mozjpeg/-/imagemin-mozjpeg-9.0.0.tgz. Extracting by manifest.
449 silly tarball no local data for imagemin-gifsicle@https://registry.npmjs.org/imagemin-gifsicle/-/imagemin-gifsicle-7.0.0.tgz. Extracting by manifest.
450 silly tarball no local data for image-webpack-loader@https://registry.npmjs.org/image-webpack-loader/-/image-webpack-loader-8.1.0.tgz. Extracting by manifest.
451 silly tarball no local data for imagemin@https://registry.npmjs.org/imagemin/-/imagemin-7.0.1.tgz. Extracting by manifest.
452 silly tarball no local data for image-minimizer-webpack-plugin@https://registry.npmjs.org/image-minimizer-webpack-plugin/-/image-minimizer-webpack-plugin-4.1.4.tgz. Extracting by manifest.
453 silly tarball no local data for ignore@https://registry.npmjs.org/ignore/-/ignore-5.3.2.tgz. Extracting by manifest.
454 silly tarball no local data for icss-utils@https://registry.npmjs.org/icss-utils/-/icss-utils-5.1.0.tgz. Extracting by manifest.
455 silly tarball no local data for ieee754@https://registry.npmjs.org/ieee754/-/ieee754-1.2.1.tgz. Extracting by manifest.
456 silly tarball no local data for hyphenate-style-name@https://registry.npmjs.org/hyphenate-style-name/-/hyphenate-style-name-1.1.0.tgz. Extracting by manifest.
457 silly tarball no local data for iconv-lite@https://registry.npmjs.org/iconv-lite/-/iconv-lite-0.4.24.tgz. Extracting by manifest.
458 silly tarball no local data for hyperdyperid@https://registry.npmjs.org/hyperdyperid/-/hyperdyperid-1.2.0.tgz. Extracting by manifest.
459 silly tarball no local data for human-signals@https://registry.npmjs.org/human-signals/-/human-signals-2.1.0.tgz. Extracting by manifest.
460 silly tarball no local data for http-proxy@https://registry.npmjs.org/http-proxy/-/http-proxy-1.18.1.tgz. Extracting by manifest.
461 silly tarball no local data for http-proxy-middleware@https://registry.npmjs.org/http-proxy-middleware/-/http-proxy-middleware-3.0.7.tgz. Extracting by manifest.
462 silly tarball no local data for http-errors@https://registry.npmjs.org/http-errors/-/http-errors-2.0.1.tgz. Extracting by manifest.
463 silly tarball no local data for http-deceiver@https://registry.npmjs.org/http-deceiver/-/http-deceiver-1.2.7.tgz. Extracting by manifest.
464 silly tarball no local data for http-parser-js@https://registry.npmjs.org/http-parser-js/-/http-parser-js-0.5.10.tgz. Extracting by manifest.
465 silly tarball no local data for http-cache-semantics@https://registry.npmjs.org/http-cache-semantics/-/http-cache-semantics-3.8.1.tgz. Extracting by manifest.
466 silly tarball no local data for htmlparser2@https://registry.npmjs.org/htmlparser2/-/htmlparser2-6.1.0.tgz. Extracting by manifest.
467 silly tarball no local data for html-webpack-plugin@https://registry.npmjs.org/html-webpack-plugin/-/html-webpack-plugin-5.6.8.tgz. Extracting by manifest.
468 silly tarball no local data for html-minifier-terser@https://registry.npmjs.org/html-minifier-terser/-/html-minifier-terser-6.1.0.tgz. Extracting by manifest.
469 silly tarball no local data for html-escaper@https://registry.npmjs.org/html-escaper/-/html-escaper-2.0.2.tgz. Extracting by manifest.
470 silly tarball no local data for html-encoding-sniffer@https://registry.npmjs.org/html-encoding-sniffer/-/html-encoding-sniffer-6.0.0.tgz. Extracting by manifest.
471 silly tarball no local data for hpack.js@https://registry.npmjs.org/hpack.js/-/hpack.js-2.1.6.tgz. Extracting by manifest.
472 silly tarball no local data for homedir-polyfill@https://registry.npmjs.org/homedir-polyfill/-/homedir-polyfill-1.0.3.tgz. Extracting by manifest.
473 silly tarball no local data for hoist-non-react-statics@https://registry.npmjs.org/hoist-non-react-statics/-/hoist-non-react-statics-3.3.2.tgz. Extracting by manifest.
474 silly tarball no local data for he@https://registry.npmjs.org/he/-/he-1.2.0.tgz. Extracting by manifest.
475 silly tarball no local data for hasown@https://registry.npmjs.org/hasown/-/hasown-2.0.4.tgz. Extracting by manifest.
476 silly tarball no local data for has-tostringtag@https://registry.npmjs.org/has-tostringtag/-/has-tostringtag-1.0.2.tgz. Extracting by manifest.
477 silly tarball no local data for has-symbols@https://registry.npmjs.org/has-symbols/-/has-symbols-1.1.0.tgz. Extracting by manifest.
478 silly tarball no local data for has-to-string-tag-x@https://registry.npmjs.org/has-to-string-tag-x/-/has-to-string-tag-x-1.4.1.tgz. Extracting by manifest.
479 silly tarball no local data for has-symbol-support-x@https://registry.npmjs.org/has-symbol-support-x/-/has-symbol-support-x-1.4.2.tgz. Extracting by manifest.
480 silly tarball no local data for has-flag@https://registry.npmjs.org/has-flag/-/has-flag-4.0.0.tgz. Extracting by manifest.
481 silly tarball no local data for has-property-descriptors@https://registry.npmjs.org/has-property-descriptors/-/has-property-descriptors-1.0.2.tgz. Extracting by manifest.
482 silly tarball no local data for handle-thing@https://registry.npmjs.org/handle-thing/-/handle-thing-2.0.1.tgz. Extracting by manifest.
483 silly tarball no local data for gulplog@https://registry.npmjs.org/gulplog/-/gulplog-2.2.0.tgz. Extracting by manifest.
484 silly tarball no local data for gzip-size@https://registry.npmjs.org/gzip-size/-/gzip-size-6.0.0.tgz. Extracting by manifest.
485 silly tarball no local data for gulp-cli@https://registry.npmjs.org/gulp-cli/-/gulp-cli-3.1.0.tgz. Extracting by manifest.
486 silly tarball no local data for graphql@https://registry.npmjs.org/graphql/-/graphql-16.14.2.tgz. Extracting by manifest.
487 silly tarball no local data for gulp@https://registry.npmjs.org/gulp/-/gulp-5.0.1.tgz. Extracting by manifest.
488 silly tarball no local data for graceful-fs@https://registry.npmjs.org/graceful-fs/-/graceful-fs-4.2.11.tgz. Extracting by manifest.
489 silly tarball no local data for got@https://registry.npmjs.org/got/-/got-7.1.0.tgz. Extracting by manifest.
490 silly tarball no local data for glogg@https://registry.npmjs.org/glogg/-/glogg-2.2.0.tgz. Extracting by manifest.
491 silly tarball no local data for gopd@https://registry.npmjs.org/gopd/-/gopd-1.2.0.tgz. Extracting by manifest.
492 silly tarball no local data for globby@https://registry.npmjs.org/globby/-/globby-6.1.0.tgz. Extracting by manifest.
493 silly tarball no local data for global-prefix@https://registry.npmjs.org/global-prefix/-/global-prefix-1.0.2.tgz. Extracting by manifest.
494 silly tarball no local data for global-modules@https://registry.npmjs.org/global-modules/-/global-modules-1.0.0.tgz. Extracting by manifest.
495 silly tarball no local data for glob-to-regex.js@https://registry.npmjs.org/glob-to-regex.js/-/glob-to-regex.js-1.2.0.tgz. Extracting by manifest.
496 silly tarball no local data for glob-watcher@https://registry.npmjs.org/glob-watcher/-/glob-watcher-6.0.0.tgz. Extracting by manifest.
497 silly tarball no local data for glob@https://registry.npmjs.org/glob/-/glob-7.2.3.tgz. Extracting by manifest.
498 silly tarball no local data for glob-parent@https://registry.npmjs.org/glob-parent/-/glob-parent-5.1.2.tgz. Extracting by manifest.
499 silly tarball no local data for glob-stream@https://registry.npmjs.org/glob-stream/-/glob-stream-8.0.3.tgz. Extracting by manifest.
500 silly tarball no local data for gifsicle@https://registry.npmjs.org/gifsicle/-/gifsicle-5.3.0.tgz. Extracting by manifest.
501 silly tarball no local data for get-stream@https://registry.npmjs.org/get-stream/-/get-stream-4.1.0.tgz. Extracting by manifest.
502 silly tarball no local data for get-proxy@https://registry.npmjs.org/get-proxy/-/get-proxy-2.1.0.tgz. Extracting by manifest.
503 silly tarball no local data for get-intrinsic@https://registry.npmjs.org/get-intrinsic/-/get-intrinsic-1.3.0.tgz. Extracting by manifest.
504 silly tarball no local data for get-caller-file@https://registry.npmjs.org/get-caller-file/-/get-caller-file-2.0.5.tgz. Extracting by manifest.
505 silly tarball no local data for gensync@https://registry.npmjs.org/gensync/-/gensync-1.0.0-beta.2.tgz. Extracting by manifest.
506 silly tarball no local data for function-bind@https://registry.npmjs.org/function-bind/-/function-bind-1.1.2.tgz. Extracting by manifest.
507 silly tarball no local data for fs.realpath@https://registry.npmjs.org/fs.realpath/-/fs.realpath-1.0.0.tgz. Extracting by manifest.
508 silly tarball no local data for fsevents@https://registry.npmjs.org/fsevents/-/fsevents-2.3.3.tgz. Extracting by manifest.
509 silly tarball no local data for fs-mkdirp-stream@https://registry.npmjs.org/fs-mkdirp-stream/-/fs-mkdirp-stream-2.0.1.tgz. Extracting by manifest.
510 silly tarball no local data for fs-constants@https://registry.npmjs.org/fs-constants/-/fs-constants-1.0.0.tgz. Extracting by manifest.
511 silly tarball no local data for from2@https://registry.npmjs.org/from2/-/from2-2.3.0.tgz. Extracting by manifest.
512 silly tarball no local data for get-proto@https://registry.npmjs.org/get-proto/-/get-proto-1.0.1.tgz. Extracting by manifest.
513 silly tarball no local data for fresh@https://registry.npmjs.org/fresh/-/fresh-0.5.2.tgz. Extracting by manifest.
514 silly tarball no local data for forwarded@https://registry.npmjs.org/forwarded/-/forwarded-0.2.0.tgz. Extracting by manifest.
515 silly tarball no local data for formik@https://registry.npmjs.org/formik/-/formik-2.4.9.tgz. Extracting by manifest.
516 silly tarball no local data for for-own@https://registry.npmjs.org/for-own/-/for-own-1.0.0.tgz. Extracting by manifest.
517 silly tarball no local data for for-in@https://registry.npmjs.org/for-in/-/for-in-1.0.2.tgz. Extracting by manifest.
518 silly tarball no local data for for-each@https://registry.npmjs.org/for-each/-/for-each-0.3.5.tgz. Extracting by manifest.
519 silly tarball no local data for follow-redirects@https://registry.npmjs.org/follow-redirects/-/follow-redirects-1.16.0.tgz. Extracting by manifest.
520 silly tarball no local data for flat@https://registry.npmjs.org/flat/-/flat-5.0.2.tgz. Extracting by manifest.
521 silly tarball no local data for flagged-respawn@https://registry.npmjs.org/flagged-respawn/-/flagged-respawn-2.0.0.tgz. Extracting by manifest.
522 silly tarball no local data for fined@https://registry.npmjs.org/fined/-/fined-2.0.0.tgz. Extracting by manifest.
523 silly tarball no local data for findup-sync@https://registry.npmjs.org/findup-sync/-/findup-sync-5.0.0.tgz. Extracting by manifest.
524 silly tarball no local data for find-versions@https://registry.npmjs.org/find-versions/-/find-versions-3.2.0.tgz. Extracting by manifest.
525 silly tarball no local data for find-root@https://registry.npmjs.org/find-root/-/find-root-1.1.0.tgz. Extracting by manifest.
526 silly tarball no local data for find-up@https://registry.npmjs.org/find-up/-/find-up-6.3.0.tgz. Extracting by manifest.
527 silly tarball no local data for find-cache-dir@https://registry.npmjs.org/find-cache-dir/-/find-cache-dir-4.0.0.tgz. Extracting by manifest.
528 silly tarball no local data for fill-range@https://registry.npmjs.org/fill-range/-/fill-range-7.1.1.tgz. Extracting by manifest.
529 silly tarball no local data for finalhandler@https://registry.npmjs.org/finalhandler/-/finalhandler-1.3.2.tgz. Extracting by manifest.
530 silly tarball no local data for filenamify@https://registry.npmjs.org/filenamify/-/filenamify-2.1.0.tgz. Extracting by manifest.
531 silly tarball no local data for filename-reserved-regex@https://registry.npmjs.org/filename-reserved-regex/-/filename-reserved-regex-2.0.0.tgz. Extracting by manifest.
532 silly tarball no local data for file-type@https://registry.npmjs.org/file-type/-/file-type-12.4.2.tgz. Extracting by manifest.
533 silly tarball no local data for fd-slicer@https://registry.npmjs.org/fd-slicer/-/fd-slicer-1.1.0.tgz. Extracting by manifest.
534 silly tarball no local data for faye-websocket@https://registry.npmjs.org/faye-websocket/-/faye-websocket-0.11.4.tgz. Extracting by manifest.
535 silly tarball no local data for fastest-levenshtein@https://registry.npmjs.org/fastest-levenshtein/-/fastest-levenshtein-1.0.16.tgz. Extracting by manifest.
536 silly tarball no local data for fastq@https://registry.npmjs.org/fastq/-/fastq-1.20.1.tgz. Extracting by manifest.
537 silly tarball no local data for fast-xml-parser@https://registry.npmjs.org/fast-xml-parser/-/fast-xml-parser-4.5.7.tgz. Extracting by manifest.
538 silly tarball no local data for fast-levenshtein@https://registry.npmjs.org/fast-levenshtein/-/fast-levenshtein-3.0.0.tgz. Extracting by manifest.
539 silly tarball no local data for fast-uri@https://registry.npmjs.org/fast-uri/-/fast-uri-3.1.5.tgz. Extracting by manifest.
540 silly tarball no local data for fast-json-stable-stringify@https://registry.npmjs.org/fast-json-stable-stringify/-/fast-json-stable-stringify-2.1.0.tgz. Extracting by manifest.
541 silly tarball no local data for fast-glob@https://registry.npmjs.org/fast-glob/-/fast-glob-3.3.3.tgz. Extracting by manifest.
542 silly tarball no local data for fast-fifo@https://registry.npmjs.org/fast-fifo/-/fast-fifo-1.3.2.tgz. Extracting by manifest.
543 silly tarball no local data for extend@https://registry.npmjs.org/extend/-/extend-3.0.2.tgz. Extracting by manifest.
544 silly tarball no local data for fast-deep-equal@https://registry.npmjs.org/fast-deep-equal/-/fast-deep-equal-3.1.3.tgz. Extracting by manifest.
545 silly tarball no local data for ext-name@https://registry.npmjs.org/ext-name/-/ext-name-5.0.0.tgz. Extracting by manifest.
546 silly tarball no local data for express@https://registry.npmjs.org/express/-/express-4.22.2.tgz. Extracting by manifest.
547 silly tarball no local data for expand-tilde@https://registry.npmjs.org/expand-tilde/-/expand-tilde-2.0.2.tgz. Extracting by manifest.
548 silly tarball no local data for ext-list@https://registry.npmjs.org/ext-list/-/ext-list-2.2.2.tgz. Extracting by manifest.
549 silly tarball no local data for exenv@https://registry.npmjs.org/exenv/-/exenv-1.2.2.tgz. Extracting by manifest.
550 silly tarball no local data for execa@https://registry.npmjs.org/execa/-/execa-1.0.0.tgz. Extracting by manifest.
551 silly tarball no local data for executable@https://registry.npmjs.org/executable/-/executable-4.1.1.tgz. Extracting by manifest.
552 silly tarball no local data for exec-buffer@https://registry.npmjs.org/exec-buffer/-/exec-buffer-3.2.0.tgz. Extracting by manifest.
553 silly tarball no local data for events-universal@https://registry.npmjs.org/events-universal/-/events-universal-1.0.1.tgz. Extracting by manifest.
554 silly tarball no local data for events@https://registry.npmjs.org/events/-/events-3.3.0.tgz. Extracting by manifest.
555 silly tarball no local data for eventemitter3@https://registry.npmjs.org/eventemitter3/-/eventemitter3-4.0.7.tgz. Extracting by manifest.
556 silly tarball no local data for etag@https://registry.npmjs.org/etag/-/etag-1.8.1.tgz. Extracting by manifest.
557 silly tarball no local data for esutils@https://registry.npmjs.org/esutils/-/esutils-2.0.3.tgz. Extracting by manifest.
558 silly tarball no local data for estraverse@https://registry.npmjs.org/estraverse/-/estraverse-4.3.0.tgz. Extracting by manifest.
559 silly tarball no local data for esrecurse@https://registry.npmjs.org/esrecurse/-/esrecurse-4.3.0.tgz. Extracting by manifest.
560 silly tarball no local data for eslint-scope@https://registry.npmjs.org/eslint-scope/-/eslint-scope-5.1.1.tgz. Extracting by manifest.
561 silly tarball no local data for escape-string-regexp@https://registry.npmjs.org/escape-string-regexp/-/escape-string-regexp-4.0.0.tgz. Extracting by manifest.
562 silly tarball no local data for escape-html@https://registry.npmjs.org/escape-html/-/escape-html-1.0.3.tgz. Extracting by manifest.
563 silly tarball no local data for escalade@https://registry.npmjs.org/escalade/-/escalade-3.2.0.tgz. Extracting by manifest.
564 silly tarball no local data for es-module-lexer@https://registry.npmjs.org/es-module-lexer/-/es-module-lexer-2.3.1.tgz. Extracting by manifest.
565 silly tarball no local data for es-errors@https://registry.npmjs.org/es-errors/-/es-errors-1.3.0.tgz. Extracting by manifest.
566 silly tarball no local data for es-object-atoms@https://registry.npmjs.org/es-object-atoms/-/es-object-atoms-1.1.2.tgz. Extracting by manifest.
567 silly tarball no local data for envinfo@https://registry.npmjs.org/envinfo/-/envinfo-7.21.0.tgz. Extracting by manifest.
568 silly tarball no local data for es-define-property@https://registry.npmjs.org/es-define-property/-/es-define-property-1.0.1.tgz. Extracting by manifest.
569 silly tarball no local data for entities@https://registry.npmjs.org/entities/-/entities-2.2.0.tgz. Extracting by manifest.
570 silly tarball no local data for enhanced-resolve@https://registry.npmjs.org/enhanced-resolve/-/enhanced-resolve-5.24.5.tgz. Extracting by manifest.
571 silly tarball no local data for end-of-stream@https://registry.npmjs.org/end-of-stream/-/end-of-stream-1.4.5.tgz. Extracting by manifest.
572 silly tarball no local data for encodeurl@https://registry.npmjs.org/encodeurl/-/encodeurl-2.0.0.tgz. Extracting by manifest.
573 silly tarball no local data for emojis-list@https://registry.npmjs.org/emojis-list/-/emojis-list-3.0.0.tgz. Extracting by manifest.
574 silly tarball no local data for error-ex@https://registry.npmjs.org/error-ex/-/error-ex-1.3.4.tgz. Extracting by manifest.
575 silly tarball no local data for emoji-regex@https://registry.npmjs.org/emoji-regex/-/emoji-regex-8.0.0.tgz. Extracting by manifest.
576 silly tarball no local data for electron-to-chromium@https://registry.npmjs.org/electron-to-chromium/-/electron-to-chromium-1.5.399.tgz. Extracting by manifest.
577 silly tarball no local data for each-props@https://registry.npmjs.org/each-props/-/each-props-3.0.0.tgz. Extracting by manifest.
578 silly tarball no local data for duplexer3@https://registry.npmjs.org/duplexer3/-/duplexer3-0.1.5.tgz. Extracting by manifest.
579 silly tarball no local data for ee-first@https://registry.npmjs.org/ee-first/-/ee-first-1.1.1.tgz. Extracting by manifest.
580 silly tarball no local data for duplexer@https://registry.npmjs.org/duplexer/-/duplexer-0.1.2.tgz. Extracting by manifest.
581 silly tarball no local data for download@https://registry.npmjs.org/download/-/download-6.2.5.tgz. Extracting by manifest.
582 silly tarball no local data for dot-case@https://registry.npmjs.org/dot-case/-/dot-case-3.0.4.tgz. Extracting by manifest.
583 silly tarball no local data for dunder-proto@https://registry.npmjs.org/dunder-proto/-/dunder-proto-1.0.1.tgz. Extracting by manifest.
584 silly tarball no local data for dotenv@https://registry.npmjs.org/dotenv/-/dotenv-16.6.1.tgz. Extracting by manifest.
585 silly tarball no local data for domutils@https://registry.npmjs.org/domutils/-/domutils-2.8.0.tgz. Extracting by manifest.
586 silly tarball no local data for dom-serializer@https://registry.npmjs.org/dom-serializer/-/dom-serializer-1.4.1.tgz. Extracting by manifest.
587 silly tarball no local data for domhandler@https://registry.npmjs.org/domhandler/-/domhandler-4.3.1.tgz. Extracting by manifest.
588 silly tarball no local data for domelementtype@https://registry.npmjs.org/domelementtype/-/domelementtype-2.3.0.tgz. Extracting by manifest.
589 silly tarball no local data for dom-converter@https://registry.npmjs.org/dom-converter/-/dom-converter-0.2.0.tgz. Extracting by manifest.
590 silly tarball no local data for dom-helpers@https://registry.npmjs.org/dom-helpers/-/dom-helpers-5.2.1.tgz. Extracting by manifest.
591 silly tarball no local data for dns-packet@https://registry.npmjs.org/dns-packet/-/dns-packet-5.6.1.tgz. Extracting by manifest.
592 silly tarball no local data for dir-glob@https://registry.npmjs.org/dir-glob/-/dir-glob-3.0.1.tgz. Extracting by manifest.
593 silly tarball no local data for detect-node@https://registry.npmjs.org/detect-node/-/detect-node-2.1.0.tgz. Extracting by manifest.
594 silly tarball no local data for detect-file@https://registry.npmjs.org/detect-file/-/detect-file-1.0.0.tgz. Extracting by manifest.
595 silly tarball no local data for detect-libc@https://registry.npmjs.org/detect-libc/-/detect-libc-2.1.2.tgz. Extracting by manifest.
596 silly tarball no local data for destroy@https://registry.npmjs.org/destroy/-/destroy-1.2.0.tgz. Extracting by manifest.
597 silly tarball no local data for depd@https://registry.npmjs.org/depd/-/depd-2.0.0.tgz. Extracting by manifest.
598 silly tarball no local data for del@https://registry.npmjs.org/del/-/del-4.1.1.tgz. Extracting by manifest.
599 silly tarball no local data for define-lazy-prop@https://registry.npmjs.org/define-lazy-prop/-/define-lazy-prop-3.0.0.tgz. Extracting by manifest.
600 silly tarball no local data for define-data-property@https://registry.npmjs.org/define-data-property/-/define-data-property-1.1.4.tgz. Extracting by manifest.
601 silly tarball no local data for default-browser@https://registry.npmjs.org/default-browser/-/default-browser-5.5.0.tgz. Extracting by manifest.
602 silly tarball no local data for default-browser-id@https://registry.npmjs.org/default-browser-id/-/default-browser-id-5.0.1.tgz. Extracting by manifest.
603 silly tarball no local data for deepmerge@https://registry.npmjs.org/deepmerge/-/deepmerge-2.2.1.tgz. Extracting by manifest.
604 silly tarball no local data for decompress-targz@https://registry.npmjs.org/decompress-targz/-/decompress-targz-4.1.1.tgz. Extracting by manifest.
605 silly tarball no local data for decompress-unzip@https://registry.npmjs.org/decompress-unzip/-/decompress-unzip-4.0.1.tgz. Extracting by manifest.
606 silly tarball no local data for decompress-tarbz2@https://registry.npmjs.org/decompress-tarbz2/-/decompress-tarbz2-4.1.1.tgz. Extracting by manifest.
607 silly tarball no local data for decompress-response@https://registry.npmjs.org/decompress-response/-/decompress-response-3.3.0.tgz. Extracting by manifest.
608 silly tarball no local data for decompress-tar@https://registry.npmjs.org/decompress-tar/-/decompress-tar-4.1.1.tgz. Extracting by manifest.
609 silly tarball no local data for decompress@https://registry.npmjs.org/decompress/-/decompress-4.2.1.tgz. Extracting by manifest.
610 silly tarball no local data for decode-uri-component@https://registry.npmjs.org/decode-uri-component/-/decode-uri-component-0.2.2.tgz. Extracting by manifest.
611 silly tarball no local data for debug@https://registry.npmjs.org/debug/-/debug-4.4.3.tgz. Extracting by manifest.
612 silly tarball no local data for decimal.js@https://registry.npmjs.org/decimal.js/-/decimal.js-10.6.0.tgz. Extracting by manifest.
613 silly tarball no local data for debounce@https://registry.npmjs.org/debounce/-/debounce-1.2.1.tgz. Extracting by manifest.
614 silly tarball no local data for data-urls@https://registry.npmjs.org/data-urls/-/data-urls-7.0.0.tgz. Extracting by manifest.
615 silly tarball no local data for date-fns@https://registry.npmjs.org/date-fns/-/date-fns-2.30.0.tgz. Extracting by manifest.
616 silly tarball no local data for cwebp-bin@https://registry.npmjs.org/cwebp-bin/-/cwebp-bin-7.0.1.tgz. Extracting by manifest.
617 silly tarball no local data for csstype@https://registry.npmjs.org/csstype/-/csstype-3.2.3.tgz. Extracting by manifest.
618 silly tarball no local data for csso@https://registry.npmjs.org/csso/-/csso-4.2.0.tgz. Extracting by manifest.
619 silly tarball no local data for cssesc@https://registry.npmjs.org/cssesc/-/cssesc-3.0.0.tgz. Extracting by manifest.
620 silly tarball no local data for css-tree@https://registry.npmjs.org/css-tree/-/css-tree-1.1.3.tgz. Extracting by manifest.
621 silly tarball no local data for css-what@https://registry.npmjs.org/css-what/-/css-what-6.2.2.tgz. Extracting by manifest.
622 silly tarball no local data for css-select@https://registry.npmjs.org/css-select/-/css-select-4.3.0.tgz. Extracting by manifest.
623 silly tarball no local data for css-loader@https://registry.npmjs.org/css-loader/-/css-loader-7.1.4.tgz. Extracting by manifest.
624 silly tarball no local data for css-to-react-native@https://registry.npmjs.org/css-to-react-native/-/css-to-react-native-3.2.0.tgz. Extracting by manifest.
625 silly tarball no local data for css-color-keywords@https://registry.npmjs.org/css-color-keywords/-/css-color-keywords-1.0.0.tgz. Extracting by manifest.
626 silly tarball no local data for cross-spawn@https://registry.npmjs.org/cross-spawn/-/cross-spawn-6.0.6.tgz. Extracting by manifest.
627 silly tarball no local data for css-in-js-utils@https://registry.npmjs.org/css-in-js-utils/-/css-in-js-utils-2.0.1.tgz. Extracting by manifest.
628 silly tarball no local data for cosmiconfig@https://registry.npmjs.org/cosmiconfig/-/cosmiconfig-7.1.0.tgz. Extracting by manifest.
629 silly tarball no local data for cors@https://registry.npmjs.org/cors/-/cors-2.8.6.tgz. Extracting by manifest.
630 silly tarball no local data for core-util-is@https://registry.npmjs.org/core-util-is/-/core-util-is-1.0.3.tgz. Extracting by manifest.
631 silly tarball no local data for core-js-compat@https://registry.npmjs.org/core-js-compat/-/core-js-compat-3.49.0.tgz. Extracting by manifest.
632 silly tarball no local data for core-js@https://registry.npmjs.org/core-js/-/core-js-3.49.0.tgz. Extracting by manifest.
633 silly tarball no local data for copy-props@https://registry.npmjs.org/copy-props/-/copy-props-4.0.0.tgz. Extracting by manifest.
634 silly tarball no local data for cookie@https://registry.npmjs.org/cookie/-/cookie-0.7.2.tgz. Extracting by manifest.
635 silly tarball no local data for cookie-signature@https://registry.npmjs.org/cookie-signature/-/cookie-signature-1.0.7.tgz. Extracting by manifest.
636 silly tarball no local data for convert-source-map@https://registry.npmjs.org/convert-source-map/-/convert-source-map-2.0.0.tgz. Extracting by manifest.
637 silly tarball no local data for content-disposition@https://registry.npmjs.org/content-disposition/-/content-disposition-0.5.4.tgz. Extracting by manifest.
638 silly tarball no local data for content-type@https://registry.npmjs.org/content-type/-/content-type-1.0.5.tgz. Extracting by manifest.
639 silly tarball no local data for connect-history-api-fallback@https://registry.npmjs.org/connect-history-api-fallback/-/connect-history-api-fallback-2.0.0.tgz. Extracting by manifest.
640 silly tarball no local data for config-chain@https://registry.npmjs.org/config-chain/-/config-chain-1.1.13.tgz. Extracting by manifest.
641 silly tarball no local data for concurrently@https://registry.npmjs.org/concurrently/-/concurrently-8.2.2.tgz. Extracting by manifest.
642 silly tarball no local data for concat-map@https://registry.npmjs.org/concat-map/-/concat-map-0.0.1.tgz. Extracting by manifest.
643 silly tarball no local data for compression-webpack-plugin@https://registry.npmjs.org/compression-webpack-plugin/-/compression-webpack-plugin-11.1.0.tgz. Extracting by manifest.
644 silly tarball no local data for compression@https://registry.npmjs.org/compression/-/compression-1.8.1.tgz. Extracting by manifest.
645 silly tarball no local data for compressible@https://registry.npmjs.org/compressible/-/compressible-2.0.18.tgz. Extracting by manifest.
646 silly tarball no local data for common-path-prefix@https://registry.npmjs.org/common-path-prefix/-/common-path-prefix-3.0.0.tgz. Extracting by manifest.
647 silly tarball no local data for commondir@https://registry.npmjs.org/commondir/-/commondir-1.0.1.tgz. Extracting by manifest.
648 silly tarball no local data for commander@https://registry.npmjs.org/commander/-/commander-8.3.0.tgz. Extracting by manifest.
649 silly tarball no local data for colorette@https://registry.npmjs.org/colorette/-/colorette-2.0.20.tgz. Extracting by manifest.
650 silly tarball no local data for color-name@https://registry.npmjs.org/color-name/-/color-name-1.1.4.tgz. Extracting by manifest.
651 silly tarball no local data for color-convert@https://registry.npmjs.org/color-convert/-/color-convert-2.0.1.tgz. Extracting by manifest.
652 silly tarball no local data for clsx@https://registry.npmjs.org/clsx/-/clsx-1.2.1.tgz. Extracting by manifest.
653 silly tarball no local data for clone-deep@https://registry.npmjs.org/clone-deep/-/clone-deep-4.0.1.tgz. Extracting by manifest.
654 silly tarball no local data for clone-response@https://registry.npmjs.org/clone-response/-/clone-response-1.0.2.tgz. Extracting by manifest.
655 silly tarball no local data for clone@https://registry.npmjs.org/clone/-/clone-2.1.2.tgz. Extracting by manifest.
656 silly tarball no local data for cliui@https://registry.npmjs.org/cliui/-/cliui-8.0.1.tgz. Extracting by manifest.
657 silly tarball no local data for clean-webpack-plugin@https://registry.npmjs.org/clean-webpack-plugin/-/clean-webpack-plugin-4.0.0.tgz. Extracting by manifest.
658 silly tarball no local data for clean-css@https://registry.npmjs.org/clean-css/-/clean-css-5.3.3.tgz. Extracting by manifest.
659 silly tarball no local data for chrome-trace-event@https://registry.npmjs.org/chrome-trace-event/-/chrome-trace-event-1.0.4.tgz. Extracting by manifest.
660 silly tarball no local data for chokidar@https://registry.npmjs.org/chokidar/-/chokidar-3.6.0.tgz. Extracting by manifest.
661 silly tarball no local data for chalk@https://registry.npmjs.org/chalk/-/chalk-4.1.2.tgz. Extracting by manifest.
662 silly tarball no local data for caw@https://registry.npmjs.org/caw/-/caw-2.0.1.tgz. Extracting by manifest.
663 silly tarball no local data for caniuse-lite@https://registry.npmjs.org/caniuse-lite/-/caniuse-lite-1.0.30001806.tgz. Extracting by manifest.
664 silly tarball no local data for camelize@https://registry.npmjs.org/camelize/-/camelize-1.0.1.tgz. Extracting by manifest.
665 silly tarball no local data for camel-case@https://registry.npmjs.org/camel-case/-/camel-case-4.1.2.tgz. Extracting by manifest.
666 silly tarball no local data for callsites@https://registry.npmjs.org/callsites/-/callsites-3.1.0.tgz. Extracting by manifest.
667 silly tarball no local data for call-bound@https://registry.npmjs.org/call-bound/-/call-bound-1.0.4.tgz. Extracting by manifest.
668 silly tarball no local data for call-bind-apply-helpers@https://registry.npmjs.org/call-bind-apply-helpers/-/call-bind-apply-helpers-1.0.2.tgz. Extracting by manifest.
669 silly tarball no local data for call-bind@https://registry.npmjs.org/call-bind/-/call-bind-1.0.9.tgz. Extracting by manifest.
670 silly tarball no local data for cacheable-request@https://registry.npmjs.org/cacheable-request/-/cacheable-request-2.1.4.tgz. Extracting by manifest.
671 silly tarball no local data for bytestreamjs@https://registry.npmjs.org/bytestreamjs/-/bytestreamjs-2.0.1.tgz. Extracting by manifest.
672 silly tarball no local data for bytes@https://registry.npmjs.org/bytes/-/bytes-3.1.2.tgz. Extracting by manifest.
673 silly tarball no local data for buffer-from@https://registry.npmjs.org/buffer-from/-/buffer-from-1.1.2.tgz. Extracting by manifest.
674 silly tarball no local data for bundle-name@https://registry.npmjs.org/bundle-name/-/bundle-name-4.1.0.tgz. Extracting by manifest.
675 silly tarball no local data for buffer-fill@https://registry.npmjs.org/buffer-fill/-/buffer-fill-1.0.0.tgz. Extracting by manifest.
676 silly tarball no local data for buffer-crc32@https://registry.npmjs.org/buffer-crc32/-/buffer-crc32-0.2.13.tgz. Extracting by manifest.
677 silly tarball no local data for buffer-alloc-unsafe@https://registry.npmjs.org/buffer-alloc-unsafe/-/buffer-alloc-unsafe-1.1.0.tgz. Extracting by manifest.
678 silly tarball no local data for buffer@https://registry.npmjs.org/buffer/-/buffer-5.7.1.tgz. Extracting by manifest.
679 silly tarball no local data for buffer-alloc@https://registry.npmjs.org/buffer-alloc/-/buffer-alloc-1.2.0.tgz. Extracting by manifest.
680 silly tarball no local data for browserslist@https://registry.npmjs.org/browserslist/-/browserslist-4.28.7.tgz. Extracting by manifest.
681 silly tarball no local data for broadcast-channel@https://registry.npmjs.org/broadcast-channel/-/broadcast-channel-3.7.0.tgz. Extracting by manifest.
682 silly tarball no local data for braces@https://registry.npmjs.org/braces/-/braces-3.0.3.tgz. Extracting by manifest.
683 silly tarball no local data for brace-expansion@https://registry.npmjs.org/brace-expansion/-/brace-expansion-1.1.18.tgz. Extracting by manifest.
684 silly tarball no local data for bonjour-service@https://registry.npmjs.org/bonjour-service/-/bonjour-service-1.4.4.tgz. Extracting by manifest.
685 silly tarball no local data for boolbase@https://registry.npmjs.org/boolbase/-/boolbase-1.0.0.tgz. Extracting by manifest.
686 silly tarball no local data for body-parser@https://registry.npmjs.org/body-parser/-/body-parser-1.20.6.tgz. Extracting by manifest.
687 silly tarball no local data for bl@https://registry.npmjs.org/bl/-/bl-1.2.3.tgz. Extracting by manifest.
688 silly tarball no local data for bin-wrapper@https://registry.npmjs.org/bin-wrapper/-/bin-wrapper-4.1.0.tgz. Extracting by manifest.
689 silly tarball no local data for bin-version@https://registry.npmjs.org/bin-version/-/bin-version-3.1.0.tgz. Extracting by manifest.
690 silly tarball no local data for binary-extensions@https://registry.npmjs.org/binary-extensions/-/binary-extensions-2.3.0.tgz. Extracting by manifest.
691 silly tarball no local data for bin-version-check@https://registry.npmjs.org/bin-version-check/-/bin-version-check-4.0.0.tgz. Extracting by manifest.
692 silly tarball no local data for big.js@https://registry.npmjs.org/big.js/-/big.js-5.2.2.tgz. Extracting by manifest.
693 silly tarball no local data for bin-build@https://registry.npmjs.org/bin-build/-/bin-build-3.0.0.tgz. Extracting by manifest.
694 silly tarball no local data for bin-check@https://registry.npmjs.org/bin-check/-/bin-check-4.1.0.tgz. Extracting by manifest.
695 silly tarball no local data for bidi-js@https://registry.npmjs.org/bidi-js/-/bidi-js-1.0.3.tgz. Extracting by manifest.
696 silly tarball no local data for big-integer@https://registry.npmjs.org/big-integer/-/big-integer-1.6.52.tgz. Extracting by manifest.
697 silly tarball no local data for baseline-browser-mapping@https://registry.npmjs.org/baseline-browser-mapping/-/baseline-browser-mapping-2.11.11.tgz. Extracting by manifest.
698 silly tarball no local data for base64-js@https://registry.npmjs.org/base64-js/-/base64-js-1.5.1.tgz. Extracting by manifest.
699 silly tarball no local data for batch@https://registry.npmjs.org/batch/-/batch-0.6.1.tgz. Extracting by manifest.
700 silly tarball no local data for balanced-match@https://registry.npmjs.org/balanced-match/-/balanced-match-1.0.2.tgz. Extracting by manifest.
701 silly tarball no local data for bare-events@https://registry.npmjs.org/bare-events/-/bare-events-2.9.1.tgz. Extracting by manifest.
702 silly tarball no local data for babel-plugin-styled-components@https://registry.npmjs.org/babel-plugin-styled-components/-/babel-plugin-styled-components-2.3.0.tgz. Extracting by manifest.
703 silly tarball no local data for babel-plugin-polyfill-regenerator@https://registry.npmjs.org/babel-plugin-polyfill-regenerator/-/babel-plugin-polyfill-regenerator-0.6.8.tgz. Extracting by manifest.
704 silly tarball no local data for babel-plugin-polyfill-corejs3@https://registry.npmjs.org/babel-plugin-polyfill-corejs3/-/babel-plugin-polyfill-corejs3-0.13.0.tgz. Extracting by manifest.
705 silly tarball no local data for babel-plugin-macros@https://registry.npmjs.org/babel-plugin-macros/-/babel-plugin-macros-3.1.0.tgz. Extracting by manifest.
706 silly tarball no local data for babel-plugin-polyfill-corejs2@https://registry.npmjs.org/babel-plugin-polyfill-corejs2/-/babel-plugin-polyfill-corejs2-0.4.17.tgz. Extracting by manifest.
707 silly tarball no local data for babel-loader@https://registry.npmjs.org/babel-loader/-/babel-loader-9.2.1.tgz. Extracting by manifest.
708 silly tarball no local data for bach@https://registry.npmjs.org/bach/-/bach-2.0.1.tgz. Extracting by manifest.
709 silly tarball no local data for available-typed-arrays@https://registry.npmjs.org/available-typed-arrays/-/available-typed-arrays-1.0.7.tgz. Extracting by manifest.
710 silly tarball no local data for async-settle@https://registry.npmjs.org/async-settle/-/async-settle-2.0.0.tgz. Extracting by manifest.
711 silly tarball no local data for async@https://registry.npmjs.org/async/-/async-3.2.6.tgz. Extracting by manifest.
712 silly tarball no local data for asn1js@https://registry.npmjs.org/asn1js/-/asn1js-3.0.10.tgz. Extracting by manifest.
713 silly tarball no local data for array-uniq@https://registry.npmjs.org/array-uniq/-/array-uniq-1.0.3.tgz. Extracting by manifest.
714 silly tarball no local data for array-union@https://registry.npmjs.org/array-union/-/array-union-1.0.2.tgz. Extracting by manifest.
715 silly tarball no local data for array-slice@https://registry.npmjs.org/array-slice/-/array-slice-1.1.0.tgz. Extracting by manifest.
716 silly tarball no local data for array-flatten@https://registry.npmjs.org/array-flatten/-/array-flatten-1.1.1.tgz. Extracting by manifest.
717 silly tarball no local data for async-done@https://registry.npmjs.org/async-done/-/async-done-2.0.0.tgz. Extracting by manifest.
718 silly tarball no local data for archive-type@https://registry.npmjs.org/archive-type/-/archive-type-4.0.0.tgz. Extracting by manifest.
719 silly tarball no local data for array-each@https://registry.npmjs.org/array-each/-/array-each-1.0.1.tgz. Extracting by manifest.
720 silly tarball no local data for arch@https://registry.npmjs.org/arch/-/arch-2.2.0.tgz. Extracting by manifest.
721 silly tarball no local data for anymatch@https://registry.npmjs.org/anymatch/-/anymatch-3.1.3.tgz. Extracting by manifest.
722 silly tarball no local data for ansi-regex@https://registry.npmjs.org/ansi-regex/-/ansi-regex-5.0.1.tgz. Extracting by manifest.
723 silly tarball no local data for ansi-styles@https://registry.npmjs.org/ansi-styles/-/ansi-styles-4.3.0.tgz. Extracting by manifest.
724 silly tarball no local data for ansi-html-community@https://registry.npmjs.org/ansi-html-community/-/ansi-html-community-0.0.8.tgz. Extracting by manifest.
725 silly tarball no local data for ajv-keywords@https://registry.npmjs.org/ajv-keywords/-/ajv-keywords-5.1.0.tgz. Extracting by manifest.
726 silly tarball no local data for ajv@https://registry.npmjs.org/ajv/-/ajv-8.20.0.tgz. Extracting by manifest.
727 silly tarball no local data for acorn-walk@https://registry.npmjs.org/acorn-walk/-/acorn-walk-8.3.5.tgz. Extracting by manifest.
728 silly tarball no local data for ajv-formats@https://registry.npmjs.org/ajv-formats/-/ajv-formats-2.1.1.tgz. Extracting by manifest.
729 silly tarball no local data for acorn@https://registry.npmjs.org/acorn/-/acorn-8.18.0.tgz. Extracting by manifest.
730 silly tarball no local data for accepts@https://registry.npmjs.org/accepts/-/accepts-1.3.8.tgz. Extracting by manifest.
731 silly tarball no local data for @webpack-cli/serve@https://registry.npmjs.org/@webpack-cli/serve/-/serve-2.0.5.tgz. Extracting by manifest.
732 silly tarball no local data for @xtuc/ieee754@https://registry.npmjs.org/@xtuc/ieee754/-/ieee754-1.2.0.tgz. Extracting by manifest.
733 silly tarball no local data for @xtuc/long@https://registry.npmjs.org/@xtuc/long/-/long-4.2.2.tgz. Extracting by manifest.
734 silly tarball no local data for @webpack-cli/info@https://registry.npmjs.org/@webpack-cli/info/-/info-2.0.2.tgz. Extracting by manifest.
735 silly tarball no local data for @webpack-cli/configtest@https://registry.npmjs.org/@webpack-cli/configtest/-/configtest-2.1.1.tgz. Extracting by manifest.
736 silly tarball no local data for @webassemblyjs/wast-printer@https://registry.npmjs.org/@webassemblyjs/wast-printer/-/wast-printer-1.14.1.tgz. Extracting by manifest.
737 silly tarball no local data for @webassemblyjs/wasm-parser@https://registry.npmjs.org/@webassemblyjs/wasm-parser/-/wasm-parser-1.14.1.tgz. Extracting by manifest.
738 silly tarball no local data for @webassemblyjs/wasm-gen@https://registry.npmjs.org/@webassemblyjs/wasm-gen/-/wasm-gen-1.14.1.tgz. Extracting by manifest.
739 silly tarball no local data for @webassemblyjs/wasm-opt@https://registry.npmjs.org/@webassemblyjs/wasm-opt/-/wasm-opt-1.14.1.tgz. Extracting by manifest.
740 silly tarball no local data for @webassemblyjs/utf8@https://registry.npmjs.org/@webassemblyjs/utf8/-/utf8-1.13.2.tgz. Extracting by manifest.
741 silly tarball no local data for @webassemblyjs/leb128@https://registry.npmjs.org/@webassemblyjs/leb128/-/leb128-1.13.2.tgz. Extracting by manifest.
742 silly tarball no local data for @webassemblyjs/wasm-edit@https://registry.npmjs.org/@webassemblyjs/wasm-edit/-/wasm-edit-1.14.1.tgz. Extracting by manifest.
743 silly tarball no local data for @webassemblyjs/helper-wasm-section@https://registry.npmjs.org/@webassemblyjs/helper-wasm-section/-/helper-wasm-section-1.14.1.tgz. Extracting by manifest.
744 silly tarball no local data for @webassemblyjs/ieee754@https://registry.npmjs.org/@webassemblyjs/ieee754/-/ieee754-1.13.2.tgz. Extracting by manifest.
745 silly tarball no local data for @webassemblyjs/helper-wasm-bytecode@https://registry.npmjs.org/@webassemblyjs/helper-wasm-bytecode/-/helper-wasm-bytecode-1.13.2.tgz. Extracting by manifest.
746 silly tarball no local data for @webassemblyjs/helper-numbers@https://registry.npmjs.org/@webassemblyjs/helper-numbers/-/helper-numbers-1.13.2.tgz. Extracting by manifest.
747 silly tarball no local data for @webassemblyjs/helper-buffer@https://registry.npmjs.org/@webassemblyjs/helper-buffer/-/helper-buffer-1.14.1.tgz. Extracting by manifest.
748 silly tarball no local data for @webassemblyjs/helper-api-error@https://registry.npmjs.org/@webassemblyjs/helper-api-error/-/helper-api-error-1.13.2.tgz. Extracting by manifest.
749 silly tarball no local data for @webassemblyjs/floating-point-hex-parser@https://registry.npmjs.org/@webassemblyjs/floating-point-hex-parser/-/floating-point-hex-parser-1.13.2.tgz. Extracting by manifest.
750 silly tarball no local data for @types/ws@https://registry.npmjs.org/@types/ws/-/ws-8.18.1.tgz. Extracting by manifest.
751 silly tarball no local data for @webassemblyjs/ast@https://registry.npmjs.org/@webassemblyjs/ast/-/ast-1.14.1.tgz. Extracting by manifest.
752 silly tarball no local data for @types/sockjs@https://registry.npmjs.org/@types/sockjs/-/sockjs-0.3.36.tgz. Extracting by manifest.
753 silly tarball no local data for @types/serve-static@https://registry.npmjs.org/@types/serve-static/-/serve-static-1.15.10.tgz. Extracting by manifest.
754 silly tarball no local data for @types/send@https://registry.npmjs.org/@types/send/-/send-1.2.1.tgz. Extracting by manifest.
755 silly tarball no local data for @types/serve-index@https://registry.npmjs.org/@types/serve-index/-/serve-index-1.9.4.tgz. Extracting by manifest.
756 silly tarball no local data for @types/retry@https://registry.npmjs.org/@types/retry/-/retry-0.12.2.tgz. Extracting by manifest.
757 silly tarball no local data for @types/react@https://registry.npmjs.org/@types/react/-/react-19.2.18.tgz. Extracting by manifest.
758 silly tarball no local data for @types/range-parser@https://registry.npmjs.org/@types/range-parser/-/range-parser-1.2.7.tgz. Extracting by manifest.
759 silly tarball no local data for @types/qs@https://registry.npmjs.org/@types/qs/-/qs-6.15.1.tgz. Extracting by manifest.
760 silly tarball no local data for @types/parse-json@https://registry.npmjs.org/@types/parse-json/-/parse-json-4.0.2.tgz. Extracting by manifest.
761 silly tarball no local data for @types/minimatch@https://registry.npmjs.org/@types/minimatch/-/minimatch-5.1.2.tgz. Extracting by manifest.
762 silly tarball no local data for @types/node@https://registry.npmjs.org/@types/node/-/node-26.1.2.tgz. Extracting by manifest.
763 silly tarball no local data for @types/mime@https://registry.npmjs.org/@types/mime/-/mime-1.3.5.tgz. Extracting by manifest.
764 silly tarball no local data for @types/json-schema@https://registry.npmjs.org/@types/json-schema/-/json-schema-7.0.15.tgz. Extracting by manifest.
765 silly tarball no local data for @types/http-proxy@https://registry.npmjs.org/@types/http-proxy/-/http-proxy-1.17.17.tgz. Extracting by manifest.
766 silly tarball no local data for @types/http-errors@https://registry.npmjs.org/@types/http-errors/-/http-errors-2.0.5.tgz. Extracting by manifest.
767 silly tarball no local data for @types/hoist-non-react-statics@https://registry.npmjs.org/@types/hoist-non-react-statics/-/hoist-non-react-statics-3.3.7.tgz. Extracting by manifest.
768 silly tarball no local data for @types/html-minifier-terser@https://registry.npmjs.org/@types/html-minifier-terser/-/html-minifier-terser-6.1.0.tgz. Extracting by manifest.
769 silly tarball no local data for @types/glob@https://registry.npmjs.org/@types/glob/-/glob-7.2.0.tgz. Extracting by manifest.
770 silly tarball no local data for @types/express@https://registry.npmjs.org/@types/express/-/express-4.17.25.tgz. Extracting by manifest.
771 silly tarball no local data for @types/estree@https://registry.npmjs.org/@types/estree/-/estree-1.0.9.tgz. Extracting by manifest.
772 silly tarball no local data for @types/express-serve-static-core@https://registry.npmjs.org/@types/express-serve-static-core/-/express-serve-static-core-4.19.9.tgz. Extracting by manifest.
773 silly tarball no local data for @types/connect@https://registry.npmjs.org/@types/connect/-/connect-3.4.38.tgz. Extracting by manifest.
774 silly tarball no local data for @types/bonjour@https://registry.npmjs.org/@types/bonjour/-/bonjour-3.5.13.tgz. Extracting by manifest.
775 silly tarball no local data for @types/body-parser@https://registry.npmjs.org/@types/body-parser/-/body-parser-1.19.6.tgz. Extracting by manifest.
776 silly tarball no local data for @styled-system/variant@https://registry.npmjs.org/@styled-system/variant/-/variant-5.1.5.tgz. Extracting by manifest.
777 silly tarball no local data for @types/connect-history-api-fallback@https://registry.npmjs.org/@types/connect-history-api-fallback/-/connect-history-api-fallback-1.5.4.tgz. Extracting by manifest.
778 silly tarball no local data for @styled-system/typography@https://registry.npmjs.org/@styled-system/typography/-/typography-5.1.2.tgz. Extracting by manifest.
779 silly tarball no local data for @styled-system/space@https://registry.npmjs.org/@styled-system/space/-/space-5.1.2.tgz. Extracting by manifest.
780 silly tarball no local data for @styled-system/position@https://registry.npmjs.org/@styled-system/position/-/position-5.1.2.tgz. Extracting by manifest.
781 silly tarball no local data for @styled-system/shadow@https://registry.npmjs.org/@styled-system/shadow/-/shadow-5.1.2.tgz. Extracting by manifest.
782 silly tarball no local data for @styled-system/layout@https://registry.npmjs.org/@styled-system/layout/-/layout-5.1.2.tgz. Extracting by manifest.
783 silly tarball no local data for @styled-system/flexbox@https://registry.npmjs.org/@styled-system/flexbox/-/flexbox-5.1.2.tgz. Extracting by manifest.
784 silly tarball no local data for @styled-system/css@https://registry.npmjs.org/@styled-system/css/-/css-5.1.5.tgz. Extracting by manifest.
785 silly tarball no local data for @styled-system/grid@https://registry.npmjs.org/@styled-system/grid/-/grid-5.1.2.tgz. Extracting by manifest.
786 silly tarball no local data for @styled-system/core@https://registry.npmjs.org/@styled-system/core/-/core-5.1.2.tgz. Extracting by manifest.
787 silly tarball no local data for @styled-system/color@https://registry.npmjs.org/@styled-system/color/-/color-5.1.2.tgz. Extracting by manifest.
788 silly tarball no local data for @styled-system/border@https://registry.npmjs.org/@styled-system/border/-/border-5.1.5.tgz. Extracting by manifest.
789 silly tarball no local data for @styled-system/background@https://registry.npmjs.org/@styled-system/background/-/background-5.1.2.tgz. Extracting by manifest.
790 silly tarball no local data for @semantic-ui-react/event-stack@https://registry.npmjs.org/@semantic-ui-react/event-stack/-/event-stack-3.1.3.tgz. Extracting by manifest.
791 silly tarball no local data for @sindresorhus/is@https://registry.npmjs.org/@sindresorhus/is/-/is-0.7.0.tgz. Extracting by manifest.
792 silly tarball no local data for @rtsao/csstype@https://registry.npmjs.org/@rtsao/csstype/-/csstype-2.6.5-forked.0.tgz. Extracting by manifest.
793 silly tarball no local data for @polka/url@https://registry.npmjs.org/@polka/url/-/url-1.0.0-next.29.tgz. Extracting by manifest.
794 silly tarball no local data for @popperjs/core@https://registry.npmjs.org/@popperjs/core/-/core-2.11.8.tgz. Extracting by manifest.
795 silly tarball no local data for @peculiar/x509@https://registry.npmjs.org/@peculiar/x509/-/x509-1.14.3.tgz. Extracting by manifest.
796 silly tarball no local data for @peculiar/utils@https://registry.npmjs.org/@peculiar/utils/-/utils-2.0.3.tgz. Extracting by manifest.
797 silly tarball no local data for @peculiar/asn1-x509@https://registry.npmjs.org/@peculiar/asn1-x509/-/asn1-x509-2.8.0.tgz. Extracting by manifest.
798 silly tarball no local data for @peculiar/asn1-x509-attr@https://registry.npmjs.org/@peculiar/asn1-x509-attr/-/asn1-x509-attr-2.8.0.tgz. Extracting by manifest.
799 silly tarball no local data for @peculiar/asn1-schema@https://registry.npmjs.org/@peculiar/asn1-schema/-/asn1-schema-2.8.0.tgz. Extracting by manifest.
800 silly tarball no local data for @peculiar/asn1-pkcs9@https://registry.npmjs.org/@peculiar/asn1-pkcs9/-/asn1-pkcs9-2.8.0.tgz. Extracting by manifest.
801 silly tarball no local data for @peculiar/asn1-pkcs8@https://registry.npmjs.org/@peculiar/asn1-pkcs8/-/asn1-pkcs8-2.8.0.tgz. Extracting by manifest.
802 silly tarball no local data for @peculiar/asn1-rsa@https://registry.npmjs.org/@peculiar/asn1-rsa/-/asn1-rsa-2.8.0.tgz. Extracting by manifest.
803 silly tarball no local data for @peculiar/asn1-pfx@https://registry.npmjs.org/@peculiar/asn1-pfx/-/asn1-pfx-2.8.0.tgz. Extracting by manifest.
804 silly tarball no local data for @peculiar/asn1-ecc@https://registry.npmjs.org/@peculiar/asn1-ecc/-/asn1-ecc-2.8.0.tgz. Extracting by manifest.
805 silly tarball no local data for @peculiar/asn1-csr@https://registry.npmjs.org/@peculiar/asn1-csr/-/asn1-csr-2.8.0.tgz. Extracting by manifest.
806 silly tarball no local data for @parcel/watcher-darwin-arm64@https://registry.npmjs.org/@parcel/watcher-darwin-arm64/-/watcher-darwin-arm64-2.6.0.tgz. Extracting by manifest.
807 silly tarball no local data for @peculiar/asn1-cms@https://registry.npmjs.org/@peculiar/asn1-cms/-/asn1-cms-2.8.0.tgz. Extracting by manifest.
808 silly tarball no local data for @parcel/watcher@https://registry.npmjs.org/@parcel/watcher/-/watcher-2.6.0.tgz. Extracting by manifest.
809 silly tarball no local data for @nodelib/fs.walk@https://registry.npmjs.org/@nodelib/fs.walk/-/fs.walk-1.2.8.tgz. Extracting by manifest.
810 silly tarball no local data for @nodelib/fs.stat@https://registry.npmjs.org/@nodelib/fs.stat/-/fs.stat-2.0.5.tgz. Extracting by manifest.
811 silly tarball no local data for @nodelib/fs.scandir@https://registry.npmjs.org/@nodelib/fs.scandir/-/fs.scandir-2.1.5.tgz. Extracting by manifest.
812 silly tarball no local data for @noble/hashes@https://registry.npmjs.org/@noble/hashes/-/hashes-1.4.0.tgz. Extracting by manifest.
813 silly tarball no local data for @leichtgewicht/ip-codec@https://registry.npmjs.org/@leichtgewicht/ip-codec/-/ip-codec-2.0.5.tgz. Extracting by manifest.
814 silly tarball no local data for @jsonjoy.com/util@https://registry.npmjs.org/@jsonjoy.com/util/-/util-1.9.0.tgz. Extracting by manifest.
815 silly tarball no local data for @jsonjoy.com/json-pointer@https://registry.npmjs.org/@jsonjoy.com/json-pointer/-/json-pointer-1.0.2.tgz. Extracting by manifest.
816 silly tarball no local data for @jsonjoy.com/json-pack@https://registry.npmjs.org/@jsonjoy.com/json-pack/-/json-pack-1.21.0.tgz. Extracting by manifest.
817 silly tarball no local data for @jsonjoy.com/fs-print@https://registry.npmjs.org/@jsonjoy.com/fs-print/-/fs-print-4.65.0.tgz. Extracting by manifest.
818 silly tarball no local data for @jsonjoy.com/fs-snapshot@https://registry.npmjs.org/@jsonjoy.com/fs-snapshot/-/fs-snapshot-4.65.0.tgz. Extracting by manifest.
819 silly tarball no local data for @jsonjoy.com/fs-node-utils@https://registry.npmjs.org/@jsonjoy.com/fs-node-utils/-/fs-node-utils-4.65.0.tgz. Extracting by manifest.
820 silly tarball no local data for @jsonjoy.com/fs-node-to-fsa@https://registry.npmjs.org/@jsonjoy.com/fs-node-to-fsa/-/fs-node-to-fsa-4.65.0.tgz. Extracting by manifest.
821 silly tarball no local data for @jsonjoy.com/fs-fsa@https://registry.npmjs.org/@jsonjoy.com/fs-fsa/-/fs-fsa-4.65.0.tgz. Extracting by manifest.
822 silly tarball no local data for @jsonjoy.com/fs-node-builtins@https://registry.npmjs.org/@jsonjoy.com/fs-node-builtins/-/fs-node-builtins-4.65.0.tgz. Extracting by manifest.
823 silly tarball no local data for @jsonjoy.com/fs-node@https://registry.npmjs.org/@jsonjoy.com/fs-node/-/fs-node-4.65.0.tgz. Extracting by manifest.
824 silly tarball no local data for @jsonjoy.com/buffers@https://registry.npmjs.org/@jsonjoy.com/buffers/-/buffers-17.67.0.tgz. Extracting by manifest.
825 silly tarball no local data for @jsonjoy.com/fs-core@https://registry.npmjs.org/@jsonjoy.com/fs-core/-/fs-core-4.65.0.tgz. Extracting by manifest.
826 silly tarball no local data for @jsonjoy.com/codegen@https://registry.npmjs.org/@jsonjoy.com/codegen/-/codegen-1.0.0.tgz. Extracting by manifest.
827 silly tarball no local data for @jsonjoy.com/base64@https://registry.npmjs.org/@jsonjoy.com/base64/-/base64-1.1.2.tgz. Extracting by manifest.
828 silly tarball no local data for @jridgewell/trace-mapping@https://registry.npmjs.org/@jridgewell/trace-mapping/-/trace-mapping-0.3.31.tgz. Extracting by manifest.
829 silly tarball no local data for @jridgewell/sourcemap-codec@https://registry.npmjs.org/@jridgewell/sourcemap-codec/-/sourcemap-codec-1.5.5.tgz. Extracting by manifest.
830 silly tarball no local data for @jridgewell/resolve-uri@https://registry.npmjs.org/@jridgewell/resolve-uri/-/resolve-uri-3.1.2.tgz. Extracting by manifest.
831 silly tarball no local data for @jridgewell/remapping@https://registry.npmjs.org/@jridgewell/remapping/-/remapping-2.3.5.tgz. Extracting by manifest.
832 silly tarball no local data for @jridgewell/source-map@https://registry.npmjs.org/@jridgewell/source-map/-/source-map-0.3.11.tgz. Extracting by manifest.
833 silly tarball no local data for @jridgewell/gen-mapping@https://registry.npmjs.org/@jridgewell/gen-mapping/-/gen-mapping-0.3.13.tgz. Extracting by manifest.
834 silly tarball no local data for @gulpjs/messages@https://registry.npmjs.org/@gulpjs/messages/-/messages-1.1.0.tgz. Extracting by manifest.
835 silly tarball no local data for @gulpjs/to-absolute-glob@https://registry.npmjs.org/@gulpjs/to-absolute-glob/-/to-absolute-glob-4.0.0.tgz. Extracting by manifest.
836 silly tarball no local data for @fluentui/react-component-ref@https://registry.npmjs.org/@fluentui/react-component-ref/-/react-component-ref-0.63.1.tgz. Extracting by manifest.
837 silly tarball no local data for @fluentui/react-component-event-listener@https://registry.npmjs.org/@fluentui/react-component-event-listener/-/react-component-event-listener-0.63.1.tgz. Extracting by manifest.
838 silly tarball no local data for @emotion/utils@https://registry.npmjs.org/@emotion/utils/-/utils-1.4.2.tgz. Extracting by manifest.
839 silly tarball no local data for @emotion/weak-memoize@https://registry.npmjs.org/@emotion/weak-memoize/-/weak-memoize-0.4.0.tgz. Extracting by manifest.
840 silly tarball no local data for @emotion/sheet@https://registry.npmjs.org/@emotion/sheet/-/sheet-1.4.0.tgz. Extracting by manifest.
841 silly tarball no local data for @emotion/use-insertion-effect-with-fallbacks@https://registry.npmjs.org/@emotion/use-insertion-effect-with-fallbacks/-/use-insertion-effect-with-fallbacks-1.2.0.tgz. Extracting by manifest.
842 silly tarball no local data for @emotion/serialize@https://registry.npmjs.org/@emotion/serialize/-/serialize-1.3.3.tgz. Extracting by manifest.
843 silly tarball no local data for @emotion/styled@https://registry.npmjs.org/@emotion/styled/-/styled-11.14.1.tgz. Extracting by manifest.
844 silly tarball no local data for @emotion/unitless@https://registry.npmjs.org/@emotion/unitless/-/unitless-0.10.0.tgz. Extracting by manifest.
845 silly tarball no local data for @emotion/memoize@https://registry.npmjs.org/@emotion/memoize/-/memoize-0.9.0.tgz. Extracting by manifest.
846 silly tarball no local data for @emotion/react@https://registry.npmjs.org/@emotion/react/-/react-11.14.0.tgz. Extracting by manifest.
847 silly tarball no local data for @emotion/is-prop-valid@https://registry.npmjs.org/@emotion/is-prop-valid/-/is-prop-valid-1.4.0.tgz. Extracting by manifest.
848 silly tarball no local data for @emotion/core@https://registry.npmjs.org/@emotion/core/-/core-11.0.0.tgz. Extracting by manifest.
849 silly tarball no local data for @emotion/cache@https://registry.npmjs.org/@emotion/cache/-/cache-11.14.0.tgz. Extracting by manifest.
850 silly tarball no local data for @emotion/hash@https://registry.npmjs.org/@emotion/hash/-/hash-0.9.2.tgz. Extracting by manifest.
851 silly tarball no local data for @emotion/babel-plugin@https://registry.npmjs.org/@emotion/babel-plugin/-/babel-plugin-11.13.5.tgz. Extracting by manifest.
852 silly tarball no local data for @discoveryjs/json-ext@https://registry.npmjs.org/@discoveryjs/json-ext/-/json-ext-0.5.7.tgz. Extracting by manifest.
853 silly tarball no local data for @csstools/css-parser-algorithms@https://registry.npmjs.org/@csstools/css-parser-algorithms/-/css-parser-algorithms-4.0.0.tgz. Extracting by manifest.
854 silly tarball no local data for @csstools/css-tokenizer@https://registry.npmjs.org/@csstools/css-tokenizer/-/css-tokenizer-4.0.0.tgz. Extracting by manifest.
855 silly tarball no local data for @csstools/css-color-parser@https://registry.npmjs.org/@csstools/css-color-parser/-/css-color-parser-4.1.10.tgz. Extracting by manifest.
856 silly tarball no local data for @csstools/css-calc@https://registry.npmjs.org/@csstools/css-calc/-/css-calc-3.3.0.tgz. Extracting by manifest.
857 silly tarball no local data for @csstools/color-helpers@https://registry.npmjs.org/@csstools/color-helpers/-/color-helpers-6.1.0.tgz. Extracting by manifest.
858 silly tarball no local data for @babel/types@https://registry.npmjs.org/@babel/types/-/types-7.29.8.tgz. Extracting by manifest.
859 silly tarball no local data for @bramus/specificity@https://registry.npmjs.org/@bramus/specificity/-/specificity-2.4.2.tgz. Extracting by manifest.
860 silly tarball no local data for @babel/traverse@https://registry.npmjs.org/@babel/traverse/-/traverse-7.29.8.tgz. Extracting by manifest.
861 silly tarball no local data for @babel/runtime@https://registry.npmjs.org/@babel/runtime/-/runtime-7.29.7.tgz. Extracting by manifest.
862 silly tarball no local data for @babel/template@https://registry.npmjs.org/@babel/template/-/template-7.29.7.tgz. Extracting by manifest.
863 silly tarball no local data for @babel/preset-react@https://registry.npmjs.org/@babel/preset-react/-/preset-react-7.29.7.tgz. Extracting by manifest.
864 silly tarball no local data for @babel/preset-env@https://registry.npmjs.org/@babel/preset-env/-/preset-env-7.29.7.tgz. Extracting by manifest.
865 silly tarball no local data for @babel/register@https://registry.npmjs.org/@babel/register/-/register-7.29.7.tgz. Extracting by manifest.
866 silly tarball no local data for @babel/plugin-transform-unicode-sets-regex@https://registry.npmjs.org/@babel/plugin-transform-unicode-sets-regex/-/plugin-transform-unicode-sets-regex-7.29.7.tgz. Extracting by manifest.
867 silly tarball no local data for @babel/preset-modules@https://registry.npmjs.org/@babel/preset-modules/-/preset-modules-0.1.6-no-external-plugins.tgz. Extracting by manifest.
868 silly tarball no local data for @babel/plugin-transform-unicode-property-regex@https://registry.npmjs.org/@babel/plugin-transform-unicode-property-regex/-/plugin-transform-unicode-property-regex-7.29.7.tgz. Extracting by manifest.
869 silly tarball no local data for @babel/plugin-transform-unicode-regex@https://registry.npmjs.org/@babel/plugin-transform-unicode-regex/-/plugin-transform-unicode-regex-7.29.7.tgz. Extracting by manifest.
870 silly tarball no local data for @babel/plugin-transform-unicode-escapes@https://registry.npmjs.org/@babel/plugin-transform-unicode-escapes/-/plugin-transform-unicode-escapes-7.29.7.tgz. Extracting by manifest.
871 silly tarball no local data for @babel/plugin-transform-typeof-symbol@https://registry.npmjs.org/@babel/plugin-transform-typeof-symbol/-/plugin-transform-typeof-symbol-7.29.7.tgz. Extracting by manifest.
872 silly tarball no local data for @babel/plugin-transform-template-literals@https://registry.npmjs.org/@babel/plugin-transform-template-literals/-/plugin-transform-template-literals-7.29.7.tgz. Extracting by manifest.
873 silly tarball no local data for @babel/plugin-transform-sticky-regex@https://registry.npmjs.org/@babel/plugin-transform-sticky-regex/-/plugin-transform-sticky-regex-7.29.7.tgz. Extracting by manifest.
874 silly tarball no local data for @babel/plugin-transform-shorthand-properties@https://registry.npmjs.org/@babel/plugin-transform-shorthand-properties/-/plugin-transform-shorthand-properties-7.29.7.tgz. Extracting by manifest.
875 silly tarball no local data for @babel/plugin-transform-spread@https://registry.npmjs.org/@babel/plugin-transform-spread/-/plugin-transform-spread-7.29.8.tgz. Extracting by manifest.
876 silly tarball no local data for @babel/plugin-transform-runtime@https://registry.npmjs.org/@babel/plugin-transform-runtime/-/plugin-transform-runtime-7.29.7.tgz. Extracting by manifest.
877 silly tarball no local data for @babel/plugin-transform-reserved-words@https://registry.npmjs.org/@babel/plugin-transform-reserved-words/-/plugin-transform-reserved-words-7.29.7.tgz. Extracting by manifest.
878 silly tarball no local data for @babel/plugin-transform-regexp-modifiers@https://registry.npmjs.org/@babel/plugin-transform-regexp-modifiers/-/plugin-transform-regexp-modifiers-7.29.7.tgz. Extracting by manifest.
879 silly tarball no local data for @babel/plugin-transform-regenerator@https://registry.npmjs.org/@babel/plugin-transform-regenerator/-/plugin-transform-regenerator-7.29.8.tgz. Extracting by manifest.
880 silly tarball no local data for @babel/plugin-transform-react-pure-annotations@https://registry.npmjs.org/@babel/plugin-transform-react-pure-annotations/-/plugin-transform-react-pure-annotations-7.29.7.tgz. Extracting by manifest.
881 silly tarball no local data for @babel/plugin-transform-react-jsx-development@https://registry.npmjs.org/@babel/plugin-transform-react-jsx-development/-/plugin-transform-react-jsx-development-7.29.7.tgz. Extracting by manifest.
882 silly tarball no local data for @babel/plugin-transform-react-jsx@https://registry.npmjs.org/@babel/plugin-transform-react-jsx/-/plugin-transform-react-jsx-7.29.7.tgz. Extracting by manifest.
883 silly tarball no local data for @babel/plugin-transform-react-display-name@https://registry.npmjs.org/@babel/plugin-transform-react-display-name/-/plugin-transform-react-display-name-7.29.7.tgz. Extracting by manifest.
884 silly tarball no local data for @babel/plugin-transform-property-literals@https://registry.npmjs.org/@babel/plugin-transform-property-literals/-/plugin-transform-property-literals-7.29.7.tgz. Extracting by manifest.
885 silly tarball no local data for @babel/plugin-transform-private-property-in-object@https://registry.npmjs.org/@babel/plugin-transform-private-property-in-object/-/plugin-transform-private-property-in-object-7.29.7.tgz. Extracting by manifest.
886 silly tarball no local data for @babel/plugin-transform-private-methods@https://registry.npmjs.org/@babel/plugin-transform-private-methods/-/plugin-transform-private-methods-7.29.7.tgz. Extracting by manifest.
887 silly tarball no local data for @babel/plugin-transform-parameters@https://registry.npmjs.org/@babel/plugin-transform-parameters/-/plugin-transform-parameters-7.29.7.tgz. Extracting by manifest.
888 silly tarball no local data for @babel/plugin-transform-optional-chaining@https://registry.npmjs.org/@babel/plugin-transform-optional-chaining/-/plugin-transform-optional-chaining-7.29.7.tgz. Extracting by manifest.
889 silly tarball no local data for @babel/plugin-transform-optional-catch-binding@https://registry.npmjs.org/@babel/plugin-transform-optional-catch-binding/-/plugin-transform-optional-catch-binding-7.29.7.tgz. Extracting by manifest.
890 silly tarball no local data for @babel/plugin-transform-object-super@https://registry.npmjs.org/@babel/plugin-transform-object-super/-/plugin-transform-object-super-7.29.7.tgz. Extracting by manifest.
891 silly tarball no local data for @babel/plugin-transform-object-rest-spread@https://registry.npmjs.org/@babel/plugin-transform-object-rest-spread/-/plugin-transform-object-rest-spread-7.29.7.tgz. Extracting by manifest.
892 silly tarball no local data for @babel/plugin-transform-numeric-separator@https://registry.npmjs.org/@babel/plugin-transform-numeric-separator/-/plugin-transform-numeric-separator-7.29.7.tgz. Extracting by manifest.
893 silly tarball no local data for @babel/plugin-transform-new-target@https://registry.npmjs.org/@babel/plugin-transform-new-target/-/plugin-transform-new-target-7.29.7.tgz. Extracting by manifest.
894 silly tarball no local data for @babel/plugin-transform-nullish-coalescing-operator@https://registry.npmjs.org/@babel/plugin-transform-nullish-coalescing-operator/-/plugin-transform-nullish-coalescing-operator-7.29.7.tgz. Extracting by manifest.
895 silly tarball no local data for @babel/plugin-transform-named-capturing-groups-regex@https://registry.npmjs.org/@babel/plugin-transform-named-capturing-groups-regex/-/plugin-transform-named-capturing-groups-regex-7.29.7.tgz. Extracting by manifest.
896 silly tarball no local data for @babel/plugin-transform-modules-umd@https://registry.npmjs.org/@babel/plugin-transform-modules-umd/-/plugin-transform-modules-umd-7.29.7.tgz. Extracting by manifest.
897 silly tarball no local data for @babel/plugin-transform-modules-amd@https://registry.npmjs.org/@babel/plugin-transform-modules-amd/-/plugin-transform-modules-amd-7.29.7.tgz. Extracting by manifest.
898 silly tarball no local data for @babel/plugin-transform-modules-commonjs@https://registry.npmjs.org/@babel/plugin-transform-modules-commonjs/-/plugin-transform-modules-commonjs-7.29.7.tgz. Extracting by manifest.
899 silly tarball no local data for @babel/plugin-transform-member-expression-literals@https://registry.npmjs.org/@babel/plugin-transform-member-expression-literals/-/plugin-transform-member-expression-literals-7.29.7.tgz. Extracting by manifest.
900 silly tarball no local data for @babel/plugin-transform-logical-assignment-operators@https://registry.npmjs.org/@babel/plugin-transform-logical-assignment-operators/-/plugin-transform-logical-assignment-operators-7.29.7.tgz. Extracting by manifest.
901 silly tarball no local data for @babel/plugin-transform-modules-systemjs@https://registry.npmjs.org/@babel/plugin-transform-modules-systemjs/-/plugin-transform-modules-systemjs-7.29.8.tgz. Extracting by manifest.
902 silly tarball no local data for @babel/plugin-transform-literals@https://registry.npmjs.org/@babel/plugin-transform-literals/-/plugin-transform-literals-7.29.7.tgz. Extracting by manifest.
903 silly tarball no local data for @babel/plugin-transform-json-strings@https://registry.npmjs.org/@babel/plugin-transform-json-strings/-/plugin-transform-json-strings-7.29.7.tgz. Extracting by manifest.
904 silly tarball no local data for @babel/plugin-transform-for-of@https://registry.npmjs.org/@babel/plugin-transform-for-of/-/plugin-transform-for-of-7.29.7.tgz. Extracting by manifest.
905 silly tarball no local data for @babel/plugin-transform-export-namespace-from@https://registry.npmjs.org/@babel/plugin-transform-export-namespace-from/-/plugin-transform-export-namespace-from-7.29.7.tgz. Extracting by manifest.
906 silly tarball no local data for @babel/plugin-transform-function-name@https://registry.npmjs.org/@babel/plugin-transform-function-name/-/plugin-transform-function-name-7.29.7.tgz. Extracting by manifest.
907 silly tarball no local data for @babel/plugin-transform-explicit-resource-management@https://registry.npmjs.org/@babel/plugin-transform-explicit-resource-management/-/plugin-transform-explicit-resource-management-7.29.7.tgz. Extracting by manifest.
908 silly tarball no local data for @babel/plugin-transform-exponentiation-operator@https://registry.npmjs.org/@babel/plugin-transform-exponentiation-operator/-/plugin-transform-exponentiation-operator-7.29.7.tgz. Extracting by manifest.
909 silly tarball no local data for @babel/plugin-transform-dynamic-import@https://registry.npmjs.org/@babel/plugin-transform-dynamic-import/-/plugin-transform-dynamic-import-7.29.7.tgz. Extracting by manifest.
910 silly tarball no local data for @babel/plugin-transform-duplicate-keys@https://registry.npmjs.org/@babel/plugin-transform-duplicate-keys/-/plugin-transform-duplicate-keys-7.29.7.tgz. Extracting by manifest.
911 silly tarball no local data for @babel/plugin-transform-computed-properties@https://registry.npmjs.org/@babel/plugin-transform-computed-properties/-/plugin-transform-computed-properties-7.29.7.tgz. Extracting by manifest.
912 silly tarball no local data for @babel/plugin-transform-duplicate-named-capturing-groups-regex@https://registry.npmjs.org/@babel/plugin-transform-duplicate-named-capturing-groups-regex/-/plugin-transform-duplicate-named-capturing-groups-regex-7.29.7.tgz. Extracting by manifest.
913 silly tarball no local data for @babel/plugin-transform-destructuring@https://registry.npmjs.org/@babel/plugin-transform-destructuring/-/plugin-transform-destructuring-7.29.7.tgz. Extracting by manifest.
914 silly tarball no local data for @babel/plugin-transform-classes@https://registry.npmjs.org/@babel/plugin-transform-classes/-/plugin-transform-classes-7.29.7.tgz. Extracting by manifest.
915 silly tarball no local data for @babel/plugin-transform-dotall-regex@https://registry.npmjs.org/@babel/plugin-transform-dotall-regex/-/plugin-transform-dotall-regex-7.29.7.tgz. Extracting by manifest.
916 silly tarball no local data for @babel/plugin-transform-class-static-block@https://registry.npmjs.org/@babel/plugin-transform-class-static-block/-/plugin-transform-class-static-block-7.29.7.tgz. Extracting by manifest.
917 silly tarball no local data for @babel/plugin-transform-block-scoping@https://registry.npmjs.org/@babel/plugin-transform-block-scoping/-/plugin-transform-block-scoping-7.29.7.tgz. Extracting by manifest.
918 silly tarball no local data for @babel/plugin-transform-block-scoped-functions@https://registry.npmjs.org/@babel/plugin-transform-block-scoped-functions/-/plugin-transform-block-scoped-functions-7.29.7.tgz. Extracting by manifest.
919 silly tarball no local data for @babel/plugin-transform-class-properties@https://registry.npmjs.org/@babel/plugin-transform-class-properties/-/plugin-transform-class-properties-7.29.7.tgz. Extracting by manifest.
920 silly tarball no local data for @babel/plugin-transform-async-to-generator@https://registry.npmjs.org/@babel/plugin-transform-async-to-generator/-/plugin-transform-async-to-generator-7.29.7.tgz. Extracting by manifest.
921 silly tarball no local data for @babel/plugin-transform-arrow-functions@https://registry.npmjs.org/@babel/plugin-transform-arrow-functions/-/plugin-transform-arrow-functions-7.29.7.tgz. Extracting by manifest.
922 silly tarball no local data for @babel/plugin-syntax-unicode-sets-regex@https://registry.npmjs.org/@babel/plugin-syntax-unicode-sets-regex/-/plugin-syntax-unicode-sets-regex-7.18.6.tgz. Extracting by manifest.
923 silly tarball no local data for @babel/plugin-transform-async-generator-functions@https://registry.npmjs.org/@babel/plugin-transform-async-generator-functions/-/plugin-transform-async-generator-functions-7.29.7.tgz. Extracting by manifest.
924 silly tarball no local data for @babel/plugin-syntax-jsx@https://registry.npmjs.org/@babel/plugin-syntax-jsx/-/plugin-syntax-jsx-7.29.7.tgz. Extracting by manifest.
925 silly tarball no local data for @babel/plugin-syntax-import-attributes@https://registry.npmjs.org/@babel/plugin-syntax-import-attributes/-/plugin-syntax-import-attributes-7.29.7.tgz. Extracting by manifest.
926 silly tarball no local data for @babel/plugin-syntax-import-assertions@https://registry.npmjs.org/@babel/plugin-syntax-import-assertions/-/plugin-syntax-import-assertions-7.29.7.tgz. Extracting by manifest.
927 silly tarball no local data for @babel/plugin-proposal-private-property-in-object@https://registry.npmjs.org/@babel/plugin-proposal-private-property-in-object/-/plugin-proposal-private-property-in-object-7.21.0-placeholder-for-preset-env.2.tgz. Extracting by manifest.
928 silly tarball no local data for @babel/plugin-bugfix-v8-static-class-fields-redefine-readonly@https://registry.npmjs.org/@babel/plugin-bugfix-v8-static-class-fields-redefine-readonly/-/plugin-bugfix-v8-static-class-fields-redefine-readonly-7.29.7.tgz. Extracting by manifest.
929 silly tarball no local data for @babel/plugin-bugfix-v8-spread-parameters-in-optional-chaining@https://registry.npmjs.org/@babel/plugin-bugfix-v8-spread-parameters-in-optional-chaining/-/plugin-bugfix-v8-spread-parameters-in-optional-chaining-7.29.7.tgz. Extracting by manifest.
930 silly tarball no local data for @babel/plugin-bugfix-safari-rest-destructuring-rhs-array@https://registry.npmjs.org/@babel/plugin-bugfix-safari-rest-destructuring-rhs-array/-/plugin-bugfix-safari-rest-destructuring-rhs-array-7.29.7.tgz. Extracting by manifest.
931 silly tarball no local data for @babel/plugin-bugfix-safari-class-field-initializer-scope@https://registry.npmjs.org/@babel/plugin-bugfix-safari-class-field-initializer-scope/-/plugin-bugfix-safari-class-field-initializer-scope-7.29.7.tgz. Extracting by manifest.
932 silly tarball no local data for @babel/plugin-bugfix-safari-id-destructuring-collision-in-function-expression@https://registry.npmjs.org/@babel/plugin-bugfix-safari-id-destructuring-collision-in-function-expression/-/plugin-bugfix-safari-id-destructuring-collision-in-function-expression-7.29.7.tgz. Extracting by manifest.
933 silly tarball no local data for @babel/plugin-bugfix-firefox-class-in-computed-class-key@https://registry.npmjs.org/@babel/plugin-bugfix-firefox-class-in-computed-class-key/-/plugin-bugfix-firefox-class-in-computed-class-key-7.29.7.tgz. Extracting by manifest.
934 silly tarball no local data for @babel/parser@https://registry.npmjs.org/@babel/parser/-/parser-7.29.8.tgz. Extracting by manifest.
935 silly tarball no local data for @babel/helpers@https://registry.npmjs.org/@babel/helpers/-/helpers-7.29.7.tgz. Extracting by manifest.
936 silly tarball no local data for @babel/helper-wrap-function@https://registry.npmjs.org/@babel/helper-wrap-function/-/helper-wrap-function-7.29.7.tgz. Extracting by manifest.
937 silly tarball no local data for @babel/helper-validator-option@https://registry.npmjs.org/@babel/helper-validator-option/-/helper-validator-option-7.29.7.tgz. Extracting by manifest.
938 silly tarball no local data for @babel/helper-validator-identifier@https://registry.npmjs.org/@babel/helper-validator-identifier/-/helper-validator-identifier-7.29.7.tgz. Extracting by manifest.
939 silly tarball no local data for @babel/helper-skip-transparent-expression-wrappers@https://registry.npmjs.org/@babel/helper-skip-transparent-expression-wrappers/-/helper-skip-transparent-expression-wrappers-7.29.7.tgz. Extracting by manifest.
940 silly tarball no local data for @babel/helper-string-parser@https://registry.npmjs.org/@babel/helper-string-parser/-/helper-string-parser-7.29.7.tgz. Extracting by manifest.
941 silly tarball no local data for @babel/helper-remap-async-to-generator@https://registry.npmjs.org/@babel/helper-remap-async-to-generator/-/helper-remap-async-to-generator-7.29.7.tgz. Extracting by manifest.
942 silly tarball no local data for @babel/helper-plugin-utils@https://registry.npmjs.org/@babel/helper-plugin-utils/-/helper-plugin-utils-7.29.7.tgz. Extracting by manifest.
943 silly tarball no local data for @babel/helper-replace-supers@https://registry.npmjs.org/@babel/helper-replace-supers/-/helper-replace-supers-7.29.7.tgz. Extracting by manifest.
944 silly tarball no local data for @babel/helper-module-transforms@https://registry.npmjs.org/@babel/helper-module-transforms/-/helper-module-transforms-7.29.7.tgz. Extracting by manifest.
945 silly tarball no local data for @babel/helper-optimise-call-expression@https://registry.npmjs.org/@babel/helper-optimise-call-expression/-/helper-optimise-call-expression-7.29.7.tgz. Extracting by manifest.
946 silly tarball no local data for @babel/helper-module-imports@https://registry.npmjs.org/@babel/helper-module-imports/-/helper-module-imports-7.29.7.tgz. Extracting by manifest.
947 silly tarball no local data for @babel/helper-member-expression-to-functions@https://registry.npmjs.org/@babel/helper-member-expression-to-functions/-/helper-member-expression-to-functions-7.29.7.tgz. Extracting by manifest.
948 silly tarball no local data for @babel/helper-create-regexp-features-plugin@https://registry.npmjs.org/@babel/helper-create-regexp-features-plugin/-/helper-create-regexp-features-plugin-7.29.7.tgz. Extracting by manifest.
949 silly tarball no local data for @babel/helper-globals@https://registry.npmjs.org/@babel/helper-globals/-/helper-globals-7.29.7.tgz. Extracting by manifest.
950 silly tarball no local data for @babel/helper-define-polyfill-provider@https://registry.npmjs.org/@babel/helper-define-polyfill-provider/-/helper-define-polyfill-provider-0.6.8.tgz. Extracting by manifest.
951 silly tarball no local data for @babel/helper-create-class-features-plugin@https://registry.npmjs.org/@babel/helper-create-class-features-plugin/-/helper-create-class-features-plugin-7.29.7.tgz. Extracting by manifest.
952 silly tarball no local data for @babel/helper-annotate-as-pure@https://registry.npmjs.org/@babel/helper-annotate-as-pure/-/helper-annotate-as-pure-7.29.7.tgz. Extracting by manifest.
953 silly tarball no local data for @babel/helper-compilation-targets@https://registry.npmjs.org/@babel/helper-compilation-targets/-/helper-compilation-targets-7.29.7.tgz. Extracting by manifest.
954 silly tarball no local data for @babel/generator@https://registry.npmjs.org/@babel/generator/-/generator-7.29.8.tgz. Extracting by manifest.
955 silly tarball no local data for @babel/compat-data@https://registry.npmjs.org/@babel/compat-data/-/compat-data-7.29.7.tgz. Extracting by manifest.
956 silly tarball no local data for @babel/core@https://registry.npmjs.org/@babel/core/-/core-7.29.7.tgz. Extracting by manifest.
957 silly tarball no local data for @babel/code-frame@https://registry.npmjs.org/@babel/code-frame/-/code-frame-7.29.7.tgz. Extracting by manifest.
958 silly tarball no local data for @asamuzakjp/nwsapi@https://registry.npmjs.org/@asamuzakjp/nwsapi/-/nwsapi-2.3.9.tgz. Extracting by manifest.
959 silly tarball no local data for @asamuzakjp/dom-selector@https://registry.npmjs.org/@asamuzakjp/dom-selector/-/dom-selector-7.1.1.tgz. Extracting by manifest.
960 silly tarball no local data for @asamuzakjp/generational-cache@https://registry.npmjs.org/@asamuzakjp/generational-cache/-/generational-cache-1.0.1.tgz. Extracting by manifest.
961 silly tarball no local data for @asamuzakjp/css-color@https://registry.npmjs.org/@asamuzakjp/css-color/-/css-color-5.1.11.tgz. Extracting by manifest.
962 silly tarball no local data for @noble/hashes@https://registry.npmjs.org/@noble/hashes/-/hashes-2.2.0.tgz. Extracting by manifest.
963 silly tarball no local data for http-proxy-middleware@https://registry.npmjs.org/http-proxy-middleware/-/http-proxy-middleware-2.0.10.tgz. Extracting by manifest.
964 silly tarball no local data for @exodus/bytes@https://registry.npmjs.org/@exodus/bytes/-/bytes-1.15.1.tgz. Extracting by manifest.
965 silly tarball no local data for which@https://registry.npmjs.org/which/-/which-2.0.2.tgz. Extracting by manifest.
966 silly tarball no local data for ws@https://registry.npmjs.org/ws/-/ws-8.21.1.tgz. Extracting by manifest.
967 silly tarball no local data for ipaddr.js@https://registry.npmjs.org/ipaddr.js/-/ipaddr.js-2.4.0.tgz. Extracting by manifest.
968 silly tarball no local data for mime-types@https://registry.npmjs.org/mime-types/-/mime-types-3.0.2.tgz. Extracting by manifest.
969 silly tarball no local data for webpack-merge@https://registry.npmjs.org/webpack-merge/-/webpack-merge-5.10.0.tgz. Extracting by manifest.
970 silly tarball no local data for is-plain-obj@https://registry.npmjs.org/is-plain-obj/-/is-plain-obj-3.0.0.tgz. Extracting by manifest.
971 silly tarball no local data for shebang-command@https://registry.npmjs.org/shebang-command/-/shebang-command-2.0.0.tgz. Extracting by manifest.
972 silly tarball no local data for path-key@https://registry.npmjs.org/path-key/-/path-key-3.1.1.tgz. Extracting by manifest.
973 silly tarball no local data for shebang-regex@https://registry.npmjs.org/shebang-regex/-/shebang-regex-3.0.0.tgz. Extracting by manifest.
974 silly tarball no local data for commander@https://registry.npmjs.org/commander/-/commander-10.0.1.tgz. Extracting by manifest.
975 silly tarball no local data for cross-spawn@https://registry.npmjs.org/cross-spawn/-/cross-spawn-7.0.6.tgz. Extracting by manifest.
976 silly tarball no local data for commander@https://registry.npmjs.org/commander/-/commander-7.2.0.tgz. Extracting by manifest.
977 silly tarball no local data for buffer@https://registry.npmjs.org/buffer/-/buffer-6.0.3.tgz. Extracting by manifest.
978 silly tarball no local data for iconv-lite@https://registry.npmjs.org/iconv-lite/-/iconv-lite-0.6.3.tgz. Extracting by manifest.
979 silly tarball no local data for readable-stream@https://registry.npmjs.org/readable-stream/-/readable-stream-3.6.2.tgz. Extracting by manifest.
980 silly tarball no local data for bl@https://registry.npmjs.org/bl/-/bl-5.1.0.tgz. Extracting by manifest.
981 silly tarball no local data for escape-string-regexp@https://registry.npmjs.org/escape-string-regexp/-/escape-string-regexp-1.0.5.tgz. Extracting by manifest.
982 silly tarball no local data for replace-ext@https://registry.npmjs.org/replace-ext/-/replace-ext-2.0.0.tgz. Extracting by manifest.
983 silly tarball no local data for tslib@https://registry.npmjs.org/tslib/-/tslib-1.14.1.tgz. Extracting by manifest.
984 silly tarball no local data for isarray@https://registry.npmjs.org/isarray/-/isarray-2.0.5.tgz. Extracting by manifest.
985 silly tarball no local data for commander@https://registry.npmjs.org/commander/-/commander-7.2.0.tgz. Extracting by manifest.
986 silly tarball no local data for stylis@https://registry.npmjs.org/stylis/-/stylis-4.3.6.tgz. Extracting by manifest.
987 silly tarball no local data for b4a@https://registry.npmjs.org/b4a/-/b4a-1.8.1.tgz. Extracting by manifest.
988 silly tarball no local data for commander@https://registry.npmjs.org/commander/-/commander-2.20.3.tgz. Extracting by manifest.
989 silly tarball no local data for escape-string-regexp@https://registry.npmjs.org/escape-string-regexp/-/escape-string-regexp-1.0.5.tgz. Extracting by manifest.
990 silly tarball no local data for readable-stream@https://registry.npmjs.org/readable-stream/-/readable-stream-3.6.2.tgz. Extracting by manifest.
991 silly tarball no local data for safe-buffer@https://registry.npmjs.org/safe-buffer/-/safe-buffer-5.1.2.tgz. Extracting by manifest.
992 silly tarball no local data for uuid@https://registry.npmjs.org/uuid/-/uuid-8.3.2.tgz. Extracting by manifest.
993 silly tarball no local data for http-errors@https://registry.npmjs.org/http-errors/-/http-errors-1.8.1.tgz. Extracting by manifest.
994 silly tarball no local data for ms@https://registry.npmjs.org/ms/-/ms-2.0.0.tgz. Extracting by manifest.
995 silly tarball no local data for statuses@https://registry.npmjs.org/statuses/-/statuses-1.5.0.tgz. Extracting by manifest.
996 silly tarball no local data for depd@https://registry.npmjs.org/depd/-/depd-1.1.2.tgz. Extracting by manifest.
997 silly tarball no local data for source-map@https://registry.npmjs.org/source-map/-/source-map-0.6.1.tgz. Extracting by manifest.
998 silly tarball no local data for debug@https://registry.npmjs.org/debug/-/debug-2.6.9.tgz. Extracting by manifest.
999 silly tarball no local data for ms@https://registry.npmjs.org/ms/-/ms-2.0.0.tgz. Extracting by manifest.
1000 silly tarball no local data for debug@https://registry.npmjs.org/debug/-/debug-2.6.9.tgz. Extracting by manifest.
1001 silly tarball no local data for readdirp@https://registry.npmjs.org/readdirp/-/readdirp-5.0.0.tgz. Extracting by manifest.
1002 silly tarball no local data for commander@https://registry.npmjs.org/commander/-/commander-2.20.3.tgz. Extracting by manifest.
1003 silly tarball no local data for semver@https://registry.npmjs.org/semver/-/semver-5.7.2.tgz. Extracting by manifest.
1004 silly tarball no local data for chokidar@https://registry.npmjs.org/chokidar/-/chokidar-5.0.0.tgz. Extracting by manifest.
1005 silly tarball no local data for picomatch@https://registry.npmjs.org/picomatch/-/picomatch-2.3.2.tgz. Extracting by manifest.
1006 silly tarball no local data for safe-buffer@https://registry.npmjs.org/safe-buffer/-/safe-buffer-5.1.2.tgz. Extracting by manifest.
1007 silly tarball no local data for resolve-from@https://registry.npmjs.org/resolve-from/-/resolve-from-5.0.0.tgz. Extracting by manifest.
1008 silly tarball no local data for react-fast-compare@https://registry.npmjs.org/react-fast-compare/-/react-fast-compare-3.2.2.tgz. Extracting by manifest.
1009 silly tarball no local data for react-fast-compare@https://registry.npmjs.org/react-fast-compare/-/react-fast-compare-3.2.2.tgz. Extracting by manifest.
1010 silly tarball no local data for shebang-regex@https://registry.npmjs.org/shebang-regex/-/shebang-regex-3.0.0.tgz. Extracting by manifest.
1011 silly tarball no local data for path-key@https://registry.npmjs.org/path-key/-/path-key-3.1.1.tgz. Extracting by manifest.
1012 silly tarball no local data for which@https://registry.npmjs.org/which/-/which-2.0.2.tgz. Extracting by manifest.
1013 silly tarball no local data for npm-run-path@https://registry.npmjs.org/npm-run-path/-/npm-run-path-4.0.1.tgz. Extracting by manifest.
1014 silly tarball no local data for shebang-command@https://registry.npmjs.org/shebang-command/-/shebang-command-2.0.0.tgz. Extracting by manifest.
1015 silly tarball no local data for is-stream@https://registry.npmjs.org/is-stream/-/is-stream-2.0.1.tgz. Extracting by manifest.
1016 silly tarball no local data for human-signals@https://registry.npmjs.org/human-signals/-/human-signals-1.1.1.tgz. Extracting by manifest.
1017 silly tarball no local data for execa@https://registry.npmjs.org/execa/-/execa-4.1.0.tgz. Extracting by manifest.
1018 silly tarball no local data for entities@https://registry.npmjs.org/entities/-/entities-8.0.0.tgz. Extracting by manifest.
1019 silly tarball no local data for get-stream@https://registry.npmjs.org/get-stream/-/get-stream-5.2.0.tgz. Extracting by manifest.
1020 silly tarball no local data for cross-spawn@https://registry.npmjs.org/cross-spawn/-/cross-spawn-7.0.6.tgz. Extracting by manifest.
1021 silly tarball no local data for mime-db@https://registry.npmjs.org/mime-db/-/mime-db-1.52.0.tgz. Extracting by manifest.
1022 silly tarball no local data for pify@https://registry.npmjs.org/pify/-/pify-3.0.0.tgz. Extracting by manifest.
1023 silly tarball no local data for sort-keys@https://registry.npmjs.org/sort-keys/-/sort-keys-2.0.0.tgz. Extracting by manifest.
1024 silly tarball no local data for prepend-http@https://registry.npmjs.org/prepend-http/-/prepend-http-2.0.0.tgz. Extracting by manifest.
1025 silly tarball no local data for picomatch@https://registry.npmjs.org/picomatch/-/picomatch-2.3.2.tgz. Extracting by manifest.
1026 silly tarball no local data for css-tree@https://registry.npmjs.org/css-tree/-/css-tree-3.2.1.tgz. Extracting by manifest.
1027 silly tarball no local data for lru-cache@https://registry.npmjs.org/lru-cache/-/lru-cache-11.5.2.tgz. Extracting by manifest.
1028 silly tarball no local data for @csstools/css-syntax-patches-for-csstree@https://registry.npmjs.org/@csstools/css-syntax-patches-for-csstree/-/css-syntax-patches-for-csstree-1.1.7.tgz. Extracting by manifest.
1029 silly tarball no local data for mdn-data@https://registry.npmjs.org/mdn-data/-/mdn-data-2.27.1.tgz. Extracting by manifest.
1030 silly tarball no local data for @noble/hashes@https://registry.npmjs.org/@noble/hashes/-/hashes-2.2.0.tgz. Extracting by manifest.
1031 silly tarball no local data for file-type@https://registry.npmjs.org/file-type/-/file-type-10.11.0.tgz. Extracting by manifest.
1032 silly tarball no local data for file-type@https://registry.npmjs.org/file-type/-/file-type-10.11.0.tgz. Extracting by manifest.
1033 silly tarball no local data for @exodus/bytes@https://registry.npmjs.org/@exodus/bytes/-/bytes-1.15.1.tgz. Extracting by manifest.
1034 silly tarball no local data for pkg-dir@https://registry.npmjs.org/pkg-dir/-/pkg-dir-4.2.0.tgz. Extracting by manifest.
1035 silly tarball no local data for find-up@https://registry.npmjs.org/find-up/-/find-up-4.1.0.tgz. Extracting by manifest.
1036 silly tarball no local data for p-locate@https://registry.npmjs.org/p-locate/-/p-locate-4.1.0.tgz. Extracting by manifest.
1037 silly tarball no local data for p-limit@https://registry.npmjs.org/p-limit/-/p-limit-2.3.0.tgz. Extracting by manifest.
1038 silly tarball no local data for path-exists@https://registry.npmjs.org/path-exists/-/path-exists-4.0.0.tgz. Extracting by manifest.
1039 silly tarball no local data for locate-path@https://registry.npmjs.org/locate-path/-/locate-path-5.0.0.tgz. Extracting by manifest.
1040 silly tarball no local data for which@https://registry.npmjs.org/which/-/which-2.0.2.tgz. Extracting by manifest.
1041 silly tarball no local data for shebang-command@https://registry.npmjs.org/shebang-command/-/shebang-command-2.0.0.tgz. Extracting by manifest.
1042 silly tarball no local data for shebang-regex@https://registry.npmjs.org/shebang-regex/-/shebang-regex-3.0.0.tgz. Extracting by manifest.
1043 silly tarball no local data for path-key@https://registry.npmjs.org/path-key/-/path-key-3.1.1.tgz. Extracting by manifest.
1044 silly tarball no local data for human-signals@https://registry.npmjs.org/human-signals/-/human-signals-1.1.1.tgz. Extracting by manifest.
1045 silly tarball no local data for npm-run-path@https://registry.npmjs.org/npm-run-path/-/npm-run-path-4.0.1.tgz. Extracting by manifest.
1046 silly tarball no local data for get-stream@https://registry.npmjs.org/get-stream/-/get-stream-5.2.0.tgz. Extracting by manifest.
1047 silly tarball no local data for is-stream@https://registry.npmjs.org/is-stream/-/is-stream-2.0.1.tgz. Extracting by manifest.
1048 silly tarball no local data for execa@https://registry.npmjs.org/execa/-/execa-4.1.0.tgz. Extracting by manifest.
1049 silly tarball no local data for cross-spawn@https://registry.npmjs.org/cross-spawn/-/cross-spawn-7.0.6.tgz. Extracting by manifest.
1050 silly tarball no local data for which@https://registry.npmjs.org/which/-/which-2.0.2.tgz. Extracting by manifest.
1051 silly tarball no local data for shebang-command@https://registry.npmjs.org/shebang-command/-/shebang-command-2.0.0.tgz. Extracting by manifest.
1052 silly tarball no local data for shebang-regex@https://registry.npmjs.org/shebang-regex/-/shebang-regex-3.0.0.tgz. Extracting by manifest.
1053 silly tarball no local data for npm-run-path@https://registry.npmjs.org/npm-run-path/-/npm-run-path-4.0.1.tgz. Extracting by manifest.
1054 silly tarball no local data for get-stream@https://registry.npmjs.org/get-stream/-/get-stream-5.2.0.tgz. Extracting by manifest.
1055 silly tarball no local data for is-stream@https://registry.npmjs.org/is-stream/-/is-stream-2.0.1.tgz. Extracting by manifest.
1056 silly tarball no local data for human-signals@https://registry.npmjs.org/human-signals/-/human-signals-1.1.1.tgz. Extracting by manifest.
1057 silly tarball no local data for path-key@https://registry.npmjs.org/path-key/-/path-key-3.1.1.tgz. Extracting by manifest.
1058 silly tarball no local data for execa@https://registry.npmjs.org/execa/-/execa-4.1.0.tgz. Extracting by manifest.
1059 silly tarball no local data for globby@https://registry.npmjs.org/globby/-/globby-10.0.2.tgz. Extracting by manifest.
1060 silly tarball no local data for cross-spawn@https://registry.npmjs.org/cross-spawn/-/cross-spawn-7.0.6.tgz. Extracting by manifest.
1061 silly tarball no local data for array-union@https://registry.npmjs.org/array-union/-/array-union-2.1.0.tgz. Extracting by manifest.
1062 silly tarball no local data for json-schema-traverse@https://registry.npmjs.org/json-schema-traverse/-/json-schema-traverse-0.4.1.tgz. Extracting by manifest.
1063 silly tarball no local data for ajv-keywords@https://registry.npmjs.org/ajv-keywords/-/ajv-keywords-3.5.2.tgz. Extracting by manifest.
1064 silly tarball no local data for ajv@https://registry.npmjs.org/ajv/-/ajv-6.15.0.tgz. Extracting by manifest.
1065 silly tarball no local data for schema-utils@https://registry.npmjs.org/schema-utils/-/schema-utils-2.7.1.tgz. Extracting by manifest.
1066 silly tarball no local data for @noble/hashes@https://registry.npmjs.org/@noble/hashes/-/hashes-2.2.0.tgz. Extracting by manifest.
1067 silly tarball no local data for cliui@https://registry.npmjs.org/cliui/-/cliui-7.0.4.tgz. Extracting by manifest.
1068 silly tarball no local data for @exodus/bytes@https://registry.npmjs.org/@exodus/bytes/-/bytes-1.15.1.tgz. Extracting by manifest.
1069 silly tarball no local data for yargs-parser@https://registry.npmjs.org/yargs-parser/-/yargs-parser-20.2.9.tgz. Extracting by manifest.
1070 silly tarball no local data for get-stream@https://registry.npmjs.org/get-stream/-/get-stream-3.0.0.tgz. Extracting by manifest.
1071 silly tarball no local data for glob-parent@https://registry.npmjs.org/glob-parent/-/glob-parent-6.0.2.tgz. Extracting by manifest.
1072 silly tarball no local data for yargs@https://registry.npmjs.org/yargs/-/yargs-16.2.2.tgz. Extracting by manifest.
1073 silly tarball no local data for which@https://registry.npmjs.org/which/-/which-2.0.2.tgz. Extracting by manifest.
1074 silly tarball no local data for shebang-regex@https://registry.npmjs.org/shebang-regex/-/shebang-regex-3.0.0.tgz. Extracting by manifest.
1075 silly tarball no local data for shebang-command@https://registry.npmjs.org/shebang-command/-/shebang-command-2.0.0.tgz. Extracting by manifest.
1076 silly tarball no local data for pify@https://registry.npmjs.org/pify/-/pify-2.3.0.tgz. Extracting by manifest.
1077 silly tarball no local data for path-key@https://registry.npmjs.org/path-key/-/path-key-3.1.1.tgz. Extracting by manifest.
1078 silly tarball no local data for is-stream@https://registry.npmjs.org/is-stream/-/is-stream-2.0.1.tgz. Extracting by manifest.
1079 silly tarball no local data for npm-run-path@https://registry.npmjs.org/npm-run-path/-/npm-run-path-4.0.1.tgz. Extracting by manifest.
1080 silly tarball no local data for get-stream@https://registry.npmjs.org/get-stream/-/get-stream-6.0.1.tgz. Extracting by manifest.
1081 silly tarball no local data for execa@https://registry.npmjs.org/execa/-/execa-5.1.1.tgz. Extracting by manifest.
1082 silly tarball no local data for cross-spawn@https://registry.npmjs.org/cross-spawn/-/cross-spawn-7.0.6.tgz. Extracting by manifest.
1083 silly tarball no local data for debug@https://registry.npmjs.org/debug/-/debug-2.6.9.tgz. Extracting by manifest.
1084 silly tarball no local data for ms@https://registry.npmjs.org/ms/-/ms-2.0.0.tgz. Extracting by manifest.
1085 silly tarball no local data for pify@https://registry.npmjs.org/pify/-/pify-2.3.0.tgz. Extracting by manifest.
1086 silly tarball no local data for yallist@https://registry.npmjs.org/yallist/-/yallist-2.1.2.tgz. Extracting by manifest.
1087 silly tarball no local data for ms@https://registry.npmjs.org/ms/-/ms-2.0.0.tgz. Extracting by manifest.
1088 silly tarball no local data for debug@https://registry.npmjs.org/debug/-/debug-2.6.9.tgz. Extracting by manifest.
1089 silly tarball no local data for pify@https://registry.npmjs.org/pify/-/pify-3.0.0.tgz. Extracting by manifest.
1090 silly tarball no local data for lru-cache@https://registry.npmjs.org/lru-cache/-/lru-cache-4.1.5.tgz. Extracting by manifest.
1091 silly tarball no local data for get-stream@https://registry.npmjs.org/get-stream/-/get-stream-3.0.0.tgz. Extracting by manifest.
1092 silly tarball no local data for execa@https://registry.npmjs.org/execa/-/execa-0.7.0.tgz. Extracting by manifest.
1093 silly tarball no local data for cross-spawn@https://registry.npmjs.org/cross-spawn/-/cross-spawn-5.1.0.tgz. Extracting by manifest.
1094 silly tarball no local data for estraverse@https://registry.npmjs.org/estraverse/-/estraverse-5.3.0.tgz. Extracting by manifest.
1095 silly tarball no local data for pify@https://registry.npmjs.org/pify/-/pify-3.0.0.tgz. Extracting by manifest.
1096 silly tarball no local data for get-stream@https://registry.npmjs.org/get-stream/-/get-stream-3.0.0.tgz. Extracting by manifest.
1097 silly tarball no local data for make-dir@https://registry.npmjs.org/make-dir/-/make-dir-1.3.0.tgz. Extracting by manifest.
1098 silly tarball no local data for file-type@https://registry.npmjs.org/file-type/-/file-type-5.2.0.tgz. Extracting by manifest.
1099 silly tarball no local data for get-stream@https://registry.npmjs.org/get-stream/-/get-stream-2.3.1.tgz. Extracting by manifest.
1100 silly tarball no local data for file-type@https://registry.npmjs.org/file-type/-/file-type-3.9.0.tgz. Extracting by manifest.
1101 silly tarball no local data for file-type@https://registry.npmjs.org/file-type/-/file-type-5.2.0.tgz. Extracting by manifest.
1102 silly tarball no local data for file-type@https://registry.npmjs.org/file-type/-/file-type-6.2.0.tgz. Extracting by manifest.
1103 silly tarball no local data for pify@https://registry.npmjs.org/pify/-/pify-2.3.0.tgz. Extracting by manifest.
1104 silly tarball no local data for file-type@https://registry.npmjs.org/file-type/-/file-type-5.2.0.tgz. Extracting by manifest.
1105 silly tarball no local data for make-dir@https://registry.npmjs.org/make-dir/-/make-dir-1.3.0.tgz. Extracting by manifest.
1106 silly tarball no local data for pify@https://registry.npmjs.org/pify/-/pify-2.3.0.tgz. Extracting by manifest.
1107 silly tarball no local data for pify@https://registry.npmjs.org/pify/-/pify-3.0.0.tgz. Extracting by manifest.
1108 silly tarball no local data for source-map@https://registry.npmjs.org/source-map/-/source-map-0.6.1.tgz. Extracting by manifest.
1109 silly tarball no local data for semver@https://registry.npmjs.org/semver/-/semver-7.8.5.tgz. Extracting by manifest.
1110 silly tarball no local data for semver@https://registry.npmjs.org/semver/-/semver-5.7.2.tgz. Extracting by manifest.
1111 silly tarball no local data for negotiator@https://registry.npmjs.org/negotiator/-/negotiator-0.6.4.tgz. Extracting by manifest.
1112 silly tarball no local data for debug@https://registry.npmjs.org/debug/-/debug-2.6.9.tgz. Extracting by manifest.
1113 silly tarball no local data for ms@https://registry.npmjs.org/ms/-/ms-2.0.0.tgz. Extracting by manifest.
1114 silly tarball no local data for is-plain-object@https://registry.npmjs.org/is-plain-object/-/is-plain-object-2.0.4.tgz. Extracting by manifest.
1115 silly tarball no local data for source-map@https://registry.npmjs.org/source-map/-/source-map-0.6.1.tgz. Extracting by manifest.
1116 silly tarball no local data for supports-color@https://registry.npmjs.org/supports-color/-/supports-color-7.2.0.tgz. Extracting by manifest.
1117 silly tarball no local data for lowercase-keys@https://registry.npmjs.org/lowercase-keys/-/lowercase-keys-1.0.0.tgz. Extracting by manifest.
1118 silly tarball no local data for get-stream@https://registry.npmjs.org/get-stream/-/get-stream-3.0.0.tgz. Extracting by manifest.
1119 silly tarball no local data for rimraf@https://registry.npmjs.org/rimraf/-/rimraf-3.0.2.tgz. Extracting by manifest.
1120 silly tarball no local data for debug@https://registry.npmjs.org/debug/-/debug-2.6.9.tgz. Extracting by manifest.
1121 silly tarball no local data for url-parse-lax@https://registry.npmjs.org/url-parse-lax/-/url-parse-lax-3.0.0.tgz. Extracting by manifest.
1122 silly tarball no local data for prepend-http@https://registry.npmjs.org/prepend-http/-/prepend-http-2.0.0.tgz. Extracting by manifest.
1123 silly tarball no local data for p-timeout@https://registry.npmjs.org/p-timeout/-/p-timeout-2.0.1.tgz. Extracting by manifest.
1124 silly tarball no local data for ms@https://registry.npmjs.org/ms/-/ms-2.0.0.tgz. Extracting by manifest.
1125 silly tarball no local data for p-event@https://registry.npmjs.org/p-event/-/p-event-2.3.1.tgz. Extracting by manifest.
1126 silly tarball no local data for p-cancelable@https://registry.npmjs.org/p-cancelable/-/p-cancelable-0.4.1.tgz. Extracting by manifest.
1127 silly tarball no local data for make-dir@https://registry.npmjs.org/make-dir/-/make-dir-1.3.0.tgz. Extracting by manifest.
1128 silly tarball no local data for pify@https://registry.npmjs.org/pify/-/pify-3.0.0.tgz. Extracting by manifest.
1129 silly tarball no local data for got@https://registry.npmjs.org/got/-/got-8.3.2.tgz. Extracting by manifest.
1130 silly tarball no local data for pify@https://registry.npmjs.org/pify/-/pify-3.0.0.tgz. Extracting by manifest.
1131 silly tarball no local data for get-stream@https://registry.npmjs.org/get-stream/-/get-stream-3.0.0.tgz. Extracting by manifest.
1132 silly tarball no local data for file-type@https://registry.npmjs.org/file-type/-/file-type-8.1.0.tgz. Extracting by manifest.
1133 silly tarball no local data for download@https://registry.npmjs.org/download/-/download-7.1.0.tgz. Extracting by manifest.
1134 silly tarball no local data for pify@https://registry.npmjs.org/pify/-/pify-3.0.0.tgz. Extracting by manifest.
1135 silly tarball no local data for yallist@https://registry.npmjs.org/yallist/-/yallist-2.1.2.tgz. Extracting by manifest.
1136 silly tarball no local data for semver@https://registry.npmjs.org/semver/-/semver-5.7.2.tgz. Extracting by manifest.
1137 silly tarball no local data for lru-cache@https://registry.npmjs.org/lru-cache/-/lru-cache-4.1.5.tgz. Extracting by manifest.
1138 silly tarball no local data for get-stream@https://registry.npmjs.org/get-stream/-/get-stream-3.0.0.tgz. Extracting by manifest.
1139 silly tarball no local data for execa@https://registry.npmjs.org/execa/-/execa-0.7.0.tgz. Extracting by manifest.
1140 silly tarball no local data for cross-spawn@https://registry.npmjs.org/cross-spawn/-/cross-spawn-5.1.0.tgz. Extracting by manifest.
1141 silly tarball no local data for yallist@https://registry.npmjs.org/yallist/-/yallist-2.1.2.tgz. Extracting by manifest.
1142 silly tarball no local data for lru-cache@https://registry.npmjs.org/lru-cache/-/lru-cache-4.1.5.tgz. Extracting by manifest.
1143 silly tarball no local data for get-stream@https://registry.npmjs.org/get-stream/-/get-stream-3.0.0.tgz. Extracting by manifest.
1144 silly tarball no local data for execa@https://registry.npmjs.org/execa/-/execa-0.7.0.tgz. Extracting by manifest.
1145 silly tarball no local data for cross-spawn@https://registry.npmjs.org/cross-spawn/-/cross-spawn-5.1.0.tgz. Extracting by manifest.
1146 silly tarball no local data for file-type@https://registry.npmjs.org/file-type/-/file-type-4.4.0.tgz. Extracting by manifest.
1147 silly tarball no local data for picomatch@https://registry.npmjs.org/picomatch/-/picomatch-2.3.2.tgz. Extracting by manifest.
1148 silly tarball no local data for @types/send@https://registry.npmjs.org/@types/send/-/send-0.17.6.tgz. Extracting by manifest.
1149 silly tarball no local data for @jsonjoy.com/buffers@https://registry.npmjs.org/@jsonjoy.com/buffers/-/buffers-1.2.1.tgz. Extracting by manifest.
1150 silly tarball no local data for @jsonjoy.com/buffers@https://registry.npmjs.org/@jsonjoy.com/buffers/-/buffers-1.2.1.tgz. Extracting by manifest.
1151 silly tarball no local data for @jsonjoy.com/util@https://registry.npmjs.org/@jsonjoy.com/util/-/util-17.67.0.tgz. Extracting by manifest.
1152 silly tarball no local data for @jsonjoy.com/json-pack@https://registry.npmjs.org/@jsonjoy.com/json-pack/-/json-pack-17.67.0.tgz. Extracting by manifest.
1153 silly tarball no local data for @jsonjoy.com/json-pointer@https://registry.npmjs.org/@jsonjoy.com/json-pointer/-/json-pointer-17.67.0.tgz. Extracting by manifest.
1154 silly tarball no local data for @jsonjoy.com/codegen@https://registry.npmjs.org/@jsonjoy.com/codegen/-/codegen-17.67.0.tgz. Extracting by manifest.
1155 silly tarball no local data for @jsonjoy.com/base64@https://registry.npmjs.org/@jsonjoy.com/base64/-/base64-17.67.0.tgz. Extracting by manifest.
1156 silly tarball no local data for convert-source-map@https://registry.npmjs.org/convert-source-map/-/convert-source-map-1.9.0.tgz. Extracting by manifest.
1157 silly tarball no local data for mdn-data@https://registry.npmjs.org/mdn-data/-/mdn-data-2.27.1.tgz. Extracting by manifest.
1158 silly tarball no local data for css-tree@https://registry.npmjs.org/css-tree/-/css-tree-3.2.1.tgz. Extracting by manifest.
1159 silly tarball no local data for semver@https://registry.npmjs.org/semver/-/semver-5.7.2.tgz. Extracting by manifest.
1160 silly tarball no local data for pkg-dir@https://registry.npmjs.org/pkg-dir/-/pkg-dir-3.0.0.tgz. Extracting by manifest.
1161 silly tarball no local data for path-exists@https://registry.npmjs.org/path-exists/-/path-exists-3.0.0.tgz. Extracting by manifest.
1162 silly tarball no local data for p-locate@https://registry.npmjs.org/p-locate/-/p-locate-3.0.0.tgz. Extracting by manifest.
1163 silly tarball no local data for p-limit@https://registry.npmjs.org/p-limit/-/p-limit-2.3.0.tgz. Extracting by manifest.
1164 silly tarball no local data for make-dir@https://registry.npmjs.org/make-dir/-/make-dir-2.1.0.tgz. Extracting by manifest.
1165 silly tarball no local data for locate-path@https://registry.npmjs.org/locate-path/-/locate-path-3.0.0.tgz. Extracting by manifest.
1166 silly tarball no local data for find-up@https://registry.npmjs.org/find-up/-/find-up-3.0.0.tgz. Extracting by manifest.
1167 silly tarball no local data for find-cache-dir@https://registry.npmjs.org/find-cache-dir/-/find-cache-dir-2.1.0.tgz. Extracting by manifest.
1168 silly tarball no local data for babel-plugin-polyfill-corejs3@https://registry.npmjs.org/babel-plugin-polyfill-corejs3/-/babel-plugin-polyfill-corejs3-0.14.2.tgz. Extracting by manifest.
1169 silly tarball no local data for mdn-data@https://registry.npmjs.org/mdn-data/-/mdn-data-2.27.1.tgz. Extracting by manifest.
1170 silly tarball no local data for css-tree@https://registry.npmjs.org/css-tree/-/css-tree-3.2.1.tgz. Extracting by manifest.
1171 http fetch GET 200 https://registry.npmjs.org/yocto-queue/-/yocto-queue-1.2.2.tgz 583ms (cache miss)
1172 http fetch GET 200 https://registry.npmjs.org/yallist/-/yallist-3.1.1.tgz 582ms (cache miss)
1173 http fetch GET 200 https://registry.npmjs.org/xtend/-/xtend-4.0.2.tgz 583ms (cache miss)
1174 http fetch GET 200 https://registry.npmjs.org/wsl-utils/-/wsl-utils-0.1.0.tgz 584ms (cache miss)
1175 http fetch GET 200 https://registry.npmjs.org/wrappy/-/wrappy-1.0.2.tgz 591ms (cache miss)
1176 http fetch GET 200 https://registry.npmjs.org/y18n/-/y18n-5.0.8.tgz 604ms (cache miss)
1177 http fetch GET 200 https://registry.npmjs.org/xml-name-validator/-/xml-name-validator-5.0.0.tgz 604ms (cache miss)
1178 http fetch GET 200 https://registry.npmjs.org/wrap-ansi/-/wrap-ansi-7.0.0.tgz 605ms (cache miss)
1179 http fetch GET 200 https://registry.npmjs.org/yauzl/-/yauzl-2.10.0.tgz 614ms (cache miss)
1180 http fetch GET 200 https://registry.npmjs.org/which/-/which-1.3.1.tgz 614ms (cache miss)
1181 http fetch GET 200 https://registry.npmjs.org/yargs-parser/-/yargs-parser-21.1.1.tgz 622ms (cache miss)
1182 http fetch GET 200 https://registry.npmjs.org/xmlchars/-/xmlchars-2.2.0.tgz 630ms (cache miss)
1183 http fetch GET 200 https://registry.npmjs.org/wildcard/-/wildcard-2.0.1.tgz 631ms (cache miss)
1184 http fetch GET 200 https://registry.npmjs.org/wbuf/-/wbuf-1.7.3.tgz 635ms (cache miss)
1185 http fetch GET 200 https://registry.npmjs.org/webidl-conversions/-/webidl-conversions-8.0.1.tgz 639ms (cache miss)
1186 http fetch GET 200 https://registry.npmjs.org/whatwg-mimetype/-/whatwg-mimetype-5.0.0.tgz 644ms (cache miss)
1187 http fetch POST 200 https://registry.npmjs.org/-/npm/v1/security/advisories/bulk 812ms
1188 silly audit report {
1188 silly audit report   'cross-spawn': [
1188 silly audit report     {
1188 silly audit report       id: 1104663,
1188 silly audit report       url: 'https://github.com/advisories/GHSA-3xgq-45jj-v275',
1188 silly audit report       title: 'Regular Expression Denial of Service (ReDoS) in cross-spawn',
1188 silly audit report       severity: 'high',
1188 silly audit report       vulnerable_versions: '<6.0.6',
1188 silly audit report       cwe: [Array],
1188 silly audit report       cvss: [Object]
1188 silly audit report     }
1188 silly audit report   ],
1188 silly audit report   got: [
1188 silly audit report     {
1188 silly audit report       id: 1088948,
1188 silly audit report       url: 'https://github.com/advisories/GHSA-pfrx-2q88-qq97',
1188 silly audit report       title: 'Got allows a redirect to a UNIX socket',
1188 silly audit report       severity: 'moderate',
1188 silly audit report       vulnerable_versions: '<11.8.5',
1188 silly audit report       cwe: [],
1188 silly audit report       cvss: [Object]
1188 silly audit report     }
1188 silly audit report   ],
1188 silly audit report   decompress: [
1188 silly audit report     {
1188 silly audit report       id: 1130126,
1188 silly audit report       url: 'https://github.com/advisories/GHSA-h39j-r5qq-r9mm',
1188 silly audit report       title: 'decompress: Arbitrary File Write via Archive Extraction (Zip Slip)',
1188 silly audit report       severity: 'moderate',
1188 silly audit report       vulnerable_versions: '<=4.2.1',
1188 silly audit report       cwe: [Array],
1188 silly audit report       cvss: [Object]
1188 silly audit report     },
1188 silly audit report     {
1188 silly audit report       id: 1122670,
1188 silly audit report       url: 'https://github.com/advisories/GHSA-mp2f-45pm-3cg9',
1188 silly audit report       title: 'Decompress: Archive extraction can create files and links outside of the target directory',
1188 silly audit report       severity: 'critical',
1188 silly audit report       vulnerable_versions: '<=4.2.1',
1188 silly audit report       cwe: [Array],
1188 silly audit report       cvss: [Object]
1188 silly audit report     }
1188 silly audit report   ],
1188 silly audit report   'fast-xml-parser': [
1188 silly audit report     {
1188 silly audit report       id: 1117911,
1188 silly audit report       url: 'https://github.com/advisories/GHSA-gh4j-gqv2-49f6',
1188 silly audit report       title: 'fast-xml-parser XMLBuilder: XML Comment and CDATA Injection via Unescaped Delimiters',
1188 silly audit report       severity: 'moderate',
1188 silly audit report       vulnerable_versions: '<5.7.0',
1188 silly audit report       cwe: [Array],
1188 silly audit report       cvss: [Object]
1188 silly audit report     }
1188 silly audit report   ],
1188 silly audit report   'http-cache-semantics': [
1188 silly audit report     {
1188 silly audit report       id: 1102456,
1188 silly audit report       url: 'https://github.com/advisories/GHSA-rc47-6667-2j5j',
1188 silly audit report       title: 'http-cache-semantics vulnerable to Regular Expression Denial of Service',
1188 silly audit report       severity: 'high',
1188 silly audit report       vulnerable_versions: '<4.1.1',
1188 silly audit report       cwe: [Array],
1188 silly audit report       cvss: [Object]
1188 silly audit report     }
1188 silly audit report   ],
1188 silly audit report   'semver-regex': [
1188 silly audit report     {
1188 silly audit report       id: 1092475,
1188 silly audit report       url: 'https://github.com/advisories/GHSA-44c6-4v22-4mhx',
1188 silly audit report       title: 'semver-regex Regular Expression Denial of Service (ReDOS)',
1188 silly audit report       severity: 'high',
1188 silly audit report       vulnerable_versions: '<3.1.3',
1188 silly audit report       cwe: [Array],
1188 silly audit report       cvss: [Object]
1188 silly audit report     },
1188 silly audit report     {
1188 silly audit report       id: 1092605,
1188 silly audit report       url: 'https://github.com/advisories/GHSA-4x5v-gmq8-25ch',
1188 silly audit report       title: 'Regular expression denial of service in semver-regex',
1188 silly audit report       severity: 'low',
1188 silly audit report       vulnerable_versions: '<3.1.4',
1188 silly audit report       cwe: [Array],
1188 silly audit report       cvss: [Object]
1188 silly audit report     }
1188 silly audit report   ],
1188 silly audit report   'serialize-javascript': [
1188 silly audit report     {
1188 silly audit report       id: 1119440,
1188 silly audit report       url: 'https://github.com/advisories/GHSA-qj8w-gfj5-8c6v',
1188 silly audit report       title: 'Serialize JavaScript has CPU Exhaustion Denial of Service via crafted array-like objects',
1188 silly audit report       severity: 'moderate',
1188 silly audit report       vulnerable_versions: '>=5.0.0 <7.0.5',
1188 silly audit report       cwe: [Array],
1188 silly audit report       cvss: [Object]
1188 silly audit report     },
1188 silly audit report     {
1188 silly audit report       id: 1113686,
1188 silly audit report       url: 'https://github.com/advisories/GHSA-5c6j-r48x-rmvq',
1188 silly audit report       title: 'Serialize JavaScript is Vulnerable to RCE via RegExp.flags and Date.prototype.toISOString()',
1188 silly audit report       severity: 'high',
1188 silly audit report       vulnerable_versions: '<=7.0.2',
1188 silly audit report       cwe: [Array],
1188 silly audit report       cvss: [Object]
1188 silly audit report     }
1188 silly audit report   ],
1188 silly audit report   uuid: [
1188 silly audit report     {
1188 silly audit report       id: 1119441,
1188 silly audit report       url: 'https://github.com/advisories/GHSA-w5hq-g745-h8pq',
1188 silly audit report       title: 'uuid: Missing buffer bounds check in v3/v5/v6 when buf is provided',
1188 silly audit report       severity: 'moderate',
1188 silly audit report       vulnerable_versions: '<11.1.1',
1188 silly audit report       cwe: [Array],
1188 silly audit report       cvss: [Object]
1188 silly audit report     }
1188 silly audit report   ]
1188 silly audit report }
1189 silly packumentCache corgi:https://registry.npmjs.org/cross-spawn cache-miss
1190 silly packumentCache corgi:https://registry.npmjs.org/got cache-miss
1191 silly packumentCache corgi:https://registry.npmjs.org/decompress cache-miss
1192 silly packumentCache corgi:https://registry.npmjs.org/fast-xml-parser cache-miss
1193 silly packumentCache corgi:https://registry.npmjs.org/http-cache-semantics cache-miss
1194 silly packumentCache corgi:https://registry.npmjs.org/semver-regex cache-miss
1195 silly packumentCache corgi:https://registry.npmjs.org/serialize-javascript cache-miss
1196 silly packumentCache corgi:https://registry.npmjs.org/uuid cache-miss
1197 http fetch GET 200 https://registry.npmjs.org/websocket-extensions/-/websocket-extensions-0.1.4.tgz 655ms (cache miss)
1198 http fetch GET 200 https://registry.npmjs.org/ws/-/ws-7.5.13.tgz 658ms (cache miss)
1199 http fetch GET 200 https://registry.npmjs.org/warning/-/warning-4.0.3.tgz 653ms (cache miss)
1200 http fetch GET 200 https://registry.npmjs.org/vary/-/vary-1.1.2.tgz 652ms (cache miss)
1201 http fetch GET 200 https://registry.npmjs.org/vinyl-contents/-/vinyl-contents-2.0.0.tgz 652ms (cache miss)
1202 http fetch GET 200 https://registry.npmjs.org/w3c-xmlserializer/-/w3c-xmlserializer-5.0.0.tgz 659ms (cache miss)
1203 http fetch GET 200 https://registry.npmjs.org/vinyl-sourcemap/-/vinyl-sourcemap-2.0.0.tgz 661ms (cache miss)
1204 http fetch GET 200 https://registry.npmjs.org/which-typed-array/-/which-typed-array-1.1.22.tgz 673ms (cache miss)
1205 http fetch GET 200 https://registry.npmjs.org/value-or-function/-/value-or-function-4.0.0.tgz 670ms (cache miss)
1206 http fetch GET 200 https://registry.npmjs.org/vinyl/-/vinyl-3.0.1.tgz 670ms (cache miss)
1207 http fetch GET 200 https://registry.npmjs.org/v8flags/-/v8flags-4.0.1.tgz 672ms (cache miss)
1208 http fetch GET 200 https://registry.npmjs.org/url-to-options/-/url-to-options-1.0.1.tgz 676ms (cache miss)
1209 http fetch GET 200 https://registry.npmjs.org/utila/-/utila-0.4.0.tgz 690ms (cache miss)
1210 http fetch GET 200 https://registry.npmjs.org/utils-merge/-/utils-merge-1.0.1.tgz 689ms (cache miss)
1211 http fetch GET 200 https://registry.npmjs.org/util-deprecate/-/util-deprecate-1.0.2.tgz 690ms (cache miss)
1212 http fetch GET 200 https://registry.npmjs.org/webpack-merge/-/webpack-merge-6.0.1.tgz 702ms (cache miss)
1213 http fetch GET 200 https://registry.npmjs.org/url-parse-lax/-/url-parse-lax-1.0.0.tgz 702ms (cache miss)
1214 http fetch GET 200 https://registry.npmjs.org/unicode-match-property-value-ecmascript/-/unicode-match-property-value-ecmascript-2.2.1.tgz 714ms (cache miss)
1215 http fetch GET 200 https://registry.npmjs.org/unicode-canonical-property-names-ecmascript/-/unicode-canonical-property-names-ecmascript-2.0.1.tgz 714ms (cache miss)
1216 http fetch GET 200 https://registry.npmjs.org/unpipe/-/unpipe-1.0.0.tgz 724ms (cache miss)
1217 http fetch GET 200 https://registry.npmjs.org/update-browserslist-db/-/update-browserslist-db-1.2.3.tgz 726ms (cache miss)
1218 http fetch GET 200 https://registry.npmjs.org/unicode-property-aliases-ecmascript/-/unicode-property-aliases-ecmascript-2.2.0.tgz 724ms (cache miss)
1219 http fetch GET 200 https://registry.npmjs.org/whatwg-url/-/whatwg-url-16.0.1.tgz 738ms (cache miss)
1220 http fetch GET 200 https://registry.npmjs.org/unicode-match-property-ecmascript/-/unicode-match-property-ecmascript-2.0.0.tgz 738ms (cache miss)
1221 http fetch GET 200 https://registry.npmjs.org/unc-path-regex/-/unc-path-regex-0.1.2.tgz 737ms (cache miss)
1222 http fetch GET 200 https://registry.npmjs.org/uuid/-/uuid-3.4.0.tgz 740ms (cache miss)
1223 http fetch GET 200 https://registry.npmjs.org/webpack-cli/-/webpack-cli-5.1.4.tgz 746ms (cache miss)
1224 http fetch GET 200 https://registry.npmjs.org/undertaker-registry/-/undertaker-registry-2.0.0.tgz 743ms (cache miss)
1225 http fetch GET 200 https://registry.npmjs.org/tunnel-agent/-/tunnel-agent-0.6.0.tgz 741ms (cache miss)
1226 http fetch GET 200 https://registry.npmjs.org/typed-array-buffer/-/typed-array-buffer-1.0.3.tgz 745ms (cache miss)
1227 http fetch GET 200 https://registry.npmjs.org/trim-repeated/-/trim-repeated-1.0.0.tgz 745ms (cache miss)
1228 http fetch GET 200 https://registry.npmjs.org/websocket-driver/-/websocket-driver-0.7.5.tgz 760ms (cache miss)
1229 warn deprecated uuid@3.4.0: uuid@10 and below is no longer supported.  For ESM codebases, update to uuid@latest.  For CommonJS codebases, use uuid@11 (but be aware this version will likely be deprecated in 2028).
1230 http fetch GET 200 https://registry.npmjs.org/tree-kill/-/tree-kill-1.2.2.tgz 749ms (cache miss)
1231 http fetch GET 200 https://registry.npmjs.org/unload/-/unload-2.2.0.tgz 760ms (cache miss)
1232 http fetch GET 200 https://registry.npmjs.org/totalist/-/totalist-3.0.1.tgz 754ms (cache miss)
1233 http fetch GET 200 https://registry.npmjs.org/undertaker/-/undertaker-2.0.0.tgz 760ms (cache miss)
1234 http fetch GET 200 https://registry.npmjs.org/type-is/-/type-is-1.6.18.tgz 761ms (cache miss)
1235 http fetch GET 200 https://registry.npmjs.org/unbzip2-stream/-/unbzip2-stream-1.4.3.tgz 763ms (cache miss)
1236 http fetch GET 200 https://registry.npmjs.org/to-through/-/to-through-3.0.0.tgz 761ms (cache miss)
1237 http fetch GET 200 https://registry.npmjs.org/timed-out/-/timed-out-4.0.1.tgz 759ms (cache miss)
1238 http fetch GET 200 https://registry.npmjs.org/tree-dump/-/tree-dump-1.1.0.tgz 769ms (cache miss)
1239 http fetch GET 200 https://registry.npmjs.org/through/-/through-2.3.8.tgz 765ms (cache miss)
1240 http fetch GET 200 https://registry.npmjs.org/toidentifier/-/toidentifier-1.0.1.tgz 768ms (cache miss)
1241 http fetch GET 200 https://registry.npmjs.org/to-regex-range/-/to-regex-range-5.0.1.tgz 768ms (cache miss)
1242 http fetch GET 200 https://registry.npmjs.org/tempfile/-/tempfile-2.0.0.tgz 764ms (cache miss)
1243 http fetch GET 200 https://registry.npmjs.org/to-buffer/-/to-buffer-1.2.2.tgz 772ms (cache miss)
1244 http fetch GET 200 https://registry.npmjs.org/thunky/-/thunky-1.1.0.tgz 770ms (cache miss)
1245 http fetch GET 200 https://registry.npmjs.org/tiny-warning/-/tiny-warning-1.0.3.tgz 776ms (cache miss)
1246 http fetch GET 200 https://registry.npmjs.org/teex/-/teex-1.0.1.tgz 774ms (cache miss)
1247 http fetch GET 200 https://registry.npmjs.org/text-decoder/-/text-decoder-1.2.7.tgz 776ms (cache miss)
1248 http fetch GET 200 https://registry.npmjs.org/webpack-dev-middleware/-/webpack-dev-middleware-7.4.5.tgz 799ms (cache miss)
1249 http fetch GET 200 https://registry.npmjs.org/temp-dir/-/temp-dir-1.0.0.tgz 783ms (cache miss)
1250 http fetch GET 200 https://registry.npmjs.org/tar-stream/-/tar-stream-1.6.2.tgz 783ms (cache miss)
1251 http fetch GET 200 https://registry.npmjs.org/watchpack/-/watchpack-2.5.2.tgz 811ms (cache miss)
1252 http fetch GET 200 https://registry.npmjs.org/sver/-/sver-1.8.4.tgz 795ms (cache miss)
1253 http fetch GET 200 https://registry.npmjs.org/supports-color/-/supports-color-8.1.1.tgz 796ms (cache miss)
1254 http fetch GET 200 https://registry.npmjs.org/supports-preserve-symlinks-flag/-/supports-preserve-symlinks-flag-1.0.0.tgz 796ms (cache miss)
1255 http fetch GET 200 https://registry.npmjs.org/strnum/-/strnum-1.1.2.tgz 794ms (cache miss)
1256 http fetch GET 200 https://registry.npmjs.org/symbol-tree/-/symbol-tree-3.2.4.tgz 801ms (cache miss)
1257 http fetch GET 200 https://registry.npmjs.org/styled-system/-/styled-system-5.1.5.tgz 800ms (cache miss)
1258 http fetch GET 200 https://registry.npmjs.org/strip-final-newline/-/strip-final-newline-2.0.0.tgz 798ms (cache miss)
1259 http fetch GET 200 https://registry.npmjs.org/strip-dirs/-/strip-dirs-2.1.0.tgz 803ms (cache miss)
1260 http fetch GET 200 https://registry.npmjs.org/tslib/-/tslib-2.8.1.tgz 819ms (cache miss)
1261 http fetch GET 200 https://registry.npmjs.org/strip-eof/-/strip-eof-1.0.0.tgz 810ms (cache miss)
1262 http fetch GET 200 https://registry.npmjs.org/strict-uri-encode/-/strict-uri-encode-1.1.0.tgz 821ms (cache miss)
1263 http fetch GET 200 https://registry.npmjs.org/strip-outer/-/strip-outer-1.0.1.tgz 821ms (cache miss)
1264 http fetch GET 200 https://registry.npmjs.org/string_decoder/-/string_decoder-1.1.1.tgz 826ms (cache miss)
1265 http fetch GET 200 https://registry.npmjs.org/strip-ansi/-/strip-ansi-6.0.1.tgz 828ms (cache miss)
1266 http fetch GET 200 https://registry.npmjs.org/statuses/-/statuses-2.0.2.tgz 825ms (cache miss)
1267 http fetch GET 200 https://registry.npmjs.org/string-width/-/string-width-4.2.3.tgz 826ms (cache miss)
1268 http fetch GET 200 https://registry.npmjs.org/stream-composer/-/stream-composer-1.0.2.tgz 830ms (cache miss)
1269 http fetch GET 200 https://registry.npmjs.org/stream-exhaust/-/stream-exhaust-1.0.2.tgz 830ms (cache miss)
1270 http fetch GET 200 https://registry.npmjs.org/vinyl-fs/-/vinyl-fs-4.0.2.tgz 853ms (cache miss)
1271 http fetch GET 200 https://registry.npmjs.org/streamx/-/streamx-2.28.0.tgz 839ms (cache miss)
1272 http fetch GET 200 https://registry.npmjs.org/stable/-/stable-0.1.8.tgz 837ms (cache miss)
1273 warn deprecated stable@0.1.8: Modern JS already guarantees Array#sort() is a stable sort, so this library is deprecated. See the compatibility table on MDN: https://developer.mozilla.org/en-US/docs/Web/JavaScript/Reference/Global_Objects/Array/sort#browser_compatibility
1274 http fetch GET 200 https://registry.npmjs.org/spawn-command/-/spawn-command-0.0.2.tgz 837ms (cache miss)
1275 http fetch GET 200 https://registry.npmjs.org/sparkles/-/sparkles-2.1.0.tgz 837ms (cache miss)
1276 http fetch GET 200 https://registry.npmjs.org/sort-keys/-/sort-keys-1.1.2.tgz 839ms (cache miss)
1277 http fetch GET 200 https://registry.npmjs.org/shallowequal/-/shallowequal-1.1.0.tgz 837ms (cache miss)
1278 http fetch GET 200 https://registry.npmjs.org/source-map-support/-/source-map-support-0.5.21.tgz 851ms (cache miss)
1279 http fetch GET 200 https://registry.npmjs.org/tr46/-/tr46-6.0.0.tgz 866ms (cache miss)
1280 http fetch GET 200 https://registry.npmjs.org/signal-exit/-/signal-exit-3.0.7.tgz 851ms (cache miss)
1281 http fetch GET 200 https://registry.npmjs.org/side-channel-map/-/side-channel-map-1.0.1.tgz 852ms (cache miss)
1282 http fetch GET 200 https://registry.npmjs.org/sort-keys-length/-/sort-keys-length-1.0.1.tgz 867ms (cache miss)
1283 http fetch GET 200 https://registry.npmjs.org/side-channel-list/-/side-channel-list-1.0.1.tgz 867ms (cache miss)
1284 http fetch GET 200 https://registry.npmjs.org/set-function-length/-/set-function-length-1.2.2.tgz 867ms (cache miss)
1285 http fetch GET 200 https://registry.npmjs.org/shebang-regex/-/shebang-regex-1.0.0.tgz 871ms (cache miss)
1286 http fetch GET 200 https://registry.npmjs.org/terser-webpack-plugin/-/terser-webpack-plugin-5.6.1.tgz 886ms (cache miss)
1287 http fetch GET 200 https://registry.npmjs.org/slash/-/slash-3.0.0.tgz 881ms (cache miss)
1288 http fetch GET 200 https://registry.npmjs.org/side-channel-weakmap/-/side-channel-weakmap-1.0.2.tgz 881ms (cache miss)
1289 http fetch GET 200 https://registry.npmjs.org/side-channel/-/side-channel-1.1.1.tgz 880ms (cache miss)
1290 http fetch GET 200 https://registry.npmjs.org/shebang-command/-/shebang-command-1.2.0.tgz 894ms (cache miss)
1291 http fetch GET 200 https://registry.npmjs.org/serve-static/-/serve-static-1.16.3.tgz 890ms (cache miss)
1292 http fetch GET 200 https://registry.npmjs.org/styletron-standard/-/styletron-standard-3.1.0.tgz 906ms (cache miss)
1293 http fetch GET 200 https://registry.npmjs.org/semver/-/semver-6.3.1.tgz 901ms (cache miss)
1294 http fetch GET 200 https://registry.npmjs.org/semver-greatest-satisfied-range/-/semver-greatest-satisfied-range-2.0.0.tgz 901ms (cache miss)
1295 http fetch GET 200 https://registry.npmjs.org/webpack-sources/-/webpack-sources-3.5.1.tgz 938ms (cache miss)
1296 http fetch GET 200 https://registry.npmjs.org/sirv/-/sirv-2.0.4.tgz 910ms (cache miss)
1297 http fetch GET 200 https://registry.npmjs.org/setprototypeof/-/setprototypeof-1.2.0.tgz 911ms (cache miss)
1298 http fetch GET 200 https://registry.npmjs.org/semver-regex/-/semver-regex-2.0.0.tgz 908ms (cache miss)
1299 http fetch GET 200 https://registry.npmjs.org/shallow-clone/-/shallow-clone-3.0.1.tgz 912ms (cache miss)
1300 http fetch GET 200 https://registry.npmjs.org/send/-/send-0.19.2.tgz 910ms (cache miss)
1301 http fetch GET 200 https://registry.npmjs.org/type-fest/-/type-fest-0.11.0.tgz 934ms (cache miss)
1302 http fetch GET 200 https://registry.npmjs.org/tapable/-/tapable-2.3.3.tgz 927ms (cache miss)
1303 http fetch GET 200 https://registry.npmjs.org/serialize-javascript/-/serialize-javascript-6.0.2.tgz 914ms (cache miss)
1304 http fetch GET 200 https://registry.npmjs.org/semver-truncate/-/semver-truncate-1.1.2.tgz 920ms (cache miss)
1305 http fetch GET 200 https://registry.npmjs.org/stylis/-/stylis-4.2.0.tgz 937ms (cache miss)
1306 http fetch GET 200 https://registry.npmjs.org/safer-buffer/-/safer-buffer-2.1.2.tgz 924ms (cache miss)
1307 http fetch GET 200 https://registry.npmjs.org/select-hose/-/select-hose-2.0.0.tgz 930ms (cache miss)
1308 http fetch GET 200 https://registry.npmjs.org/sass-loader/-/sass-loader-16.0.8.tgz 931ms (cache miss)
1309 http fetch GET 200 https://registry.npmjs.org/retry/-/retry-0.13.1.tgz 930ms (cache miss)
1310 http fetch GET 200 https://registry.npmjs.org/safe-buffer/-/safe-buffer-5.2.1.tgz 932ms (cache miss)
1311 http fetch GET 200 https://registry.npmjs.org/run-parallel/-/run-parallel-1.2.0.tgz 934ms (cache miss)
1312 http fetch GET 200 https://registry.npmjs.org/spdy/-/spdy-4.0.2.tgz 945ms (cache miss)
1313 http fetch GET 200 https://registry.npmjs.org/sockjs/-/sockjs-0.3.24.tgz 945ms (cache miss)
1314 http fetch GET 200 https://registry.npmjs.org/sax/-/sax-1.6.1.tgz 937ms (cache miss)
1315 http fetch GET 200 https://registry.npmjs.org/saxes/-/saxes-6.0.0.tgz 945ms (cache miss)
1316 http fetch GET 200 https://registry.npmjs.org/resolve-cwd/-/resolve-cwd-3.0.0.tgz 942ms (cache miss)
1317 http fetch GET 200 https://registry.npmjs.org/yaml/-/yaml-1.10.3.tgz 986ms (cache miss)
1318 http fetch GET 200 https://registry.npmjs.org/reusify/-/reusify-1.1.0.tgz 944ms (cache miss)
1319 http fetch GET 200 https://registry.npmjs.org/seek-bzip/-/seek-bzip-1.0.6.tgz 949ms (cache miss)
1320 http fetch GET 200 https://registry.npmjs.org/resolve-options/-/resolve-options-2.0.0.tgz 947ms (cache miss)
1321 http fetch GET 200 https://registry.npmjs.org/rimraf/-/rimraf-2.7.1.tgz 947ms (cache miss)
1322 warn deprecated rimraf@2.7.1: Rimraf versions prior to v4 are no longer supported
1323 http fetch GET 200 https://registry.npmjs.org/responselike/-/responselike-1.0.2.tgz 948ms (cache miss)
1324 http fetch GET 200 https://registry.npmjs.org/run-applescript/-/run-applescript-7.1.0.tgz 948ms (cache miss)
1325 http fetch GET 200 https://registry.npmjs.org/resolve-from/-/resolve-from-4.0.0.tgz 947ms (cache miss)
1326 http fetch GET 200 https://registry.npmjs.org/shell-quote/-/shell-quote-1.10.0.tgz 959ms (cache miss)
1327 http fetch GET 200 https://registry.npmjs.org/resolve-dir/-/resolve-dir-1.0.1.tgz 948ms (cache miss)
1328 http fetch GET 200 https://registry.npmjs.org/require-from-string/-/require-from-string-2.0.2.tgz 947ms (cache miss)
1329 http fetch GET 200 https://registry.npmjs.org/requires-port/-/requires-port-1.0.0.tgz 948ms (cache miss)
1330 http fetch GET 200 https://registry.npmjs.org/yargs/-/yargs-17.7.3.tgz 995ms (cache miss)
1331 http fetch GET 200 https://registry.npmjs.org/undici-types/-/undici-types-8.3.0.tgz 982ms (cache miss)
1332 http fetch GET 200 https://registry.npmjs.org/replace-homedir/-/replace-homedir-2.0.0.tgz 952ms (cache miss)
1333 http fetch GET 200 https://registry.npmjs.org/remove-trailing-separator/-/remove-trailing-separator-1.1.0.tgz 952ms (cache miss)
1334 http fetch GET 200 https://registry.npmjs.org/require-directory/-/require-directory-2.1.1.tgz 956ms (cache miss)
1335 http fetch GET 200 https://registry.npmjs.org/replace-ext/-/replace-ext-1.0.1.tgz 957ms (cache miss)
1336 http fetch GET 200 https://registry.npmjs.org/regenerator-runtime/-/regenerator-runtime-0.14.1.tgz 960ms (cache miss)
1337 http fetch GET 200 https://registry.npmjs.org/remove-accents/-/remove-accents-0.5.0.tgz 961ms (cache miss)
1338 http fetch GET 200 https://registry.npmjs.org/rechoir/-/rechoir-0.8.0.tgz 961ms (cache miss)
1339 http fetch GET 200 https://registry.npmjs.org/readdirp/-/readdirp-3.6.0.tgz 962ms (cache miss)
1340 http fetch GET 200 https://registry.npmjs.org/react-side-effect/-/react-side-effect-2.1.2.tgz 961ms (cache miss)
1341 http fetch GET 200 https://registry.npmjs.org/react-is/-/react-is-16.13.1.tgz 961ms (cache miss)
1342 http fetch GET 200 https://registry.npmjs.org/regjsgen/-/regjsgen-0.8.0.tgz 965ms (cache miss)
1343 http fetch GET 200 https://registry.npmjs.org/regjsparser/-/regjsparser-0.13.2.tgz 967ms (cache miss)
1344 http fetch GET 200 https://registry.npmjs.org/regenerate/-/regenerate-1.4.2.tgz 969ms (cache miss)
1345 http fetch GET 200 https://registry.npmjs.org/selfsigned/-/selfsigned-5.5.0.tgz 983ms (cache miss)
1346 http fetch GET 200 https://registry.npmjs.org/react-fast-compare/-/react-fast-compare-2.0.4.tgz 976ms (cache miss)
1347 http fetch GET 200 https://registry.npmjs.org/raw-body/-/raw-body-2.5.3.tgz 973ms (cache miss)
1348 http fetch GET 200 https://registry.npmjs.org/react-helmet/-/react-helmet-6.1.0.tgz 986ms (cache miss)
1349 http fetch GET 200 https://registry.npmjs.org/regexpu-core/-/regexpu-core-6.4.0.tgz 989ms (cache miss)
1350 http fetch GET 200 https://registry.npmjs.org/scheduler/-/scheduler-0.23.2.tgz 1004ms (cache miss)
1351 http fetch GET 200 https://registry.npmjs.org/relateurl/-/relateurl-0.2.7.tgz 1004ms (cache miss)
1352 http fetch GET 200 https://registry.npmjs.org/source-map-js/-/source-map-js-1.2.1.tgz 1024ms (cache miss)
1353 http fetch GET 200 https://registry.npmjs.org/spdy-transport/-/spdy-transport-3.0.0.tgz 1036ms (cache miss)
1354 http fetch GET 200 https://registry.npmjs.org/reflect-metadata/-/reflect-metadata-0.2.2.tgz 1023ms (cache miss)
1355 http fetch GET 200 https://registry.npmjs.org/styletron-react/-/styletron-react-6.1.1.tgz 1050ms (cache miss)
1356 http fetch GET 200 https://registry.npmjs.org/queue-microtask/-/queue-microtask-1.2.3.tgz 1030ms (cache miss)
1357 http fetch GET 200 https://registry.npmjs.org/range-parser/-/range-parser-1.2.1.tgz 1041ms (cache miss)
1358 http fetch GET 200 https://registry.npmjs.org/thingies/-/thingies-2.6.1.tgz 1075ms (cache miss)
1359 http fetch GET 200 https://registry.npmjs.org/schema-utils/-/schema-utils-4.3.3.tgz 1057ms (cache miss)
1360 http fetch GET 200 https://registry.npmjs.org/randombytes/-/randombytes-2.1.0.tgz 1044ms (cache miss)
1361 http fetch GET 200 https://registry.npmjs.org/readable-stream/-/readable-stream-2.3.8.tgz 1049ms (cache miss)
1362 http fetch GET 200 https://registry.npmjs.org/query-string/-/query-string-5.1.1.tgz 1046ms (cache miss)
1363 http fetch GET 200 https://registry.npmjs.org/punycode/-/punycode-2.3.1.tgz 1046ms (cache miss)
1364 http fetch GET 200 https://registry.npmjs.org/proxy-addr/-/proxy-addr-2.0.7.tgz 1048ms (cache miss)
1365 http fetch GET 200 https://registry.npmjs.org/proto-list/-/proto-list-1.2.4.tgz 1048ms (cache miss)
1366 http fetch GET 200 https://registry.npmjs.org/webpack-dev-server/-/webpack-dev-server-5.2.6.tgz 1098ms (cache miss)
1367 http fetch GET 200 https://registry.npmjs.org/pvtsutils/-/pvtsutils-1.3.6.tgz 1051ms (cache miss)
1368 http fetch GET 200 https://registry.npmjs.org/pseudomap/-/pseudomap-1.0.2.tgz 1050ms (cache miss)
1369 http fetch GET 200 https://registry.npmjs.org/prepend-http/-/prepend-http-1.0.4.tgz 1050ms (cache miss)
1370 http fetch GET 200 https://registry.npmjs.org/pvutils/-/pvutils-1.1.5.tgz 1053ms (cache miss)
1371 http fetch GET 200 https://registry.npmjs.org/pump/-/pump-3.0.4.tgz 1053ms (cache miss)
1372 http fetch GET 200 https://registry.npmjs.org/process-nextick-args/-/process-nextick-args-2.0.1.tgz 1059ms (cache miss)
1373 http fetch GET 200 https://registry.npmjs.org/prop-types/-/prop-types-15.8.1.tgz 1060ms (cache miss)
1374 http fetch GET 200 https://registry.npmjs.org/postcss-modules-extract-imports/-/postcss-modules-extract-imports-3.1.0.tgz 1060ms (cache miss)
1375 http fetch GET 200 https://registry.npmjs.org/postcss-modules-local-by-default/-/postcss-modules-local-by-default-4.2.0.tgz 1059ms (cache miss)
1376 http fetch GET 200 https://registry.npmjs.org/postcss-value-parser/-/postcss-value-parser-4.2.0.tgz 1062ms (cache miss)
1377 http fetch GET 200 https://registry.npmjs.org/portfinder/-/portfinder-1.0.38.tgz 1061ms (cache miss)
1378 http fetch GET 200 https://registry.npmjs.org/postcss-modules-scope/-/postcss-modules-scope-3.2.1.tgz 1064ms (cache miss)
1379 http fetch GET 200 https://registry.npmjs.org/postcss-modules-values/-/postcss-modules-values-4.0.0.tgz 1064ms (cache miss)
1380 http fetch GET 200 https://registry.npmjs.org/react/-/react-18.3.1.tgz 1073ms (cache miss)
1381 http fetch GET 200 https://registry.npmjs.org/react-popper/-/react-popper-2.3.0.tgz 1079ms (cache miss)
1382 http fetch GET 200 https://registry.npmjs.org/pretty-error/-/pretty-error-4.0.0.tgz 1075ms (cache miss)
1383 http fetch GET 200 https://registry.npmjs.org/tough-cookie/-/tough-cookie-6.0.2.tgz 1115ms (cache miss)
1384 http fetch GET 200 https://registry.npmjs.org/pify/-/pify-4.0.1.tgz 1077ms (cache miss)
1385 http fetch GET 200 https://registry.npmjs.org/possible-typed-array-names/-/possible-typed-array-names-1.1.0.tgz 1080ms (cache miss)
1386 http fetch GET 200 https://registry.npmjs.org/pinkie/-/pinkie-2.0.4.tgz 1078ms (cache miss)
1387 http fetch GET 200 https://registry.npmjs.org/source-map/-/source-map-0.5.7.tgz 1111ms (cache miss)
1388 http fetch GET 200 https://registry.npmjs.org/pirates/-/pirates-4.0.7.tgz 1083ms (cache miss)
1389 http fetch GET 200 https://registry.npmjs.org/pkg-dir/-/pkg-dir-7.0.0.tgz 1084ms (cache miss)
1390 http fetch GET 200 https://registry.npmjs.org/uri-js/-/uri-js-4.4.1.tgz 1137ms (cache miss)
1391 http fetch GET 200 https://registry.npmjs.org/pngquant-bin/-/pngquant-bin-6.0.1.tgz 1089ms (cache miss)
1392 http fetch GET 200 https://registry.npmjs.org/webpack-bundle-analyzer/-/webpack-bundle-analyzer-4.10.2.tgz 1146ms (cache miss)
1393 http fetch GET 200 https://registry.npmjs.org/path-key/-/path-key-2.0.1.tgz 1090ms (cache miss)
1394 http fetch GET 200 https://registry.npmjs.org/path-root-regex/-/path-root-regex-0.1.2.tgz 1096ms (cache miss)
1395 http fetch GET 200 https://registry.npmjs.org/path-parse/-/path-parse-1.0.7.tgz 1096ms (cache miss)
1396 http fetch GET 200 https://registry.npmjs.org/path-is-inside/-/path-is-inside-1.0.2.tgz 1098ms (cache miss)
1397 http fetch GET 200 https://registry.npmjs.org/path-exists/-/path-exists-5.0.0.tgz 1097ms (cache miss)
1398 http fetch GET 200 https://registry.npmjs.org/path-is-absolute/-/path-is-absolute-1.0.1.tgz 1099ms (cache miss)
1399 http fetch GET 200 https://registry.npmjs.org/qs/-/qs-6.15.3.tgz 1109ms (cache miss)
1400 http fetch GET 200 https://registry.npmjs.org/react-transition-group/-/react-transition-group-4.4.5.tgz 1117ms (cache miss)
1401 http fetch GET 200 https://registry.npmjs.org/pascal-case/-/pascal-case-3.1.2.tgz 1111ms (cache miss)
1402 http fetch GET 200 https://registry.npmjs.org/parse-passwd/-/parse-passwd-1.0.0.tgz 1115ms (cache miss)
1403 http fetch GET 200 https://registry.npmjs.org/parseurl/-/parseurl-1.3.3.tgz 1117ms (cache miss)
1404 http fetch GET 200 https://registry.npmjs.org/parse-json/-/parse-json-5.2.0.tgz 1120ms (cache miss)
1405 http fetch GET 200 https://registry.npmjs.org/param-case/-/param-case-3.0.4.tgz 1120ms (cache miss)
1406 http fetch GET 200 https://registry.npmjs.org/serve-index/-/serve-index-1.9.2.tgz 1149ms (cache miss)
1407 http fetch GET 200 https://registry.npmjs.org/postcss-selector-parser/-/postcss-selector-parser-7.1.4.tgz 1131ms (cache miss)
1408 http fetch GET 200 https://registry.npmjs.org/p-retry/-/p-retry-6.2.1.tgz 1129ms (cache miss)
1409 http fetch GET 200 https://registry.npmjs.org/p-try/-/p-try-2.2.0.tgz 1129ms (cache miss)
1410 http fetch GET 200 https://registry.npmjs.org/parse-filepath/-/parse-filepath-1.0.2.tgz 1130ms (cache miss)
1411 http fetch GET 200 https://registry.npmjs.org/parent-module/-/parent-module-1.0.1.tgz 1130ms (cache miss)
1412 http fetch GET 200 https://registry.npmjs.org/p-timeout/-/p-timeout-1.2.1.tgz 1135ms (cache miss)
1413 http fetch GET 200 https://registry.npmjs.org/p-reduce/-/p-reduce-1.0.0.tgz 1138ms (cache miss)
1414 http fetch GET 200 https://registry.npmjs.org/p-map-series/-/p-map-series-1.0.0.tgz 1138ms (cache miss)
1415 http fetch GET 200 https://registry.npmjs.org/p-pipe/-/p-pipe-3.1.0.tgz 1139ms (cache miss)
1416 http fetch GET 200 https://registry.npmjs.org/p-map/-/p-map-2.1.0.tgz 1145ms (cache miss)
1417 http fetch GET 200 https://registry.npmjs.org/p-is-promise/-/p-is-promise-1.1.0.tgz 1146ms (cache miss)
1418 http fetch GET 200 https://registry.npmjs.org/p-limit/-/p-limit-4.0.0.tgz 1147ms (cache miss)
1419 http fetch GET 200 https://registry.npmjs.org/postcss/-/postcss-8.5.25.tgz 1157ms (cache miss)
1420 http fetch GET 200 https://registry.npmjs.org/p-locate/-/p-locate-6.0.0.tgz 1158ms (cache miss)
1421 http fetch GET 200 https://registry.npmjs.org/p-finally/-/p-finally-1.0.0.tgz 1159ms (cache miss)
1422 http fetch GET 200 https://registry.npmjs.org/p-cancelable/-/p-cancelable-0.3.0.tgz 1164ms (cache miss)
1423 http fetch GET 200 https://registry.npmjs.org/p-event/-/p-event-1.3.0.tgz 1183ms (cache miss)
1424 http fetch GET 200 https://registry.npmjs.org/os-filter-obj/-/os-filter-obj-2.0.0.tgz 1200ms (cache miss)
1425 http fetch GET 200 https://registry.npmjs.org/renderkid/-/renderkid-3.0.0.tgz 1255ms (cache miss)
1426 http fetch GET 200 https://registry.npmjs.org/opener/-/opener-1.5.2.tgz 1237ms (cache miss)
1427 http fetch GET 200 https://registry.npmjs.org/picocolors/-/picocolors-1.1.1.tgz 1246ms (cache miss)
1428 http fetch GET 200 https://registry.npmjs.org/once/-/once-1.4.0.tgz 1248ms (cache miss)
1429 http fetch GET 200 https://registry.npmjs.org/pend/-/pend-1.2.0.tgz 1257ms (cache miss)
1430 http fetch GET 200 https://registry.npmjs.org/open/-/open-10.2.0.tgz 1250ms (cache miss)
1431 http fetch GET 200 https://registry.npmjs.org/onetime/-/onetime-5.1.2.tgz 1252ms (cache miss)
1432 http fetch GET 200 https://registry.npmjs.org/web-vitals/-/web-vitals-4.2.4.tgz 1317ms (cache miss)
1433 http fetch GET 200 https://registry.npmjs.org/on-headers/-/on-headers-1.1.0.tgz 1253ms (cache miss)
1434 http fetch GET 200 https://registry.npmjs.org/obuf/-/obuf-1.1.2.tgz 1253ms (cache miss)
1435 http fetch GET 200 https://registry.npmjs.org/path-type/-/path-type-4.0.0.tgz 1268ms (cache miss)
1436 http fetch GET 200 https://registry.npmjs.org/object.defaults/-/object.defaults-1.1.0.tgz 1259ms (cache miss)
1437 http fetch GET 200 https://registry.npmjs.org/oblivious-set/-/oblivious-set-1.0.0.tgz 1259ms (cache miss)
1438 http fetch GET 200 https://registry.npmjs.org/tldts-core/-/tldts-core-7.4.10.tgz 1313ms (cache miss)
1439 http fetch GET 200 https://registry.npmjs.org/object-assign/-/object-assign-4.1.1.tgz 1260ms (cache miss)
1440 http fetch GET 200 https://registry.npmjs.org/path-to-regexp/-/path-to-regexp-0.1.13.tgz 1270ms (cache miss)
1441 http fetch GET 200 https://registry.npmjs.org/path-root/-/path-root-0.1.1.tgz 1270ms (cache miss)
1442 http fetch GET 200 https://registry.npmjs.org/now-and-later/-/now-and-later-3.0.0.tgz 1258ms (cache miss)
1443 http fetch GET 200 https://registry.npmjs.org/no-case/-/no-case-3.0.4.tgz 1258ms (cache miss)
1444 http fetch GET 200 https://registry.npmjs.org/node-releases/-/node-releases-2.0.51.tgz 1258ms (cache miss)
1445 http fetch GET 200 https://registry.npmjs.org/npm-conf/-/npm-conf-1.1.3.tgz 1259ms (cache miss)
1446 http fetch GET 200 https://registry.npmjs.org/object.pick/-/object.pick-1.3.0.tgz 1264ms (cache miss)
1447 http fetch GET 200 https://registry.npmjs.org/on-finished/-/on-finished-2.4.1.tgz 1264ms (cache miss)
1448 http fetch GET 200 https://registry.npmjs.org/pinkie-promise/-/pinkie-promise-2.0.1.tgz 1274ms (cache miss)
1449 http fetch GET 200 https://registry.npmjs.org/nice-try/-/nice-try-1.0.5.tgz 1261ms (cache miss)
1450 http fetch GET 200 https://registry.npmjs.org/nano-time/-/nano-time-1.0.0.tgz 1260ms (cache miss)
1451 http fetch GET 200 https://registry.npmjs.org/nanoid/-/nanoid-3.3.17.tgz 1261ms (cache miss)
1452 http fetch GET 200 https://registry.npmjs.org/picomatch/-/picomatch-4.0.5.tgz 1276ms (cache miss)
1453 http fetch GET 200 https://registry.npmjs.org/npm-run-path/-/npm-run-path-2.0.2.tgz 1263ms (cache miss)
1454 http fetch GET 200 https://registry.npmjs.org/normalize-url/-/normalize-url-2.0.1.tgz 1263ms (cache miss)
1455 http fetch GET 200 https://registry.npmjs.org/negotiator/-/negotiator-0.6.3.tgz 1264ms (cache miss)
1456 http fetch GET 200 https://registry.npmjs.org/normalize-path/-/normalize-path-3.0.0.tgz 1269ms (cache miss)
1457 http fetch GET 200 https://registry.npmjs.org/mrmime/-/mrmime-2.0.1.tgz 1267ms (cache miss)
1458 http fetch GET 200 https://registry.npmjs.org/ms/-/ms-2.1.3.tgz 1267ms (cache miss)
1459 http fetch GET 200 https://registry.npmjs.org/mute-stdout/-/mute-stdout-2.0.0.tgz 1268ms (cache miss)
1460 http fetch GET 200 https://registry.npmjs.org/multicast-dns/-/multicast-dns-7.2.5.tgz 1269ms (cache miss)
1461 http fetch GET 200 https://registry.npmjs.org/svgo/-/svgo-2.8.3.tgz 1324ms (cache miss)
1462 http fetch GET 200 https://registry.npmjs.org/minimatch/-/minimatch-3.1.5.tgz 1271ms (cache miss)
1463 http fetch GET 200 https://registry.npmjs.org/mimic-response/-/mimic-response-1.0.1.tgz 1271ms (cache miss)
1464 http fetch GET 200 https://registry.npmjs.org/mime-types/-/mime-types-2.1.35.tgz 1270ms (cache miss)
1465 http fetch GET 200 https://registry.npmjs.org/parse5/-/parse5-8.0.1.tgz 1290ms (cache miss)
1466 http fetch GET 200 https://registry.npmjs.org/mimic-fn/-/mimic-fn-2.1.0.tgz 1277ms (cache miss)
1467 http fetch GET 200 https://registry.npmjs.org/microseconds/-/microseconds-0.2.0.tgz 1277ms (cache miss)
1468 http fetch GET 200 https://registry.npmjs.org/micromatch/-/micromatch-4.0.8.tgz 1276ms (cache miss)
1469 http fetch GET 200 https://registry.npmjs.org/merge2/-/merge2-1.4.1.tgz 1279ms (cache miss)
1470 http fetch GET 200 https://registry.npmjs.org/mime/-/mime-1.6.0.tgz 1284ms (cache miss)
1471 http fetch GET 200 https://registry.npmjs.org/merge-stream/-/merge-stream-2.0.0.tgz 1297ms (cache miss)
1472 http fetch GET 200 https://registry.npmjs.org/methods/-/methods-1.1.2.tgz 1298ms (cache miss)
1473 http fetch GET 200 https://registry.npmjs.org/math-intrinsics/-/math-intrinsics-1.1.0.tgz 1299ms (cache miss)
1474 http fetch GET 200 https://registry.npmjs.org/merge-descriptors/-/merge-descriptors-1.0.3.tgz 1302ms (cache miss)
1475 http fetch GET 200 https://registry.npmjs.org/nth-check/-/nth-check-2.1.1.tgz 1317ms (cache miss)
1476 http fetch GET 200 https://registry.npmjs.org/lru-cache/-/lru-cache-5.1.1.tgz 1315ms (cache miss)
1477 http fetch GET 200 https://registry.npmjs.org/minimizer-webpack-plugin/-/minimizer-webpack-plugin-5.6.1.tgz 1322ms (cache miss)
1478 http fetch GET 200 https://registry.npmjs.org/make-dir/-/make-dir-3.1.0.tgz 1320ms (cache miss)
1479 http fetch GET 200 https://registry.npmjs.org/minimalistic-assert/-/minimalistic-assert-1.0.1.tgz 1326ms (cache miss)
1480 http fetch GET 200 https://registry.npmjs.org/lowercase-keys/-/lowercase-keys-1.0.1.tgz 1321ms (cache miss)
1481 http fetch GET 200 https://registry.npmjs.org/lower-case/-/lower-case-2.0.2.tgz 1322ms (cache miss)
1482 http fetch GET 200 https://registry.npmjs.org/loose-envify/-/loose-envify-1.4.0.tgz 1321ms (cache miss)
1483 http fetch GET 200 https://registry.npmjs.org/map-cache/-/map-cache-0.2.2.tgz 1324ms (cache miss)
1484 http fetch GET 200 https://registry.npmjs.org/mini-css-extract-plugin/-/mini-css-extract-plugin-2.10.2.tgz 1333ms (cache miss)
1485 http fetch GET 200 https://registry.npmjs.org/lines-and-columns/-/lines-and-columns-1.2.4.tgz 1326ms (cache miss)
1486 http fetch GET 200 https://registry.npmjs.org/locate-path/-/locate-path-7.2.0.tgz 1329ms (cache miss)
1487 http fetch GET 200 https://registry.npmjs.org/liftoff/-/liftoff-5.0.1.tgz 1329ms (cache miss)
1488 http fetch GET 200 https://registry.npmjs.org/lead/-/lead-4.0.0.tgz 1335ms (cache miss)
1489 http fetch GET 200 https://registry.npmjs.org/lodash.debounce/-/lodash.debounce-4.0.8.tgz 1336ms (cache miss)
1490 http fetch GET 200 https://registry.npmjs.org/kind-of/-/kind-of-6.0.3.tgz 1334ms (cache miss)
1491 http fetch GET 200 https://registry.npmjs.org/last-run/-/last-run-2.0.0.tgz 1334ms (cache miss)
1492 http fetch GET 200 https://registry.npmjs.org/mime-db/-/mime-db-1.54.0.tgz 1344ms (cache miss)
1493 http fetch GET 200 https://registry.npmjs.org/keyv/-/keyv-3.0.0.tgz 1338ms (cache miss)
1494 http fetch GET 200 https://registry.npmjs.org/launch-editor/-/launch-editor-2.14.1.tgz 1339ms (cache miss)
1495 http fetch GET 200 https://registry.npmjs.org/object-inspect/-/object-inspect-1.13.4.tgz 1357ms (cache miss)
1496 http fetch GET 200 https://registry.npmjs.org/json-buffer/-/json-buffer-3.0.0.tgz 1338ms (cache miss)
1497 http fetch GET 200 https://registry.npmjs.org/junk/-/junk-3.1.0.tgz 1341ms (cache miss)
1498 http fetch GET 200 https://registry.npmjs.org/match-sorter/-/match-sorter-6.3.4.tgz 1346ms (cache miss)
1499 http fetch GET 200 https://registry.npmjs.org/node-addon-api/-/node-addon-api-7.1.1.tgz 1355ms (cache miss)
1500 http fetch GET 200 https://registry.npmjs.org/keyboard-key/-/keyboard-key-1.1.0.tgz 1344ms (cache miss)
1501 http fetch GET 200 https://registry.npmjs.org/js-tokens/-/js-tokens-4.0.0.tgz 1342ms (cache miss)
1502 http fetch GET 200 https://registry.npmjs.org/jsesc/-/jsesc-3.1.0.tgz 1343ms (cache miss)
1503 http fetch GET 200 https://registry.npmjs.org/json-parse-even-better-errors/-/json-parse-even-better-errors-2.3.1.tgz 1346ms (cache miss)
1504 http fetch GET 200 https://registry.npmjs.org/json-schema-traverse/-/json-schema-traverse-1.0.0.tgz 1347ms (cache miss)
1505 http fetch GET 200 https://registry.npmjs.org/media-typer/-/media-typer-0.3.0.tgz 1356ms (cache miss)
1506 http fetch GET 200 https://registry.npmjs.org/isurl/-/isurl-1.0.0.tgz 1351ms (cache miss)
1507 http fetch GET 200 https://registry.npmjs.org/isobject/-/isobject-3.0.1.tgz 1351ms (cache miss)
1508 http fetch GET 200 https://registry.npmjs.org/loader-utils/-/loader-utils-2.0.4.tgz 1359ms (cache miss)
1509 http fetch GET 200 https://registry.npmjs.org/js-sha3/-/js-sha3-0.8.0.tgz 1356ms (cache miss)
1510 http fetch GET 200 https://registry.npmjs.org/ityped/-/ityped-1.0.3.tgz 1363ms (cache miss)
1511 http fetch GET 200 https://registry.npmjs.org/isexe/-/isexe-2.0.0.tgz 1365ms (cache miss)
1512 http fetch GET 200 https://registry.npmjs.org/is-valid-glob/-/is-valid-glob-1.0.0.tgz 1364ms (cache miss)
1513 http fetch GET 200 https://registry.npmjs.org/is-unc-path/-/is-unc-path-1.0.0.tgz 1364ms (cache miss)
1514 http fetch GET 200 https://registry.npmjs.org/isarray/-/isarray-1.0.0.tgz 1365ms (cache miss)
1515 http fetch GET 200 https://registry.npmjs.org/pkijs/-/pkijs-3.4.0.tgz 1399ms (cache miss)
1516 http fetch GET 200 https://registry.npmjs.org/is-wsl/-/is-wsl-3.1.1.tgz 1367ms (cache miss)
1517 http fetch GET 200 https://registry.npmjs.org/is-typed-array/-/is-typed-array-1.1.15.tgz 1368ms (cache miss)
1518 http fetch GET 200 https://registry.npmjs.org/is-stream/-/is-stream-1.1.0.tgz 1367ms (cache miss)
1519 http fetch GET 200 https://registry.npmjs.org/is-windows/-/is-windows-1.0.2.tgz 1369ms (cache miss)
1520 http fetch GET 200 https://registry.npmjs.org/is-retry-allowed/-/is-retry-allowed-1.2.0.tgz 1370ms (cache miss)
1521 http fetch GET 200 https://registry.npmjs.org/is-potential-custom-element-name/-/is-potential-custom-element-name-1.0.1.tgz 1370ms (cache miss)
1522 http fetch GET 200 https://registry.npmjs.org/is-svg/-/is-svg-4.4.0.tgz 1372ms (cache miss)
1523 http fetch GET 200 https://registry.npmjs.org/is-relative/-/is-relative-1.0.0.tgz 1372ms (cache miss)
1524 http fetch GET 200 https://registry.npmjs.org/ow/-/ow-0.17.0.tgz 1396ms (cache miss)
1525 http fetch GET 200 https://registry.npmjs.org/is-path-inside/-/is-path-inside-2.1.0.tgz 1371ms (cache miss)
1526 http fetch GET 200 https://registry.npmjs.org/is-png/-/is-png-2.0.0.tgz 1372ms (cache miss)
1527 http fetch GET 200 https://registry.npmjs.org/is-plain-object/-/is-plain-object-5.0.0.tgz 1373ms (cache miss)
1528 http fetch GET 200 https://registry.npmjs.org/is-path-in-cwd/-/is-path-in-cwd-2.1.0.tgz 1373ms (cache miss)
1529 http fetch GET 200 https://registry.npmjs.org/is-path-cwd/-/is-path-cwd-2.2.0.tgz 1373ms (cache miss)
1530 http fetch GET 200 https://registry.npmjs.org/is-object/-/is-object-1.0.2.tgz 1374ms (cache miss)
1531 http fetch GET 200 https://registry.npmjs.org/is-number/-/is-number-7.0.0.tgz 1377ms (cache miss)
1532 http fetch GET 200 https://registry.npmjs.org/is-network-error/-/is-network-error-1.3.2.tgz 1376ms (cache miss)
1533 http fetch GET 200 https://registry.npmjs.org/is-plain-obj/-/is-plain-obj-1.1.0.tgz 1378ms (cache miss)
1534 http fetch GET 200 https://registry.npmjs.org/is-negated-glob/-/is-negated-glob-1.0.0.tgz 1378ms (cache miss)
1535 http fetch GET 200 https://registry.npmjs.org/is-jpg/-/is-jpg-2.0.0.tgz 1378ms (cache miss)
1536 http fetch GET 200 https://registry.npmjs.org/json5/-/json5-2.2.3.tgz 1391ms (cache miss)
1537 http fetch GET 200 https://registry.npmjs.org/memfs/-/memfs-4.65.0.tgz 1398ms (cache miss)
1538 http fetch GET 200 https://registry.npmjs.org/jest-worker/-/jest-worker-27.5.1.tgz 1396ms (cache miss)
1539 http fetch GET 200 https://registry.npmjs.org/mdn-data/-/mdn-data-2.0.14.tgz 1406ms (cache miss)
1540 http fetch GET 200 https://registry.npmjs.org/terser/-/terser-5.49.0.tgz 1468ms (cache miss)
1541 http fetch GET 200 https://registry.npmjs.org/styletron-engine-atomic/-/styletron-engine-atomic-1.6.2.tgz 1469ms (cache miss)
1542 http fetch GET 200 https://registry.npmjs.org/tsyringe/-/tsyringe-4.10.0.tgz 1481ms (cache miss)
1543 http fetch GET 200 https://registry.npmjs.org/resolve/-/resolve-1.22.12.tgz 1453ms (cache miss)
1544 http fetch GET 200 https://registry.npmjs.org/tldts/-/tldts-7.4.10.tgz 1486ms (cache miss)
1545 http fetch GET 200 https://registry.npmjs.org/mozjpeg/-/mozjpeg-7.1.1.tgz 1452ms (cache miss)
1546 http fetch GET 200 https://registry.npmjs.org/neo-async/-/neo-async-2.6.2.tgz 1471ms (cache miss)
1547 http fetch GET 200 https://registry.npmjs.org/is-natural-number/-/is-natural-number-4.0.1.tgz 1462ms (cache miss)
1548 http fetch GET 200 https://registry.npmjs.org/optipng-bin/-/optipng-bin-7.0.1.tgz 1489ms (cache miss)
1549 http fetch GET 200 https://registry.npmjs.org/is-glob/-/is-glob-4.0.3.tgz 1462ms (cache miss)
1550 http fetch GET 200 https://registry.npmjs.org/is-inside-container/-/is-inside-container-1.0.0.tgz 1462ms (cache miss)
1551 http fetch GET 200 https://registry.npmjs.org/is-fullwidth-code-point/-/is-fullwidth-code-point-3.0.0.tgz 1463ms (cache miss)
1552 http fetch GET 200 https://registry.npmjs.org/is-docker/-/is-docker-3.0.0.tgz 1462ms (cache miss)
1553 http fetch GET 200 https://registry.npmjs.org/is-core-module/-/is-core-module-2.16.2.tgz 1466ms (cache miss)
1554 http fetch GET 200 https://registry.npmjs.org/is-cwebp-readable/-/is-cwebp-readable-3.0.0.tgz 1467ms (cache miss)
1555 http fetch GET 200 https://registry.npmjs.org/is-binary-path/-/is-binary-path-2.1.0.tgz 1466ms (cache miss)
1556 http fetch GET 200 https://registry.npmjs.org/is-extglob/-/is-extglob-2.1.1.tgz 1469ms (cache miss)
1557 http fetch GET 200 https://registry.npmjs.org/is-gif/-/is-gif-3.0.0.tgz 1470ms (cache miss)
1558 http fetch GET 200 https://registry.npmjs.org/inherits/-/inherits-2.0.4.tgz 1484ms (cache miss)
1559 http fetch GET 200 https://registry.npmjs.org/is-arrayish/-/is-arrayish-0.2.1.tgz 1487ms (cache miss)
1560 http fetch GET 200 https://registry.npmjs.org/interpret/-/interpret-3.1.1.tgz 1487ms (cache miss)
1561 http fetch GET 200 https://registry.npmjs.org/is-callable/-/is-callable-1.2.7.tgz 1488ms (cache miss)
1562 http fetch GET 200 https://registry.npmjs.org/is-absolute/-/is-absolute-1.0.0.tgz 1488ms (cache miss)
1563 http fetch GET 200 https://registry.npmjs.org/ipaddr.js/-/ipaddr.js-1.9.1.tgz 1488ms (cache miss)
1564 http fetch GET 200 https://registry.npmjs.org/inflight/-/inflight-1.0.6.tgz 1488ms (cache miss)
1565 warn deprecated inflight@1.0.6: This module is not supported, and leaks memory. Do not use it. Check out lru-cache if you want a good and tested way to coalesce async requests by a key value, which is much more comprehensive and powerful.
1566 http fetch GET 200 https://registry.npmjs.org/import-local/-/import-local-3.2.0.tgz 1491ms (cache miss)
1567 http fetch GET 200 https://registry.npmjs.org/into-stream/-/into-stream-3.1.0.tgz 1492ms (cache miss)
1568 http fetch GET 200 https://registry.npmjs.org/import-lazy/-/import-lazy-3.1.0.tgz 1490ms (cache miss)
1569 http fetch GET 200 https://registry.npmjs.org/ini/-/ini-1.3.8.tgz 1492ms (cache miss)
1570 http fetch GET 200 https://registry.npmjs.org/import-fresh/-/import-fresh-3.3.1.tgz 1493ms (cache miss)
1571 http fetch GET 200 https://registry.npmjs.org/imagemin-webp/-/imagemin-webp-7.0.0.tgz 1503ms (cache miss)
1572 http fetch GET 200 https://registry.npmjs.org/imagemin-svgo/-/imagemin-svgo-9.0.0.tgz 1504ms (cache miss)
1573 http fetch GET 200 https://registry.npmjs.org/imagemin-mozjpeg/-/imagemin-mozjpeg-9.0.0.tgz 1503ms (cache miss)
1574 http fetch GET 200 https://registry.npmjs.org/imagemin-optipng/-/imagemin-optipng-8.0.0.tgz 1514ms (cache miss)
1575 http fetch GET 200 https://registry.npmjs.org/imagemin-pngquant/-/imagemin-pngquant-9.0.2.tgz 1515ms (cache miss)
1576 http fetch GET 200 https://registry.npmjs.org/ieee754/-/ieee754-1.2.1.tgz 1512ms (cache miss)
1577 http fetch GET 200 https://registry.npmjs.org/imagemin-gifsicle/-/imagemin-gifsicle-7.0.0.tgz 1516ms (cache miss)
1578 http fetch GET 200 https://registry.npmjs.org/hyphenate-style-name/-/hyphenate-style-name-1.1.0.tgz 1514ms (cache miss)
1579 http fetch GET 200 https://registry.npmjs.org/ignore/-/ignore-5.3.2.tgz 1518ms (cache miss)
1580 http fetch GET 200 https://registry.npmjs.org/http-deceiver/-/http-deceiver-1.2.7.tgz 1534ms (cache miss)
1581 http fetch GET 200 https://registry.npmjs.org/http-cache-semantics/-/http-cache-semantics-3.8.1.tgz 1533ms (cache miss)
1582 http fetch GET 200 https://registry.npmjs.org/http-parser-js/-/http-parser-js-0.5.10.tgz 1534ms (cache miss)
1583 http fetch GET 200 https://registry.npmjs.org/http-errors/-/http-errors-2.0.1.tgz 1536ms (cache miss)
1584 http fetch GET 200 https://registry.npmjs.org/image-minimizer-webpack-plugin/-/image-minimizer-webpack-plugin-4.1.4.tgz 1544ms (cache miss)
1585 http fetch GET 200 https://registry.npmjs.org/html-escaper/-/html-escaper-2.0.2.tgz 1544ms (cache miss)
1586 http fetch GET 200 https://registry.npmjs.org/html-encoding-sniffer/-/html-encoding-sniffer-6.0.0.tgz 1548ms (cache miss)
1587 http fetch GET 200 https://registry.npmjs.org/human-signals/-/human-signals-2.1.0.tgz 1550ms (cache miss)
1588 http fetch GET 200 https://registry.npmjs.org/html-webpack-plugin/-/html-webpack-plugin-5.6.8.tgz 1565ms (cache miss)
1589 http fetch GET 200 https://registry.npmjs.org/htmlparser2/-/htmlparser2-6.1.0.tgz 1569ms (cache miss)
1590 http fetch GET 200 https://registry.npmjs.org/html-minifier-terser/-/html-minifier-terser-6.1.0.tgz 1574ms (cache miss)
1591 http fetch GET 200 https://registry.npmjs.org/immutable/-/immutable-5.1.9.tgz 1586ms (cache miss)
1592 http fetch GET 200 https://registry.npmjs.org/has-to-string-tag-x/-/has-to-string-tag-x-1.4.1.tgz 1578ms (cache miss)
1593 http fetch GET 200 https://registry.npmjs.org/has-symbol-support-x/-/has-symbol-support-x-1.4.2.tgz 1578ms (cache miss)
1594 http fetch GET 200 https://registry.npmjs.org/homedir-polyfill/-/homedir-polyfill-1.0.3.tgz 1579ms (cache miss)
1595 http fetch GET 200 https://registry.npmjs.org/has-symbols/-/has-symbols-1.1.0.tgz 1579ms (cache miss)
1596 http fetch GET 200 https://registry.npmjs.org/hoist-non-react-statics/-/hoist-non-react-statics-3.3.2.tgz 1581ms (cache miss)
1597 http fetch GET 200 https://registry.npmjs.org/imagemin/-/imagemin-7.0.1.tgz 1586ms (cache miss)
1598 http fetch GET 200 https://registry.npmjs.org/hasown/-/hasown-2.0.4.tgz 1581ms (cache miss)
1599 http fetch GET 200 https://registry.npmjs.org/http-proxy/-/http-proxy-1.18.1.tgz 1587ms (cache miss)
1600 http fetch GET 200 https://registry.npmjs.org/he/-/he-1.2.0.tgz 1589ms (cache miss)
1601 http fetch GET 200 https://registry.npmjs.org/gzip-size/-/gzip-size-6.0.0.tgz 1599ms (cache miss)
1602 http fetch GET 200 https://registry.npmjs.org/has-tostringtag/-/has-tostringtag-1.0.2.tgz 1604ms (cache miss)
1603 http fetch GET 200 https://registry.npmjs.org/graceful-fs/-/graceful-fs-4.2.11.tgz 1600ms (cache miss)
1604 http fetch GET 200 https://registry.npmjs.org/has-flag/-/has-flag-4.0.0.tgz 1603ms (cache miss)
1605 http fetch GET 200 https://registry.npmjs.org/got/-/got-7.1.0.tgz 1600ms (cache miss)
1606 http fetch GET 200 https://registry.npmjs.org/glogg/-/glogg-2.2.0.tgz 1603ms (cache miss)
1607 http fetch GET 200 https://registry.npmjs.org/gulp/-/gulp-5.0.1.tgz 1604ms (cache miss)
1608 http fetch GET 200 https://registry.npmjs.org/icss-utils/-/icss-utils-5.1.0.tgz 1612ms (cache miss)
1609 http fetch GET 200 https://registry.npmjs.org/handle-thing/-/handle-thing-2.0.1.tgz 1610ms (cache miss)
1610 http fetch GET 200 https://registry.npmjs.org/gulplog/-/gulplog-2.2.0.tgz 1610ms (cache miss)
1611 http fetch GET 200 https://registry.npmjs.org/hpack.js/-/hpack.js-2.1.6.tgz 1616ms (cache miss)
1612 http fetch GET 200 https://registry.npmjs.org/gopd/-/gopd-1.2.0.tgz 1616ms (cache miss)
1613 http fetch GET 200 https://registry.npmjs.org/has-property-descriptors/-/has-property-descriptors-1.0.2.tgz 1622ms (cache miss)
1614 http fetch GET 200 https://registry.npmjs.org/iconv-lite/-/iconv-lite-0.4.24.tgz 1633ms (cache miss)
1615 http fetch GET 200 https://registry.npmjs.org/inline-style-prefixer/-/inline-style-prefixer-5.1.2.tgz 1644ms (cache miss)
1616 http fetch GET 200 https://registry.npmjs.org/react-dom/-/react-dom-18.3.1.tgz 1696ms (cache miss)
1617 http fetch GET 200 https://registry.npmjs.org/glob-to-regex.js/-/glob-to-regex.js-1.2.0.tgz 1633ms (cache miss)
1618 http fetch GET 200 https://registry.npmjs.org/glob-parent/-/glob-parent-5.1.2.tgz 1633ms (cache miss)
1619 http fetch GET 200 https://registry.npmjs.org/get-stream/-/get-stream-4.1.0.tgz 1633ms (cache miss)
1620 http fetch GET 200 https://registry.npmjs.org/get-intrinsic/-/get-intrinsic-1.3.0.tgz 1633ms (cache miss)
1621 http fetch GET 200 https://registry.npmjs.org/global-prefix/-/global-prefix-1.0.2.tgz 1635ms (cache miss)
1622 http fetch GET 200 https://registry.npmjs.org/glob/-/glob-7.2.3.tgz 1634ms (cache miss)
1623 warn deprecated glob@7.2.3: Old versions of glob are not supported, and contain widely publicized security vulnerabilities, which have been fixed in the current version. Please update. Support for old versions may be purchased (at exorbitant rates) by contacting i@izs.me
1624 http fetch GET 200 https://registry.npmjs.org/get-proxy/-/get-proxy-2.1.0.tgz 1635ms (cache miss)
1625 http fetch GET 200 https://registry.npmjs.org/glob-watcher/-/glob-watcher-6.0.0.tgz 1636ms (cache miss)
1626 http fetch GET 200 https://registry.npmjs.org/globby/-/globby-6.1.0.tgz 1636ms (cache miss)
1627 http fetch GET 200 https://registry.npmjs.org/global-modules/-/global-modules-1.0.0.tgz 1637ms (cache miss)
1628 http fetch GET 200 https://registry.npmjs.org/glob-stream/-/glob-stream-8.0.3.tgz 1636ms (cache miss)
1629 http fetch GET 200 https://registry.npmjs.org/get-caller-file/-/get-caller-file-2.0.5.tgz 1635ms (cache miss)
1630 http fetch GET 200 https://registry.npmjs.org/gensync/-/gensync-1.0.0-beta.2.tgz 1638ms (cache miss)
1631 http fetch GET 200 https://registry.npmjs.org/function-bind/-/function-bind-1.1.2.tgz 1641ms (cache miss)
1632 http fetch GET 200 https://registry.npmjs.org/fs.realpath/-/fs.realpath-1.0.0.tgz 1646ms (cache miss)
1633 http fetch GET 200 https://registry.npmjs.org/from2/-/from2-2.3.0.tgz 1646ms (cache miss)
1634 http fetch GET 200 https://registry.npmjs.org/fs-mkdirp-stream/-/fs-mkdirp-stream-2.0.1.tgz 1646ms (cache miss)
1635 http fetch GET 200 https://registry.npmjs.org/fresh/-/fresh-0.5.2.tgz 1644ms (cache miss)
1636 http fetch GET 200 https://registry.npmjs.org/fs-constants/-/fs-constants-1.0.0.tgz 1646ms (cache miss)
1637 http fetch GET 200 https://registry.npmjs.org/get-proto/-/get-proto-1.0.1.tgz 1644ms (cache miss)
1638 http fetch GET 200 https://registry.npmjs.org/forwarded/-/forwarded-0.2.0.tgz 1644ms (cache miss)
1639 http fetch GET 200 https://registry.npmjs.org/for-own/-/for-own-1.0.0.tgz 1650ms (cache miss)
1640 http fetch GET 200 https://registry.npmjs.org/fsevents/-/fsevents-2.3.3.tgz 1655ms (cache miss)
1641 http fetch GET 200 https://registry.npmjs.org/for-in/-/for-in-1.0.2.tgz 1653ms (cache miss)
1642 http fetch GET 200 https://registry.npmjs.org/flat/-/flat-5.0.2.tgz 1654ms (cache miss)
1643 http fetch GET 200 https://registry.npmjs.org/follow-redirects/-/follow-redirects-1.16.0.tgz 1655ms (cache miss)
1644 http fetch GET 200 https://registry.npmjs.org/for-each/-/for-each-0.3.5.tgz 1657ms (cache miss)
1645 http fetch GET 200 https://registry.npmjs.org/fined/-/fined-2.0.0.tgz 1660ms (cache miss)
1646 http fetch GET 200 https://registry.npmjs.org/find-root/-/find-root-1.1.0.tgz 1659ms (cache miss)
1647 http fetch GET 200 https://registry.npmjs.org/find-versions/-/find-versions-3.2.0.tgz 1662ms (cache miss)
1648 http fetch GET 200 https://registry.npmjs.org/find-cache-dir/-/find-cache-dir-4.0.0.tgz 1662ms (cache miss)
1649 http fetch GET 200 https://registry.npmjs.org/find-up/-/find-up-6.3.0.tgz 1662ms (cache miss)
1650 http fetch GET 200 https://registry.npmjs.org/flagged-respawn/-/flagged-respawn-2.0.0.tgz 1665ms (cache miss)
1651 http fetch GET 200 https://registry.npmjs.org/findup-sync/-/findup-sync-5.0.0.tgz 1665ms (cache miss)
1652 http fetch GET 200 https://registry.npmjs.org/fill-range/-/fill-range-7.1.1.tgz 1667ms (cache miss)
1653 http fetch GET 200 https://registry.npmjs.org/finalhandler/-/finalhandler-1.3.2.tgz 1670ms (cache miss)
1654 http fetch GET 200 https://registry.npmjs.org/fd-slicer/-/fd-slicer-1.1.0.tgz 1675ms (cache miss)
1655 http fetch GET 200 https://registry.npmjs.org/filenamify/-/filenamify-2.1.0.tgz 1678ms (cache miss)
1656 http fetch GET 200 https://registry.npmjs.org/file-type/-/file-type-12.4.2.tgz 1679ms (cache miss)
1657 http fetch GET 200 https://registry.npmjs.org/fast-json-stable-stringify/-/fast-json-stable-stringify-2.1.0.tgz 1679ms (cache miss)
1658 http fetch GET 200 https://registry.npmjs.org/fast-levenshtein/-/fast-levenshtein-3.0.0.tgz 1681ms (cache miss)
1659 http fetch GET 200 https://registry.npmjs.org/filename-reserved-regex/-/filename-reserved-regex-2.0.0.tgz 1683ms (cache miss)
1660 http fetch GET 200 https://registry.npmjs.org/fastq/-/fastq-1.20.1.tgz 1682ms (cache miss)
1661 http fetch GET 200 https://registry.npmjs.org/fastest-levenshtein/-/fastest-levenshtein-1.0.16.tgz 1691ms (cache miss)
1662 http fetch GET 200 https://registry.npmjs.org/extend/-/extend-3.0.2.tgz 1689ms (cache miss)
1663 http fetch GET 200 https://registry.npmjs.org/expand-tilde/-/expand-tilde-2.0.2.tgz 1695ms (cache miss)
1664 http fetch GET 200 https://registry.npmjs.org/exenv/-/exenv-1.2.2.tgz 1694ms (cache miss)
1665 http fetch GET 200 https://registry.npmjs.org/http-proxy-middleware/-/http-proxy-middleware-3.0.7.tgz 1717ms (cache miss)
1666 http fetch GET 200 https://registry.npmjs.org/fast-fifo/-/fast-fifo-1.3.2.tgz 1698ms (cache miss)
1667 http fetch GET 200 https://registry.npmjs.org/ext-list/-/ext-list-2.2.2.tgz 1700ms (cache miss)
1668 http fetch GET 200 https://registry.npmjs.org/executable/-/executable-4.1.1.tgz 1700ms (cache miss)
1669 http fetch GET 200 https://registry.npmjs.org/exec-buffer/-/exec-buffer-3.2.0.tgz 1700ms (cache miss)
1670 http fetch GET 200 https://registry.npmjs.org/events-universal/-/events-universal-1.0.1.tgz 1699ms (cache miss)
1671 http fetch GET 200 https://registry.npmjs.org/execa/-/execa-1.0.0.tgz 1700ms (cache miss)
1672 http fetch GET 200 https://registry.npmjs.org/ext-name/-/ext-name-5.0.0.tgz 1712ms (cache miss)
1673 http fetch GET 200 https://registry.npmjs.org/fast-deep-equal/-/fast-deep-equal-3.1.3.tgz 1712ms (cache miss)
1674 http fetch GET 200 https://registry.npmjs.org/eventemitter3/-/eventemitter3-4.0.7.tgz 1711ms (cache miss)
1675 http fetch GET 200 https://registry.npmjs.org/etag/-/etag-1.8.1.tgz 1712ms (cache miss)
1676 http fetch GET 200 https://registry.npmjs.org/hyperdyperid/-/hyperdyperid-1.2.0.tgz 1738ms (cache miss)
1677 http fetch GET 200 https://registry.npmjs.org/faye-websocket/-/faye-websocket-0.11.4.tgz 1720ms (cache miss)
1678 http fetch GET 200 https://registry.npmjs.org/esutils/-/esutils-2.0.3.tgz 1726ms (cache miss)
1679 http fetch GET 200 https://registry.npmjs.org/esrecurse/-/esrecurse-4.3.0.tgz 1745ms (cache miss)
1680 http fetch GET 200 https://registry.npmjs.org/escape-html/-/escape-html-1.0.3.tgz 1745ms (cache miss)
1681 http fetch GET 200 https://registry.npmjs.org/escape-string-regexp/-/escape-string-regexp-4.0.0.tgz 1746ms (cache miss)
1682 http fetch GET 200 https://registry.npmjs.org/es-errors/-/es-errors-1.3.0.tgz 1757ms (cache miss)
1683 http fetch GET 200 https://registry.npmjs.org/styled-components/-/styled-components-6.4.4.tgz 1873ms (cache miss)
1684 http fetch GET 200 https://registry.npmjs.org/estraverse/-/estraverse-4.3.0.tgz 1778ms (cache miss)
1685 http fetch GET 200 https://registry.npmjs.org/escalade/-/escalade-3.2.0.tgz 1778ms (cache miss)
1686 http fetch GET 200 https://registry.npmjs.org/es-object-atoms/-/es-object-atoms-1.1.2.tgz 1787ms (cache miss)
1687 http fetch GET 200 https://registry.npmjs.org/end-of-stream/-/end-of-stream-1.4.5.tgz 1800ms (cache miss)
1688 http fetch GET 200 https://registry.npmjs.org/envinfo/-/envinfo-7.21.0.tgz 1802ms (cache miss)
1689 http fetch GET 200 https://registry.npmjs.org/es-define-property/-/es-define-property-1.0.1.tgz 1804ms (cache miss)
1690 http fetch GET 200 https://registry.npmjs.org/emojis-list/-/emojis-list-3.0.0.tgz 1806ms (cache miss)
1691 http fetch GET 200 https://registry.npmjs.org/emoji-regex/-/emoji-regex-8.0.0.tgz 1804ms (cache miss)
1692 http fetch GET 200 https://registry.npmjs.org/eslint-scope/-/eslint-scope-5.1.1.tgz 1808ms (cache miss)
1693 http fetch GET 200 https://registry.npmjs.org/error-ex/-/error-ex-1.3.4.tgz 1804ms (cache miss)
1694 http fetch GET 200 https://registry.npmjs.org/duplexer3/-/duplexer3-0.1.5.tgz 1803ms (cache miss)
1695 http fetch GET 200 https://registry.npmjs.org/ee-first/-/ee-first-1.1.1.tgz 1803ms (cache miss)
1696 http fetch GET 200 https://registry.npmjs.org/encodeurl/-/encodeurl-2.0.0.tgz 1811ms (cache miss)
1697 http fetch GET 200 https://registry.npmjs.org/duplexer/-/duplexer-0.1.2.tgz 1815ms (cache miss)
1698 http fetch GET 200 https://registry.npmjs.org/each-props/-/each-props-3.0.0.tgz 1816ms (cache miss)
1699 http fetch GET 200 https://registry.npmjs.org/domhandler/-/domhandler-4.3.1.tgz 1814ms (cache miss)
1700 http fetch GET 200 https://registry.npmjs.org/dom-serializer/-/dom-serializer-1.4.1.tgz 1815ms (cache miss)
1701 http fetch GET 200 https://registry.npmjs.org/domelementtype/-/domelementtype-2.3.0.tgz 1815ms (cache miss)
1702 http fetch GET 200 https://registry.npmjs.org/dom-converter/-/dom-converter-0.2.0.tgz 1815ms (cache miss)
1703 http fetch GET 200 https://registry.npmjs.org/download/-/download-6.2.5.tgz 1821ms (cache miss)
1704 http fetch GET 200 https://registry.npmjs.org/dot-case/-/dot-case-3.0.4.tgz 1829ms (cache miss)
1705 http fetch GET 200 https://registry.npmjs.org/dunder-proto/-/dunder-proto-1.0.1.tgz 1829ms (cache miss)
1706 http fetch GET 200 https://registry.npmjs.org/dir-glob/-/dir-glob-3.0.1.tgz 1830ms (cache miss)
1707 http fetch GET 200 https://registry.npmjs.org/destroy/-/destroy-1.2.0.tgz 1836ms (cache miss)
1708 http fetch GET 200 https://registry.npmjs.org/default-browser-id/-/default-browser-id-5.0.1.tgz 1838ms (cache miss)
1709 http fetch GET 200 https://registry.npmjs.org/del/-/del-4.1.1.tgz 1839ms (cache miss)
1710 http fetch GET 200 https://registry.npmjs.org/deepmerge/-/deepmerge-2.2.1.tgz 1839ms (cache miss)
1711 http fetch GET 200 https://registry.npmjs.org/detect-node/-/detect-node-2.1.0.tgz 1841ms (cache miss)
1712 http fetch GET 200 https://registry.npmjs.org/depd/-/depd-2.0.0.tgz 1841ms (cache miss)
1713 http fetch GET 200 https://registry.npmjs.org/detect-file/-/detect-file-1.0.0.tgz 1842ms (cache miss)
1714 http fetch GET 200 https://registry.npmjs.org/decompress-tarbz2/-/decompress-tarbz2-4.1.1.tgz 1839ms (cache miss)
1715 http fetch GET 200 https://registry.npmjs.org/decompress-response/-/decompress-response-3.3.0.tgz 1839ms (cache miss)
1716 http fetch GET 200 https://registry.npmjs.org/decompress-tar/-/decompress-tar-4.1.1.tgz 1841ms (cache miss)
1717 http fetch GET 200 https://registry.npmjs.org/decompress-targz/-/decompress-targz-4.1.1.tgz 1846ms (cache miss)
1718 http fetch GET 200 https://registry.npmjs.org/decompress/-/decompress-4.2.1.tgz 1843ms (cache miss)
1719 http fetch GET 200 https://registry.npmjs.org/debug/-/debug-4.4.3.tgz 1844ms (cache miss)
1720 http fetch GET 200 https://registry.npmjs.org/data-urls/-/data-urls-7.0.0.tgz 1844ms (cache miss)
1721 http fetch GET 200 https://registry.npmjs.org/define-lazy-prop/-/define-lazy-prop-3.0.0.tgz 1851ms (cache miss)
1722 http fetch GET 200 https://registry.npmjs.org/default-browser/-/default-browser-5.5.0.tgz 1850ms (cache miss)
1723 http fetch GET 200 https://registry.npmjs.org/decompress-unzip/-/decompress-unzip-4.0.1.tgz 1848ms (cache miss)
1724 http fetch GET 200 https://registry.npmjs.org/dns-packet/-/dns-packet-5.6.1.tgz 1854ms (cache miss)
1725 http fetch GET 200 https://registry.npmjs.org/css-what/-/css-what-6.2.2.tgz 1850ms (cache miss)
1726 http fetch GET 200 https://registry.npmjs.org/dotenv/-/dotenv-16.6.1.tgz 1860ms (cache miss)
1727 http fetch GET 200 https://registry.npmjs.org/entities/-/entities-2.2.0.tgz 1865ms (cache miss)
1728 http fetch GET 200 https://registry.npmjs.org/detect-libc/-/detect-libc-2.1.2.tgz 1859ms (cache miss)
1729 http fetch GET 200 https://registry.npmjs.org/events/-/events-3.3.0.tgz 1868ms (cache miss)
1730 http fetch GET 200 https://registry.npmjs.org/cross-spawn/-/cross-spawn-6.0.6.tgz 1852ms (cache miss)
1731 http fetch GET 200 https://registry.npmjs.org/debounce/-/debounce-1.2.1.tgz 1855ms (cache miss)
1732 http fetch GET 200 https://registry.npmjs.org/decode-uri-component/-/decode-uri-component-0.2.2.tgz 1855ms (cache miss)
1733 http fetch GET 200 https://registry.npmjs.org/css-in-js-utils/-/css-in-js-utils-2.0.1.tgz 1853ms (cache miss)
1734 http fetch GET 200 https://registry.npmjs.org/cssesc/-/cssesc-3.0.0.tgz 1854ms (cache miss)
1735 http fetch GET 200 https://registry.npmjs.org/express/-/express-4.22.2.tgz 1873ms (cache miss)
1736 http fetch GET 200 https://registry.npmjs.org/css-color-keywords/-/css-color-keywords-1.0.0.tgz 1855ms (cache miss)
1737 http fetch GET 200 https://registry.npmjs.org/define-data-property/-/define-data-property-1.1.4.tgz 1870ms (cache miss)
1738 http fetch GET 200 https://registry.npmjs.org/core-util-is/-/core-util-is-1.0.3.tgz 1864ms (cache miss)
1739 http fetch GET 200 https://registry.npmjs.org/cookie/-/cookie-0.7.2.tgz 1863ms (cache miss)
1740 http fetch GET 200 https://registry.npmjs.org/content-disposition/-/content-disposition-0.5.4.tgz 1861ms (cache miss)
1741 http fetch GET 200 https://registry.npmjs.org/config-chain/-/config-chain-1.1.13.tgz 1860ms (cache miss)
1742 http fetch GET 200 https://registry.npmjs.org/convert-source-map/-/convert-source-map-2.0.0.tgz 1861ms (cache miss)
1743 http fetch GET 200 https://registry.npmjs.org/content-type/-/content-type-1.0.5.tgz 1862ms (cache miss)
1744 http fetch GET 200 https://registry.npmjs.org/undici/-/undici-7.29.0.tgz 2000ms (cache miss)
1745 http fetch GET 200 https://registry.npmjs.org/electron-to-chromium/-/electron-to-chromium-1.5.399.tgz 1878ms (cache miss)
1746 http fetch GET 200 https://registry.npmjs.org/cors/-/cors-2.8.6.tgz 1868ms (cache miss)
1747 http fetch GET 200 https://registry.npmjs.org/es-module-lexer/-/es-module-lexer-2.3.1.tgz 1884ms (cache miss)
1748 http fetch GET 200 https://registry.npmjs.org/copy-props/-/copy-props-4.0.0.tgz 1869ms (cache miss)
1749 http fetch GET 200 https://registry.npmjs.org/cookie-signature/-/cookie-signature-1.0.7.tgz 1867ms (cache miss)
1750 http fetch GET 200 https://registry.npmjs.org/connect-history-api-fallback/-/connect-history-api-fallback-2.0.0.tgz 1866ms (cache miss)
1751 http fetch GET 200 https://registry.npmjs.org/formik/-/formik-2.4.9.tgz 1900ms (cache miss)
1752 http fetch GET 200 https://registry.npmjs.org/compressible/-/compressible-2.0.18.tgz 1872ms (cache miss)
1753 http fetch GET 200 https://registry.npmjs.org/concat-map/-/concat-map-0.0.1.tgz 1873ms (cache miss)
1754 http fetch GET 200 https://registry.npmjs.org/clsx/-/clsx-1.2.1.tgz 1871ms (cache miss)
1755 http fetch GET 200 https://registry.npmjs.org/commondir/-/commondir-1.0.1.tgz 1873ms (cache miss)
1756 http fetch GET 200 https://registry.npmjs.org/compression/-/compression-1.8.1.tgz 1873ms (cache miss)
1757 http fetch GET 200 https://registry.npmjs.org/compression-webpack-plugin/-/compression-webpack-plugin-11.1.0.tgz 1874ms (cache miss)
1758 http fetch GET 200 https://registry.npmjs.org/clone-deep/-/clone-deep-4.0.1.tgz 1871ms (cache miss)
1759 http fetch GET 200 https://registry.npmjs.org/colorette/-/colorette-2.0.20.tgz 1872ms (cache miss)
1760 http fetch GET 200 https://registry.npmjs.org/color-name/-/color-name-1.1.4.tgz 1872ms (cache miss)
1761 http fetch GET 200 https://registry.npmjs.org/color-convert/-/color-convert-2.0.1.tgz 1873ms (cache miss)
1762 http fetch GET 200 https://registry.npmjs.org/common-path-prefix/-/common-path-prefix-3.0.0.tgz 1876ms (cache miss)
1763 http fetch GET 200 https://registry.npmjs.org/domutils/-/domutils-2.8.0.tgz 1894ms (cache miss)
1764 http fetch GET 200 https://registry.npmjs.org/decimal.js/-/decimal.js-10.6.0.tgz 1888ms (cache miss)
1765 http fetch GET 200 https://registry.npmjs.org/css-loader/-/css-loader-7.1.4.tgz 1894ms (cache miss)
1766 http fetch GET 200 https://registry.npmjs.org/fast-uri/-/fast-uri-3.1.5.tgz 1918ms (cache miss)
1767 http fetch GET 200 https://registry.npmjs.org/commander/-/commander-8.3.0.tgz 1891ms (cache miss)
1768 http fetch GET 200 https://registry.npmjs.org/gulp-cli/-/gulp-cli-3.1.0.tgz 1938ms (cache miss)
1769 http fetch GET 200 https://registry.npmjs.org/sass/-/sass-1.102.0.tgz 2012ms (cache miss)
1770 http fetch GET 200 https://registry.npmjs.org/css-select/-/css-select-4.3.0.tgz 1920ms (cache miss)
1771 http fetch GET 200 https://registry.npmjs.org/fast-glob/-/fast-glob-3.3.3.tgz 1949ms (cache miss)
1772 http fetch GET 200 https://registry.npmjs.org/cosmiconfig/-/cosmiconfig-7.1.0.tgz 1927ms (cache miss)
1773 http fetch GET 200 https://registry.npmjs.org/fast-xml-parser/-/fast-xml-parser-4.5.7.tgz 1992ms (cache miss)
1774 http fetch GET 200 https://registry.npmjs.org/css-to-react-native/-/css-to-react-native-3.2.0.tgz 1972ms (cache miss)
1775 http fetch GET 200 https://registry.npmjs.org/chrome-trace-event/-/chrome-trace-event-1.0.4.tgz 1963ms (cache miss)
1776 http fetch GET 200 https://registry.npmjs.org/cliui/-/cliui-8.0.1.tgz 1964ms (cache miss)
1777 http fetch GET 200 https://registry.npmjs.org/camelize/-/camelize-1.0.1.tgz 1962ms (cache miss)
1778 http fetch GET 200 https://registry.npmjs.org/chalk/-/chalk-4.1.2.tgz 1963ms (cache miss)
1779 http fetch GET 200 https://registry.npmjs.org/clone-response/-/clone-response-1.0.2.tgz 1965ms (cache miss)
1780 http fetch GET 200 https://registry.npmjs.org/clean-webpack-plugin/-/clean-webpack-plugin-4.0.0.tgz 1966ms (cache miss)
1781 http fetch GET 200 https://registry.npmjs.org/caw/-/caw-2.0.1.tgz 1965ms (cache miss)
1782 http fetch GET 200 https://registry.npmjs.org/callsites/-/callsites-3.1.0.tgz 1963ms (cache miss)
1783 http fetch GET 200 https://registry.npmjs.org/camel-case/-/camel-case-4.1.2.tgz 1965ms (cache miss)
1784 http fetch GET 200 https://registry.npmjs.org/clone/-/clone-2.1.2.tgz 1968ms (cache miss)
1785 http fetch GET 200 https://registry.npmjs.org/call-bound/-/call-bound-1.0.4.tgz 1969ms (cache miss)
1786 http fetch GET 200 https://registry.npmjs.org/chokidar/-/chokidar-3.6.0.tgz 1974ms (cache miss)
1787 http fetch GET 200 https://registry.npmjs.org/buffer-alloc/-/buffer-alloc-1.2.0.tgz 1981ms (cache miss)
1788 http fetch GET 200 https://registry.npmjs.org/bundle-name/-/bundle-name-4.1.0.tgz 1982ms (cache miss)
1789 http fetch GET 200 https://registry.npmjs.org/call-bind/-/call-bind-1.0.9.tgz 1982ms (cache miss)
1790 http fetch GET 200 https://registry.npmjs.org/buffer-fill/-/buffer-fill-1.0.0.tgz 1981ms (cache miss)
1791 http fetch GET 200 https://registry.npmjs.org/buffer-from/-/buffer-from-1.1.2.tgz 1992ms (cache miss)
1792 http fetch GET 200 https://registry.npmjs.org/buffer-crc32/-/buffer-crc32-0.2.13.tgz 1991ms (cache miss)
1793 http fetch GET 200 https://registry.npmjs.org/cacheable-request/-/cacheable-request-2.1.4.tgz 1992ms (cache miss)
1794 http fetch GET 200 https://registry.npmjs.org/call-bind-apply-helpers/-/call-bind-apply-helpers-1.0.2.tgz 1995ms (cache miss)
1795 http fetch GET 200 https://registry.npmjs.org/buffer/-/buffer-5.7.1.tgz 1993ms (cache miss)
1796 http fetch GET 200 https://registry.npmjs.org/bytes/-/bytes-3.1.2.tgz 1994ms (cache miss)
1797 http fetch GET 200 https://registry.npmjs.org/brace-expansion/-/brace-expansion-1.1.18.tgz 1995ms (cache miss)
1798 http fetch GET 200 https://registry.npmjs.org/boolbase/-/boolbase-1.0.0.tgz 1994ms (cache miss)
1799 http fetch GET 200 https://registry.npmjs.org/buffer-alloc-unsafe/-/buffer-alloc-unsafe-1.1.0.tgz 1997ms (cache miss)
1800 http fetch GET 200 https://registry.npmjs.org/binary-extensions/-/binary-extensions-2.3.0.tgz 1997ms (cache miss)
1801 http fetch GET 200 https://registry.npmjs.org/bin-build/-/bin-build-3.0.0.tgz 1996ms (cache miss)
1802 http fetch GET 200 https://registry.npmjs.org/bin-version/-/bin-version-3.1.0.tgz 1997ms (cache miss)
1803 http fetch GET 200 https://registry.npmjs.org/bin-wrapper/-/bin-wrapper-4.1.0.tgz 1997ms (cache miss)
1804 http fetch GET 200 https://registry.npmjs.org/bin-version-check/-/bin-version-check-4.0.0.tgz 1996ms (cache miss)
1805 http fetch GET 200 https://registry.npmjs.org/bin-check/-/bin-check-4.1.0.tgz 1996ms (cache miss)
1806 http fetch GET 200 https://registry.npmjs.org/bl/-/bl-1.2.3.tgz 1999ms (cache miss)
1807 http fetch GET 200 https://registry.npmjs.org/big.js/-/big.js-5.2.2.tgz 1998ms (cache miss)
1808 http fetch GET 200 https://registry.npmjs.org/braces/-/braces-3.0.3.tgz 2000ms (cache miss)
1809 http fetch GET 200 https://registry.npmjs.org/core-js-compat/-/core-js-compat-3.49.0.tgz 2026ms (cache miss)
1810 http fetch GET 200 https://registry.npmjs.org/browserslist/-/browserslist-4.28.7.tgz 2012ms (cache miss)
1811 http fetch GET 200 https://registry.npmjs.org/react-query/-/react-query-3.39.3.tgz 2127ms (cache miss)
1812 http fetch GET 200 https://registry.npmjs.org/body-parser/-/body-parser-1.20.6.tgz 2015ms (cache miss)
1813 http fetch GET 200 https://registry.npmjs.org/enhanced-resolve/-/enhanced-resolve-5.24.5.tgz 2045ms (cache miss)
1814 http fetch GET 200 https://registry.npmjs.org/csstype/-/csstype-3.2.3.tgz 2139ms (cache miss)
1815 http fetch GET 200 https://registry.npmjs.org/concurrently/-/concurrently-8.2.2.tgz 2149ms (cache miss)
1816 http fetch GET 200 https://registry.npmjs.org/base64-js/-/base64-js-1.5.1.tgz 2152ms (cache miss)
1817 http fetch GET 200 https://registry.npmjs.org/batch/-/batch-0.6.1.tgz 2151ms (cache miss)
1818 http fetch GET 200 https://registry.npmjs.org/babel-plugin-styled-components/-/babel-plugin-styled-components-2.3.0.tgz 2151ms (cache miss)
1819 http fetch GET 200 https://registry.npmjs.org/bare-events/-/bare-events-2.9.1.tgz 2151ms (cache miss)
1820 http fetch GET 200 https://registry.npmjs.org/bach/-/bach-2.0.1.tgz 2150ms (cache miss)
1821 http fetch GET 200 https://registry.npmjs.org/balanced-match/-/balanced-match-1.0.2.tgz 2153ms (cache miss)
1822 http fetch GET 200 https://registry.npmjs.org/babel-loader/-/babel-loader-9.2.1.tgz 2159ms (cache miss)
1823 http fetch GET 200 https://registry.npmjs.org/babel-plugin-polyfill-regenerator/-/babel-plugin-polyfill-regenerator-0.6.8.tgz 2159ms (cache miss)
1824 http fetch GET 200 https://registry.npmjs.org/babel-plugin-macros/-/babel-plugin-macros-3.1.0.tgz 2160ms (cache miss)
1825 http fetch GET 200 https://registry.npmjs.org/async-settle/-/async-settle-2.0.0.tgz 2164ms (cache miss)
1826 http fetch GET 200 https://registry.npmjs.org/array-each/-/array-each-1.0.1.tgz 2162ms (cache miss)
1827 http fetch GET 200 https://registry.npmjs.org/async-done/-/async-done-2.0.0.tgz 2163ms (cache miss)
1828 http fetch GET 200 https://registry.npmjs.org/archive-type/-/archive-type-4.0.0.tgz 2163ms (cache miss)
1829 http fetch GET 200 https://registry.npmjs.org/array-union/-/array-union-1.0.2.tgz 2164ms (cache miss)
1830 http fetch GET 200 https://registry.npmjs.org/array-flatten/-/array-flatten-1.1.1.tgz 2164ms (cache miss)
1831 http fetch GET 200 https://registry.npmjs.org/ansi-regex/-/ansi-regex-5.0.1.tgz 2163ms (cache miss)
1832 http fetch GET 200 https://registry.npmjs.org/anymatch/-/anymatch-3.1.3.tgz 2164ms (cache miss)
1833 http fetch GET 200 https://registry.npmjs.org/array-slice/-/array-slice-1.1.0.tgz 2165ms (cache miss)
1834 http fetch GET 200 https://registry.npmjs.org/available-typed-arrays/-/available-typed-arrays-1.0.7.tgz 2168ms (cache miss)
1835 http fetch GET 200 https://registry.npmjs.org/arch/-/arch-2.2.0.tgz 2166ms (cache miss)
1836 http fetch GET 200 https://registry.npmjs.org/accepts/-/accepts-1.3.8.tgz 2162ms (cache miss)
1837 http fetch GET 200 https://registry.npmjs.org/ansi-html-community/-/ansi-html-community-0.0.8.tgz 2167ms (cache miss)
1838 http fetch GET 200 https://registry.npmjs.org/ansi-styles/-/ansi-styles-4.3.0.tgz 2168ms (cache miss)
1839 http fetch GET 200 https://registry.npmjs.org/big-integer/-/big-integer-1.6.52.tgz 2175ms (cache miss)
1840 http fetch GET 200 https://registry.npmjs.org/baseline-browser-mapping/-/baseline-browser-mapping-2.11.11.tgz 2174ms (cache miss)
1841 http fetch GET 200 https://registry.npmjs.org/array-uniq/-/array-uniq-1.0.3.tgz 2171ms (cache miss)
1842 http fetch GET 200 https://registry.npmjs.org/@webpack-cli/serve/-/serve-2.0.5.tgz 2166ms (cache miss)
1843 http fetch GET 200 https://registry.npmjs.org/acorn-walk/-/acorn-walk-8.3.5.tgz 2170ms (cache miss)
1844 http fetch GET 200 https://registry.npmjs.org/@webpack-cli/configtest/-/configtest-2.1.1.tgz 2164ms (cache miss)
1845 http fetch GET 200 https://registry.npmjs.org/@xtuc/ieee754/-/ieee754-1.2.0.tgz 2165ms (cache miss)
1846 http fetch GET 200 https://registry.npmjs.org/@webpack-cli/info/-/info-2.0.2.tgz 2164ms (cache miss)
1847 http fetch GET 200 https://registry.npmjs.org/babel-plugin-polyfill-corejs2/-/babel-plugin-polyfill-corejs2-0.4.17.tgz 2176ms (cache miss)
1848 http fetch GET 200 https://registry.npmjs.org/@webassemblyjs/wasm-gen/-/wasm-gen-1.14.1.tgz 2163ms (cache miss)
1849 http fetch GET 200 https://registry.npmjs.org/@webassemblyjs/wasm-opt/-/wasm-opt-1.14.1.tgz 2165ms (cache miss)
1850 http fetch GET 200 https://registry.npmjs.org/@webassemblyjs/utf8/-/utf8-1.13.2.tgz 2165ms (cache miss)
1851 http fetch GET 200 https://registry.npmjs.org/@webassemblyjs/wast-printer/-/wast-printer-1.14.1.tgz 2168ms (cache miss)
1852 http fetch GET 200 https://registry.npmjs.org/@webassemblyjs/helper-wasm-section/-/helper-wasm-section-1.14.1.tgz 2165ms (cache miss)
1853 http fetch GET 200 https://registry.npmjs.org/@webassemblyjs/wasm-edit/-/wasm-edit-1.14.1.tgz 2165ms (cache miss)
1854 http fetch GET 200 https://registry.npmjs.org/@webassemblyjs/ieee754/-/ieee754-1.13.2.tgz 2167ms (cache miss)
1855 http fetch GET 200 https://registry.npmjs.org/@webassemblyjs/helper-wasm-bytecode/-/helper-wasm-bytecode-1.13.2.tgz 2166ms (cache miss)
1856 http fetch GET 200 https://registry.npmjs.org/@webassemblyjs/helper-api-error/-/helper-api-error-1.13.2.tgz 2165ms (cache miss)
1857 http fetch GET 200 https://registry.npmjs.org/@types/ws/-/ws-8.18.1.tgz 2164ms (cache miss)
1858 http fetch GET 200 https://registry.npmjs.org/@webassemblyjs/helper-buffer/-/helper-buffer-1.14.1.tgz 2165ms (cache miss)
1859 http fetch GET 200 https://registry.npmjs.org/@webassemblyjs/floating-point-hex-parser/-/floating-point-hex-parser-1.13.2.tgz 2164ms (cache miss)
1860 http fetch GET 200 https://registry.npmjs.org/@types/sockjs/-/sockjs-0.3.36.tgz 2165ms (cache miss)
1861 http fetch GET 200 https://registry.npmjs.org/@webassemblyjs/helper-numbers/-/helper-numbers-1.13.2.tgz 2169ms (cache miss)
1862 http fetch GET 200 https://registry.npmjs.org/@types/serve-static/-/serve-static-1.15.10.tgz 2167ms (cache miss)
1863 http fetch GET 200 https://registry.npmjs.org/ajv-formats/-/ajv-formats-2.1.1.tgz 2180ms (cache miss)
1864 http fetch GET 200 https://registry.npmjs.org/@webassemblyjs/leb128/-/leb128-1.13.2.tgz 2173ms (cache miss)
1865 http fetch GET 200 https://registry.npmjs.org/csso/-/csso-4.2.0.tgz 2211ms (cache miss)
1866 http fetch GET 200 https://registry.npmjs.org/@types/parse-json/-/parse-json-4.0.2.tgz 2165ms (cache miss)
1867 http fetch GET 200 https://registry.npmjs.org/@types/qs/-/qs-6.15.1.tgz 2165ms (cache miss)
1868 http fetch GET 200 https://registry.npmjs.org/@types/send/-/send-1.2.1.tgz 2170ms (cache miss)
1869 http fetch GET 200 https://registry.npmjs.org/@types/mime/-/mime-1.3.5.tgz 2167ms (cache miss)
1870 http fetch GET 200 https://registry.npmjs.org/@webassemblyjs/wasm-parser/-/wasm-parser-1.14.1.tgz 2180ms (cache miss)
1871 http fetch GET 200 https://registry.npmjs.org/@types/range-parser/-/range-parser-1.2.7.tgz 2172ms (cache miss)
1872 http fetch GET 200 https://registry.npmjs.org/@types/http-proxy/-/http-proxy-1.17.17.tgz 2169ms (cache miss)
1873 http fetch GET 200 https://registry.npmjs.org/asn1js/-/asn1js-3.0.10.tgz 2194ms (cache miss)
1874 http fetch GET 200 https://registry.npmjs.org/@types/json-schema/-/json-schema-7.0.15.tgz 2171ms (cache miss)
1875 http fetch GET 200 https://registry.npmjs.org/bytestreamjs/-/bytestreamjs-2.0.1.tgz 2206ms (cache miss)
1876 http fetch GET 200 https://registry.npmjs.org/@types/http-errors/-/http-errors-2.0.5.tgz 2173ms (cache miss)
1877 http fetch GET 200 https://registry.npmjs.org/@xtuc/long/-/long-4.2.2.tgz 2191ms (cache miss)
1878 http fetch GET 200 https://registry.npmjs.org/@types/hoist-non-react-statics/-/hoist-non-react-statics-3.3.7.tgz 2175ms (cache miss)
1879 http fetch GET 200 https://registry.npmjs.org/bidi-js/-/bidi-js-1.0.3.tgz 2209ms (cache miss)
1880 http fetch GET 200 https://registry.npmjs.org/@types/glob/-/glob-7.2.0.tgz 2178ms (cache miss)
1881 http fetch GET 200 https://registry.npmjs.org/@types/estree/-/estree-1.0.9.tgz 2177ms (cache miss)
1882 http fetch GET 200 https://registry.npmjs.org/@types/express/-/express-4.17.25.tgz 2178ms (cache miss)
1883 http fetch GET 200 https://registry.npmjs.org/babel-plugin-polyfill-corejs3/-/babel-plugin-polyfill-corejs3-0.13.0.tgz 2207ms (cache miss)
1884 http fetch GET 200 https://registry.npmjs.org/@types/bonjour/-/bonjour-3.5.13.tgz 2178ms (cache miss)
1885 http fetch GET 200 https://registry.npmjs.org/@types/connect/-/connect-3.4.38.tgz 2187ms (cache miss)
1886 http fetch GET 200 https://registry.npmjs.org/@types/body-parser/-/body-parser-1.19.6.tgz 2189ms (cache miss)
1887 http fetch GET 200 https://registry.npmjs.org/@types/express-serve-static-core/-/express-serve-static-core-4.19.9.tgz 2191ms (cache miss)
1888 http fetch GET 200 https://registry.npmjs.org/regenerate-unicode-properties/-/regenerate-unicode-properties-10.2.2.tgz 2341ms (cache miss)
1889 http fetch GET 200 https://registry.npmjs.org/bonjour-service/-/bonjour-service-1.4.4.tgz 2233ms (cache miss)
1890 http fetch GET 200 https://registry.npmjs.org/@types/connect-history-api-fallback/-/connect-history-api-fallback-1.5.4.tgz 2203ms (cache miss)
1891 http fetch GET 200 https://registry.npmjs.org/@types/retry/-/retry-0.12.2.tgz 2237ms (cache miss)
1892 http fetch GET 200 https://registry.npmjs.org/@types/serve-index/-/serve-index-1.9.4.tgz 2239ms (cache miss)
1893 http fetch GET 200 https://registry.npmjs.org/acorn/-/acorn-8.18.0.tgz 2260ms (cache miss)
1894 http fetch GET 200 https://registry.npmjs.org/@types/minimatch/-/minimatch-5.1.2.tgz 2249ms (cache miss)
1895 http fetch GET 200 https://registry.npmjs.org/@types/html-minifier-terser/-/html-minifier-terser-6.1.0.tgz 2257ms (cache miss)
1896 http fetch GET 200 https://registry.npmjs.org/broadcast-channel/-/broadcast-channel-3.7.0.tgz 2297ms (cache miss)
1897 http fetch GET 200 https://registry.npmjs.org/image-webpack-loader/-/image-webpack-loader-8.1.0.tgz 2384ms (cache miss)
1898 http fetch GET 200 https://registry.npmjs.org/@styled-system/variant/-/variant-5.1.5.tgz 2294ms (cache miss)
1899 http fetch GET 200 https://registry.npmjs.org/@styled-system/typography/-/typography-5.1.2.tgz 2300ms (cache miss)
1900 http fetch GET 200 https://registry.npmjs.org/@webassemblyjs/ast/-/ast-1.14.1.tgz 2318ms (cache miss)
1901 http fetch GET 200 https://registry.npmjs.org/@styled-system/position/-/position-5.1.2.tgz 2306ms (cache miss)
1902 http fetch GET 200 https://registry.npmjs.org/@types/react/-/react-19.2.18.tgz 2324ms (cache miss)
1903 http fetch GET 200 https://registry.npmjs.org/@styled-system/flexbox/-/flexbox-5.1.2.tgz 2316ms (cache miss)
1904 http fetch GET 200 https://registry.npmjs.org/jquery/-/jquery-4.0.0.tgz 2453ms (cache miss)
1905 http fetch GET 200 https://registry.npmjs.org/@polka/url/-/url-1.0.0-next.29.tgz 2416ms (cache miss)
1906 http fetch GET 200 https://registry.npmjs.org/@styled-system/css/-/css-5.1.5.tgz 2422ms (cache miss)
1907 http fetch GET 200 https://registry.npmjs.org/@styled-system/shadow/-/shadow-5.1.2.tgz 2423ms (cache miss)
1908 http fetch GET 200 https://registry.npmjs.org/@styled-system/space/-/space-5.1.2.tgz 2424ms (cache miss)
1909 http fetch GET 200 https://registry.npmjs.org/@styled-system/core/-/core-5.1.2.tgz 2422ms (cache miss)
1910 http fetch GET 200 https://registry.npmjs.org/@styled-system/layout/-/layout-5.1.2.tgz 2424ms (cache miss)
1911 http fetch GET 200 https://registry.npmjs.org/@styled-system/background/-/background-5.1.2.tgz 2421ms (cache miss)
1912 http fetch GET 200 https://registry.npmjs.org/@styled-system/border/-/border-5.1.5.tgz 2421ms (cache miss)
1913 http fetch GET 200 https://registry.npmjs.org/@styled-system/grid/-/grid-5.1.2.tgz 2425ms (cache miss)
1914 http fetch GET 200 https://registry.npmjs.org/@sindresorhus/is/-/is-0.7.0.tgz 2433ms (cache miss)
1915 http fetch GET 200 https://registry.npmjs.org/@styled-system/color/-/color-5.1.2.tgz 2445ms (cache miss)
1916 http fetch GET 200 https://registry.npmjs.org/clean-css/-/clean-css-5.3.3.tgz 2493ms (cache miss)
1917 http fetch GET 200 https://registry.npmjs.org/ajv-keywords/-/ajv-keywords-5.1.0.tgz 2489ms (cache miss)
1918 http fetch GET 200 https://registry.npmjs.org/css-tree/-/css-tree-1.1.3.tgz 2520ms (cache miss)
1919 http fetch GET 200 https://registry.npmjs.org/@semantic-ui-react/event-stack/-/event-stack-3.1.3.tgz 2477ms (cache miss)
1920 http fetch GET 200 https://registry.npmjs.org/gifsicle/-/gifsicle-5.3.0.tgz 2568ms (cache miss)
1921 http fetch GET 200 https://registry.npmjs.org/cwebp-bin/-/cwebp-bin-7.0.1.tgz 2540ms (cache miss)
1922 http fetch GET 200 https://registry.npmjs.org/async/-/async-3.2.6.tgz 2519ms (cache miss)
1923 http fetch GET 200 https://registry.npmjs.org/@nodelib/fs.walk/-/fs.walk-1.2.8.tgz 2494ms (cache miss)
1924 http fetch GET 200 https://registry.npmjs.org/semantic-ui-css/-/semantic-ui-css-2.5.0.tgz 2671ms (cache miss)
1925 http fetch GET 200 https://registry.npmjs.org/@peculiar/x509/-/x509-1.14.3.tgz 2503ms (cache miss)
1926 http fetch GET 200 https://registry.npmjs.org/@nodelib/fs.scandir/-/fs.scandir-2.1.5.tgz 2498ms (cache miss)
1927 http fetch GET 200 https://registry.npmjs.org/@nodelib/fs.stat/-/fs.stat-2.0.5.tgz 2500ms (cache miss)
1928 http fetch GET 200 https://registry.npmjs.org/dom-helpers/-/dom-helpers-5.2.1.tgz 2602ms (cache miss)
1929 http fetch GET 200 https://registry.npmjs.org/@peculiar/asn1-x509-attr/-/asn1-x509-attr-2.8.0.tgz 2545ms (cache miss)
1930 http fetch GET 200 https://registry.npmjs.org/@leichtgewicht/ip-codec/-/ip-codec-2.0.5.tgz 2540ms (cache miss)
1931 http fetch GET 200 https://registry.npmjs.org/@peculiar/asn1-pfx/-/asn1-pfx-2.8.0.tgz 2551ms (cache miss)
1932 http fetch GET 200 https://registry.npmjs.org/@peculiar/asn1-cms/-/asn1-cms-2.8.0.tgz 2569ms (cache miss)
1933 http fetch GET 200 https://registry.npmjs.org/@peculiar/asn1-rsa/-/asn1-rsa-2.8.0.tgz 2571ms (cache miss)
1934 http fetch GET 200 https://registry.npmjs.org/@peculiar/asn1-csr/-/asn1-csr-2.8.0.tgz 2570ms (cache miss)
1935 http fetch GET 200 https://registry.npmjs.org/@parcel/watcher-darwin-arm64/-/watcher-darwin-arm64-2.6.0.tgz 2573ms (cache miss)
1936 http fetch GET 200 https://registry.npmjs.org/@peculiar/asn1-schema/-/asn1-schema-2.8.0.tgz 2579ms (cache miss)
1937 http fetch GET 200 https://registry.npmjs.org/@peculiar/asn1-pkcs9/-/asn1-pkcs9-2.8.0.tgz 2580ms (cache miss)
1938 http fetch GET 200 https://registry.npmjs.org/@peculiar/asn1-ecc/-/asn1-ecc-2.8.0.tgz 2580ms (cache miss)
1939 http fetch GET 200 https://registry.npmjs.org/@peculiar/asn1-pkcs8/-/asn1-pkcs8-2.8.0.tgz 2588ms (cache miss)
1940 http fetch GET 200 https://registry.npmjs.org/@rtsao/csstype/-/csstype-2.6.5-forked.0.tgz 2594ms (cache miss)
1941 http fetch GET 200 https://registry.npmjs.org/prettier/-/prettier-3.9.6.tgz 2772ms (cache miss)
1942 http fetch GET 200 https://registry.npmjs.org/@parcel/watcher/-/watcher-2.6.0.tgz 2633ms (cache miss)
1943 http fetch GET 200 https://registry.npmjs.org/@types/node/-/node-26.1.2.tgz 2654ms (cache miss)
1944 http fetch GET 200 https://registry.npmjs.org/@jridgewell/resolve-uri/-/resolve-uri-3.1.2.tgz 2647ms (cache miss)
1945 http fetch GET 200 https://registry.npmjs.org/@jridgewell/source-map/-/source-map-0.3.11.tgz 2656ms (cache miss)
1946 http fetch GET 200 https://registry.npmjs.org/@jsonjoy.com/codegen/-/codegen-1.0.0.tgz 2658ms (cache miss)
1947 http fetch GET 200 https://registry.npmjs.org/lodash-es/-/lodash-es-4.18.1.tgz 2798ms (cache miss)
1948 http fetch GET 200 https://registry.npmjs.org/@jridgewell/sourcemap-codec/-/sourcemap-codec-1.5.5.tgz 2664ms (cache miss)
1949 http fetch GET 200 https://registry.npmjs.org/@jridgewell/trace-mapping/-/trace-mapping-0.3.31.tgz 2696ms (cache miss)
1950 http fetch GET 200 https://registry.npmjs.org/@emotion/utils/-/utils-1.4.2.tgz 2696ms (cache miss)
1951 http fetch GET 200 https://registry.npmjs.org/@jsonjoy.com/json-pointer/-/json-pointer-1.0.2.tgz 2710ms (cache miss)
1952 http fetch GET 200 https://registry.npmjs.org/@jsonjoy.com/fs-snapshot/-/fs-snapshot-4.65.0.tgz 2711ms (cache miss)
1953 http fetch GET 200 https://registry.npmjs.org/@emotion/sheet/-/sheet-1.4.0.tgz 2701ms (cache miss)
1954 http fetch GET 200 https://registry.npmjs.org/@jridgewell/remapping/-/remapping-2.3.5.tgz 2705ms (cache miss)
1955 http fetch GET 200 https://registry.npmjs.org/@emotion/use-insertion-effect-with-fallbacks/-/use-insertion-effect-with-fallbacks-1.2.0.tgz 2710ms (cache miss)
1956 http fetch GET 200 https://registry.npmjs.org/@jsonjoy.com/fs-print/-/fs-print-4.65.0.tgz 2725ms (cache miss)
1957 http fetch GET 200 https://registry.npmjs.org/@emotion/serialize/-/serialize-1.3.3.tgz 2726ms (cache miss)
1958 http fetch GET 200 https://registry.npmjs.org/@jsonjoy.com/base64/-/base64-1.1.2.tgz 2737ms (cache miss)
1959 http fetch GET 200 https://registry.npmjs.org/@emotion/unitless/-/unitless-0.10.0.tgz 2739ms (cache miss)
1960 http fetch GET 200 https://registry.npmjs.org/@jridgewell/gen-mapping/-/gen-mapping-0.3.13.tgz 2744ms (cache miss)
1961 http fetch GET 200 https://registry.npmjs.org/@emotion/memoize/-/memoize-0.9.0.tgz 2753ms (cache miss)
1962 http fetch GET 200 https://registry.npmjs.org/@emotion/hash/-/hash-0.9.2.tgz 2757ms (cache miss)
1963 http fetch GET 200 https://registry.npmjs.org/@jsonjoy.com/fs-node-to-fsa/-/fs-node-to-fsa-4.65.0.tgz 2773ms (cache miss)
1964 http fetch GET 200 https://registry.npmjs.org/@jsonjoy.com/fs-node-builtins/-/fs-node-builtins-4.65.0.tgz 2773ms (cache miss)
1965 http fetch GET 200 https://registry.npmjs.org/@emotion/weak-memoize/-/weak-memoize-0.4.0.tgz 2771ms (cache miss)
1966 http fetch GET 200 https://registry.npmjs.org/@csstools/css-parser-algorithms/-/css-parser-algorithms-4.0.0.tgz 2770ms (cache miss)
1967 http fetch GET 200 https://registry.npmjs.org/@csstools/css-color-parser/-/css-color-parser-4.1.10.tgz 2777ms (cache miss)
1968 http fetch GET 200 https://registry.npmjs.org/@csstools/css-calc/-/css-calc-3.3.0.tgz 2778ms (cache miss)
1969 http fetch GET 200 https://registry.npmjs.org/@csstools/css-tokenizer/-/css-tokenizer-4.0.0.tgz 2780ms (cache miss)
1970 http fetch GET 200 https://registry.npmjs.org/@csstools/color-helpers/-/color-helpers-6.1.0.tgz 2784ms (cache miss)
1971 http fetch GET 200 https://registry.npmjs.org/@babel/preset-react/-/preset-react-7.29.7.tgz 2788ms (cache miss)
1972 http fetch GET 200 https://registry.npmjs.org/@gulpjs/to-absolute-glob/-/to-absolute-glob-4.0.0.tgz 2810ms (cache miss)
1973 http fetch GET 200 https://registry.npmjs.org/@peculiar/asn1-x509/-/asn1-x509-2.8.0.tgz 2825ms (cache miss)
1974 http fetch GET 200 https://registry.npmjs.org/@jsonjoy.com/fs-fsa/-/fs-fsa-4.65.0.tgz 2815ms (cache miss)
1975 http fetch GET 200 https://registry.npmjs.org/@peculiar/utils/-/utils-2.0.3.tgz 2826ms (cache miss)
1976 http fetch GET 200 https://registry.npmjs.org/@babel/plugin-transform-unicode-regex/-/plugin-transform-unicode-regex-7.29.7.tgz 2795ms (cache miss)
1977 http fetch GET 200 https://registry.npmjs.org/@emotion/babel-plugin/-/babel-plugin-11.13.5.tgz 2810ms (cache miss)
1978 http fetch GET 200 https://registry.npmjs.org/@jsonjoy.com/fs-core/-/fs-core-4.65.0.tgz 2822ms (cache miss)
1979 http fetch GET 200 https://registry.npmjs.org/@jsonjoy.com/fs-node-utils/-/fs-node-utils-4.65.0.tgz 2832ms (cache miss)
1980 http fetch GET 200 https://registry.npmjs.org/@emotion/cache/-/cache-11.14.0.tgz 2835ms (cache miss)
1981 http fetch GET 200 https://registry.npmjs.org/@babel/register/-/register-7.29.7.tgz 2825ms (cache miss)
1982 http fetch GET 200 https://registry.npmjs.org/@fluentui/react-component-event-listener/-/react-component-event-listener-0.63.1.tgz 2842ms (cache miss)
1983 http fetch GET 200 https://registry.npmjs.org/graphql/-/graphql-16.14.2.tgz 2958ms (cache miss)
1984 http fetch GET 200 https://registry.npmjs.org/@jsonjoy.com/fs-node/-/fs-node-4.65.0.tgz 2857ms (cache miss)
1985 http fetch GET 200 https://registry.npmjs.org/@fluentui/react-component-ref/-/react-component-ref-0.63.1.tgz 2860ms (cache miss)
1986 http fetch GET 200 https://registry.npmjs.org/@bramus/specificity/-/specificity-2.4.2.tgz 2851ms (cache miss)
1987 http fetch GET 200 https://registry.npmjs.org/@noble/hashes/-/hashes-1.4.0.tgz 2894ms (cache miss)
1988 http fetch GET 200 https://registry.npmjs.org/@jsonjoy.com/buffers/-/buffers-17.67.0.tgz 2890ms (cache miss)
1989 http fetch GET 200 https://registry.npmjs.org/@babel/plugin-transform-sticky-regex/-/plugin-transform-sticky-regex-7.29.7.tgz 2895ms (cache miss)
1990 http fetch GET 200 https://registry.npmjs.org/@emotion/core/-/core-11.0.0.tgz 2907ms (cache miss)
1991 http fetch GET 200 https://registry.npmjs.org/@gulpjs/messages/-/messages-1.1.0.tgz 2913ms (cache miss)
1992 http fetch GET 200 https://registry.npmjs.org/@babel/plugin-transform-unicode-sets-regex/-/plugin-transform-unicode-sets-regex-7.29.7.tgz 2898ms (cache miss)
1993 http fetch GET 200 https://registry.npmjs.org/@babel/preset-modules/-/preset-modules-0.1.6-no-external-plugins.tgz 2898ms (cache miss)
1994 http fetch GET 200 https://registry.npmjs.org/@babel/plugin-transform-typeof-symbol/-/plugin-transform-typeof-symbol-7.29.7.tgz 2897ms (cache miss)
1995 http fetch GET 200 https://registry.npmjs.org/@babel/plugin-transform-unicode-property-regex/-/plugin-transform-unicode-property-regex-7.29.7.tgz 2897ms (cache miss)
1996 http fetch GET 200 https://registry.npmjs.org/@babel/plugin-transform-unicode-escapes/-/plugin-transform-unicode-escapes-7.29.7.tgz 2897ms (cache miss)
1997 http fetch GET 200 https://registry.npmjs.org/@babel/plugin-transform-shorthand-properties/-/plugin-transform-shorthand-properties-7.29.7.tgz 2901ms (cache miss)
1998 http fetch GET 200 https://registry.npmjs.org/@emotion/is-prop-valid/-/is-prop-valid-1.4.0.tgz 2914ms (cache miss)
1999 http fetch GET 200 https://registry.npmjs.org/@babel/plugin-transform-template-literals/-/plugin-transform-template-literals-7.29.7.tgz 2909ms (cache miss)
2000 http fetch GET 200 https://registry.npmjs.org/@babel/plugin-transform-runtime/-/plugin-transform-runtime-7.29.7.tgz 2916ms (cache miss)
2001 http fetch GET 200 https://registry.npmjs.org/@babel/plugin-transform-spread/-/plugin-transform-spread-7.29.8.tgz 2917ms (cache miss)
2002 http fetch GET 200 https://registry.npmjs.org/@discoveryjs/json-ext/-/json-ext-0.5.7.tgz 2928ms (cache miss)
2003 http fetch GET 200 https://registry.npmjs.org/@babel/template/-/template-7.29.7.tgz 2926ms (cache miss)
2004 http fetch GET 200 https://registry.npmjs.org/@babel/plugin-transform-react-jsx-development/-/plugin-transform-react-jsx-development-7.29.7.tgz 2922ms (cache miss)
2005 http fetch GET 200 https://registry.npmjs.org/@babel/plugin-transform-react-display-name/-/plugin-transform-react-display-name-7.29.7.tgz 2921ms (cache miss)
2006 http fetch GET 200 https://registry.npmjs.org/@babel/plugin-transform-react-pure-annotations/-/plugin-transform-react-pure-annotations-7.29.7.tgz 2923ms (cache miss)
2007 http fetch GET 200 https://registry.npmjs.org/@babel/plugin-transform-optional-chaining/-/plugin-transform-optional-chaining-7.29.7.tgz 2921ms (cache miss)
2008 http fetch GET 200 https://registry.npmjs.org/@babel/plugin-transform-private-methods/-/plugin-transform-private-methods-7.29.7.tgz 2924ms (cache miss)
2009 http fetch GET 200 https://registry.npmjs.org/@babel/plugin-transform-react-jsx/-/plugin-transform-react-jsx-7.29.7.tgz 2924ms (cache miss)
2010 http fetch GET 200 https://registry.npmjs.org/@babel/plugin-transform-private-property-in-object/-/plugin-transform-private-property-in-object-7.29.7.tgz 2926ms (cache miss)
2011 http fetch GET 200 https://registry.npmjs.org/@babel/plugin-transform-optional-catch-binding/-/plugin-transform-optional-catch-binding-7.29.7.tgz 2928ms (cache miss)
2012 http fetch GET 200 https://registry.npmjs.org/@babel/plugin-transform-parameters/-/plugin-transform-parameters-7.29.7.tgz 2930ms (cache miss)
2013 http fetch GET 200 https://registry.npmjs.org/@babel/plugin-transform-object-rest-spread/-/plugin-transform-object-rest-spread-7.29.7.tgz 2938ms (cache miss)
2014 http fetch GET 200 https://registry.npmjs.org/@babel/traverse/-/traverse-7.29.8.tgz 2948ms (cache miss)
2015 http fetch GET 200 https://registry.npmjs.org/@babel/plugin-transform-named-capturing-groups-regex/-/plugin-transform-named-capturing-groups-regex-7.29.7.tgz 2940ms (cache miss)
2016 http fetch GET 200 https://registry.npmjs.org/@babel/plugin-transform-numeric-separator/-/plugin-transform-numeric-separator-7.29.7.tgz 2949ms (cache miss)
2017 http fetch GET 200 https://registry.npmjs.org/@babel/plugin-transform-modules-commonjs/-/plugin-transform-modules-commonjs-7.29.7.tgz 2952ms (cache miss)
2018 http fetch GET 200 https://registry.npmjs.org/@babel/plugin-transform-logical-assignment-operators/-/plugin-transform-logical-assignment-operators-7.29.7.tgz 2957ms (cache miss)
2019 http fetch GET 200 https://registry.npmjs.org/@popperjs/core/-/core-2.11.8.tgz 3004ms (cache miss)
2020 http fetch GET 200 https://registry.npmjs.org/@babel/preset-env/-/preset-env-7.29.7.tgz 2978ms (cache miss)
2021 http fetch GET 200 https://registry.npmjs.org/@jsonjoy.com/util/-/util-1.9.0.tgz 3008ms (cache miss)
2022 http fetch GET 200 https://registry.npmjs.org/@babel/plugin-transform-property-literals/-/plugin-transform-property-literals-7.29.7.tgz 2986ms (cache miss)
2023 http fetch GET 200 https://registry.npmjs.org/@babel/plugin-transform-regexp-modifiers/-/plugin-transform-regexp-modifiers-7.29.7.tgz 2987ms (cache miss)
2024 http fetch GET 200 https://registry.npmjs.org/@babel/plugin-transform-for-of/-/plugin-transform-for-of-7.29.7.tgz 2984ms (cache miss)
2025 http fetch GET 200 https://registry.npmjs.org/moment/-/moment-2.30.1.tgz 3153ms (cache miss)
2026 http fetch GET 200 https://registry.npmjs.org/@babel/plugin-transform-object-super/-/plugin-transform-object-super-7.29.7.tgz 2994ms (cache miss)
2027 http fetch GET 200 https://registry.npmjs.org/@babel/plugin-transform-nullish-coalescing-operator/-/plugin-transform-nullish-coalescing-operator-7.29.7.tgz 2995ms (cache miss)
2028 http fetch GET 200 https://registry.npmjs.org/@babel/plugin-transform-reserved-words/-/plugin-transform-reserved-words-7.29.7.tgz 2999ms (cache miss)
2029 http fetch GET 200 https://registry.npmjs.org/@babel/plugin-transform-modules-umd/-/plugin-transform-modules-umd-7.29.7.tgz 3004ms (cache miss)
2030 http fetch GET 200 https://registry.npmjs.org/@babel/plugin-transform-function-name/-/plugin-transform-function-name-7.29.7.tgz 3003ms (cache miss)
2031 http fetch GET 200 https://registry.npmjs.org/@babel/plugin-transform-explicit-resource-management/-/plugin-transform-explicit-resource-management-7.29.7.tgz 3003ms (cache miss)
2032 http fetch GET 200 https://registry.npmjs.org/@babel/plugin-transform-regenerator/-/plugin-transform-regenerator-7.29.8.tgz 3009ms (cache miss)
2033 http fetch GET 200 https://registry.npmjs.org/@emotion/styled/-/styled-11.14.1.tgz 3031ms (cache miss)
2034 http fetch GET 200 https://registry.npmjs.org/@emotion/react/-/react-11.14.0.tgz 3035ms (cache miss)
2035 http fetch GET 200 https://registry.npmjs.org/@babel/plugin-transform-member-expression-literals/-/plugin-transform-member-expression-literals-7.29.7.tgz 3018ms (cache miss)
2036 http fetch GET 200 https://registry.npmjs.org/@babel/plugin-transform-modules-systemjs/-/plugin-transform-modules-systemjs-7.29.8.tgz 3018ms (cache miss)
2037 http fetch GET 200 https://registry.npmjs.org/@babel/plugin-transform-modules-amd/-/plugin-transform-modules-amd-7.29.7.tgz 3019ms (cache miss)
2038 http fetch GET 200 https://registry.npmjs.org/@babel/plugin-transform-new-target/-/plugin-transform-new-target-7.29.7.tgz 3020ms (cache miss)
2039 http fetch GET 200 https://registry.npmjs.org/@babel/plugin-transform-computed-properties/-/plugin-transform-computed-properties-7.29.7.tgz 3016ms (cache miss)
2040 http fetch GET 200 https://registry.npmjs.org/@babel/plugin-transform-classes/-/plugin-transform-classes-7.29.7.tgz 3021ms (cache miss)
2041 http fetch GET 200 https://registry.npmjs.org/@babel/plugin-transform-destructuring/-/plugin-transform-destructuring-7.29.7.tgz 3023ms (cache miss)
2042 http fetch GET 200 https://registry.npmjs.org/ajv/-/ajv-8.20.0.tgz 3116ms (cache miss)
2043 http fetch GET 200 https://registry.npmjs.org/@babel/plugin-transform-class-properties/-/plugin-transform-class-properties-7.29.7.tgz 3038ms (cache miss)
2044 http fetch GET 200 https://registry.npmjs.org/@babel/plugin-syntax-unicode-sets-regex/-/plugin-syntax-unicode-sets-regex-7.18.6.tgz 3038ms (cache miss)
2045 http fetch GET 200 https://registry.npmjs.org/@babel/plugin-transform-arrow-functions/-/plugin-transform-arrow-functions-7.29.7.tgz 3038ms (cache miss)
2046 http fetch GET 200 https://registry.npmjs.org/@babel/plugin-transform-async-to-generator/-/plugin-transform-async-to-generator-7.29.7.tgz 3040ms (cache miss)
2047 http fetch GET 200 https://registry.npmjs.org/@babel/plugin-transform-block-scoping/-/plugin-transform-block-scoping-7.29.7.tgz 3049ms (cache miss)
2048 http fetch GET 200 https://registry.npmjs.org/@babel/plugin-syntax-import-assertions/-/plugin-syntax-import-assertions-7.29.7.tgz 3054ms (cache miss)
2049 http fetch GET 200 https://registry.npmjs.org/@babel/plugin-syntax-jsx/-/plugin-syntax-jsx-7.29.7.tgz 3055ms (cache miss)
2050 http fetch GET 200 https://registry.npmjs.org/@babel/plugin-syntax-import-attributes/-/plugin-syntax-import-attributes-7.29.7.tgz 3054ms (cache miss)
2051 http fetch GET 200 https://registry.npmjs.org/@babel/plugin-transform-async-generator-functions/-/plugin-transform-async-generator-functions-7.29.7.tgz 3055ms (cache miss)
2052 http fetch GET 200 https://registry.npmjs.org/@babel/runtime/-/runtime-7.29.7.tgz 3072ms (cache miss)
2053 http fetch GET 200 https://registry.npmjs.org/@babel/plugin-proposal-private-property-in-object/-/plugin-proposal-private-property-in-object-7.21.0-placeholder-for-preset-env.2.tgz 3061ms (cache miss)
2054 http fetch GET 200 https://registry.npmjs.org/zod/-/zod-4.4.3.tgz 3321ms (cache miss)
2055 http fetch GET 200 https://registry.npmjs.org/@babel/plugin-transform-dynamic-import/-/plugin-transform-dynamic-import-7.29.7.tgz 3071ms (cache miss)
2056 http fetch GET 200 https://registry.npmjs.org/@babel/plugin-transform-literals/-/plugin-transform-literals-7.29.7.tgz 3083ms (cache miss)
2057 http fetch GET 200 https://registry.npmjs.org/@babel/plugin-transform-exponentiation-operator/-/plugin-transform-exponentiation-operator-7.29.7.tgz 3085ms (cache miss)
2058 http fetch GET 200 https://registry.npmjs.org/@babel/plugin-transform-dotall-regex/-/plugin-transform-dotall-regex-7.29.7.tgz 3098ms (cache miss)
2059 http fetch GET 200 https://registry.npmjs.org/@babel/plugin-transform-export-namespace-from/-/plugin-transform-export-namespace-from-7.29.7.tgz 3103ms (cache miss)
2060 http fetch GET 200 https://registry.npmjs.org/@babel/plugin-transform-duplicate-named-capturing-groups-regex/-/plugin-transform-duplicate-named-capturing-groups-regex-7.29.7.tgz 3104ms (cache miss)
2061 http fetch GET 200 https://registry.npmjs.org/@babel/plugin-transform-duplicate-keys/-/plugin-transform-duplicate-keys-7.29.7.tgz 3105ms (cache miss)
2062 http fetch GET 200 https://registry.npmjs.org/@babel/plugin-transform-class-static-block/-/plugin-transform-class-static-block-7.29.7.tgz 3103ms (cache miss)
2063 http fetch GET 200 https://registry.npmjs.org/@babel/plugin-transform-block-scoped-functions/-/plugin-transform-block-scoped-functions-7.29.7.tgz 3103ms (cache miss)
2064 http fetch GET 200 https://registry.npmjs.org/lodash/-/lodash-4.18.1.tgz 3289ms (cache miss)
2065 http fetch GET 200 https://registry.npmjs.org/@babel/helper-validator-option/-/helper-validator-option-7.29.7.tgz 3119ms (cache miss)
2066 http fetch GET 200 https://registry.npmjs.org/@babel/helper-skip-transparent-expression-wrappers/-/helper-skip-transparent-expression-wrappers-7.29.7.tgz 3118ms (cache miss)
2067 http fetch GET 200 https://registry.npmjs.org/@babel/helper-wrap-function/-/helper-wrap-function-7.29.7.tgz 3119ms (cache miss)
2068 http fetch GET 200 https://registry.npmjs.org/@babel/helper-validator-identifier/-/helper-validator-identifier-7.29.7.tgz 3120ms (cache miss)
2069 http fetch GET 200 https://registry.npmjs.org/@babel/helper-string-parser/-/helper-string-parser-7.29.7.tgz 3119ms (cache miss)
2070 http fetch GET 200 https://registry.npmjs.org/@babel/helper-plugin-utils/-/helper-plugin-utils-7.29.7.tgz 3119ms (cache miss)
2071 http fetch GET 200 https://registry.npmjs.org/@babel/helper-remap-async-to-generator/-/helper-remap-async-to-generator-7.29.7.tgz 3119ms (cache miss)
2072 http fetch GET 200 https://registry.npmjs.org/@babel/helper-replace-supers/-/helper-replace-supers-7.29.7.tgz 3134ms (cache miss)
2073 http fetch GET 200 https://registry.npmjs.org/@babel/types/-/types-7.29.8.tgz 3163ms (cache miss)
2074 http fetch GET 200 https://registry.npmjs.org/@babel/helper-optimise-call-expression/-/helper-optimise-call-expression-7.29.7.tgz 3140ms (cache miss)
2075 http fetch GET 200 https://registry.npmjs.org/@babel/helper-member-expression-to-functions/-/helper-member-expression-to-functions-7.29.7.tgz 3140ms (cache miss)
2076 http fetch GET 200 https://registry.npmjs.org/@babel/helper-create-regexp-features-plugin/-/helper-create-regexp-features-plugin-7.29.7.tgz 3142ms (cache miss)
2077 http fetch GET 200 https://registry.npmjs.org/@babel/helper-globals/-/helper-globals-7.29.7.tgz 3141ms (cache miss)
2078 http fetch GET 200 https://registry.npmjs.org/@babel/plugin-bugfix-safari-class-field-initializer-scope/-/plugin-bugfix-safari-class-field-initializer-scope-7.29.7.tgz 3145ms (cache miss)
2079 http fetch GET 200 https://registry.npmjs.org/@babel/helper-module-imports/-/helper-module-imports-7.29.7.tgz 3143ms (cache miss)
2080 http fetch GET 200 https://registry.npmjs.org/@babel/helper-module-transforms/-/helper-module-transforms-7.29.7.tgz 3157ms (cache miss)
2081 http fetch GET 200 https://registry.npmjs.org/@babel/helper-annotate-as-pure/-/helper-annotate-as-pure-7.29.7.tgz 3162ms (cache miss)
2082 http fetch GET 200 https://registry.npmjs.org/@babel/plugin-bugfix-v8-static-class-fields-redefine-readonly/-/plugin-bugfix-v8-static-class-fields-redefine-readonly-7.29.7.tgz 3173ms (cache miss)
2083 http fetch GET 200 https://registry.npmjs.org/@babel/plugin-bugfix-safari-id-destructuring-collision-in-function-expression/-/plugin-bugfix-safari-id-destructuring-collision-in-function-expression-7.29.7.tgz 3170ms (cache miss)
2084 http fetch GET 200 https://registry.npmjs.org/@babel/plugin-bugfix-safari-rest-destructuring-rhs-array/-/plugin-bugfix-safari-rest-destructuring-rhs-array-7.29.7.tgz 3170ms (cache miss)
2085 http fetch GET 200 https://registry.npmjs.org/@babel/compat-data/-/compat-data-7.29.7.tgz 3165ms (cache miss)
2086 http fetch GET 200 https://registry.npmjs.org/@babel/plugin-bugfix-firefox-class-in-computed-class-key/-/plugin-bugfix-firefox-class-in-computed-class-key-7.29.7.tgz 3171ms (cache miss)
2087 http fetch GET 200 https://registry.npmjs.org/@babel/code-frame/-/code-frame-7.29.7.tgz 3168ms (cache miss)
2088 http fetch GET 200 https://registry.npmjs.org/@babel/plugin-bugfix-v8-spread-parameters-in-optional-chaining/-/plugin-bugfix-v8-spread-parameters-in-optional-chaining-7.29.7.tgz 3181ms (cache miss)
2089 http fetch GET 200 https://registry.npmjs.org/@asamuzakjp/nwsapi/-/nwsapi-2.3.9.tgz 3180ms (cache miss)
2090 http fetch GET 200 https://registry.npmjs.org/@babel/helper-define-polyfill-provider/-/helper-define-polyfill-provider-0.6.8.tgz 3182ms (cache miss)
2091 http fetch GET 200 https://registry.npmjs.org/@babel/helper-compilation-targets/-/helper-compilation-targets-7.29.7.tgz 3184ms (cache miss)
2092 http fetch GET 200 https://registry.npmjs.org/@babel/plugin-transform-json-strings/-/plugin-transform-json-strings-7.29.7.tgz 3209ms (cache miss)
2093 http fetch GET 200 https://registry.npmjs.org/mime-types/-/mime-types-3.0.2.tgz 3193ms (cache miss)
2094 http fetch GET 200 https://registry.npmjs.org/which/-/which-2.0.2.tgz 3195ms (cache miss)
2095 http fetch GET 200 https://registry.npmjs.org/path-key/-/path-key-3.1.1.tgz 3193ms (cache miss)
2096 http fetch GET 200 https://registry.npmjs.org/shebang-command/-/shebang-command-2.0.0.tgz 3193ms (cache miss)
2097 http fetch GET 200 https://registry.npmjs.org/ipaddr.js/-/ipaddr.js-2.4.0.tgz 3195ms (cache miss)
2098 http fetch GET 200 https://registry.npmjs.org/is-plain-obj/-/is-plain-obj-3.0.0.tgz 3195ms (cache miss)
2099 http fetch GET 200 https://registry.npmjs.org/shebang-regex/-/shebang-regex-3.0.0.tgz 3195ms (cache miss)
2100 http fetch GET 200 https://registry.npmjs.org/buffer/-/buffer-6.0.3.tgz 3208ms (cache miss)
2101 http fetch GET 200 https://registry.npmjs.org/cross-spawn/-/cross-spawn-7.0.6.tgz 3209ms (cache miss)
2102 http fetch GET 200 https://registry.npmjs.org/@asamuzakjp/dom-selector/-/dom-selector-7.1.1.tgz 3215ms (cache miss)
2103 http fetch GET 200 https://registry.npmjs.org/webpack-merge/-/webpack-merge-5.10.0.tgz 3217ms (cache miss)
2104 http fetch GET 200 https://registry.npmjs.org/escape-string-regexp/-/escape-string-regexp-1.0.5.tgz 3216ms (cache miss)
2105 http fetch GET 200 https://registry.npmjs.org/replace-ext/-/replace-ext-2.0.0.tgz 3215ms (cache miss)
2106 http fetch GET 200 https://registry.npmjs.org/commander/-/commander-7.2.0.tgz 3220ms (cache miss)
2107 http fetch GET 200 https://registry.npmjs.org/tslib/-/tslib-1.14.1.tgz 3219ms (cache miss)
2108 http fetch GET 200 https://registry.npmjs.org/isarray/-/isarray-2.0.5.tgz 3221ms (cache miss)
2109 http fetch GET 200 https://registry.npmjs.org/@babel/parser/-/parser-7.29.8.tgz 3245ms (cache miss)
2110 http fetch GET 200 https://registry.npmjs.org/@babel/helper-create-class-features-plugin/-/helper-create-class-features-plugin-7.29.7.tgz 3244ms (cache miss)
2111 http fetch GET 200 https://registry.npmjs.org/ws/-/ws-8.21.1.tgz 3251ms (cache miss)
2112 http fetch GET 200 https://registry.npmjs.org/escape-string-regexp/-/escape-string-regexp-1.0.5.tgz 3244ms (cache miss)
2113 http fetch GET 200 https://registry.npmjs.org/commander/-/commander-7.2.0.tgz 3246ms (cache miss)
2114 http fetch GET 200 https://registry.npmjs.org/b4a/-/b4a-1.8.1.tgz 3245ms (cache miss)
2115 http fetch GET 200 https://registry.npmjs.org/commander/-/commander-2.20.3.tgz 3247ms (cache miss)
2116 http fetch GET 200 https://registry.npmjs.org/bl/-/bl-5.1.0.tgz 3252ms (cache miss)
2117 http fetch GET 200 https://registry.npmjs.org/http-errors/-/http-errors-1.8.1.tgz 3248ms (cache miss)
2118 http fetch GET 200 https://registry.npmjs.org/ms/-/ms-2.0.0.tgz 3248ms (cache miss)
2119 http fetch GET 200 https://registry.npmjs.org/safe-buffer/-/safe-buffer-5.1.2.tgz 3250ms (cache miss)
2120 http fetch GET 200 https://registry.npmjs.org/http-proxy-middleware/-/http-proxy-middleware-2.0.10.tgz 3263ms (cache miss)
2121 http fetch GET 200 https://registry.npmjs.org/commander/-/commander-10.0.1.tgz 3260ms (cache miss)
2122 http fetch GET 200 https://registry.npmjs.org/statuses/-/statuses-1.5.0.tgz 3261ms (cache miss)
2123 http fetch GET 200 https://registry.npmjs.org/ms/-/ms-2.0.0.tgz 3260ms (cache miss)
2124 http fetch GET 200 https://registry.npmjs.org/depd/-/depd-1.1.2.tgz 3261ms (cache miss)
2125 http fetch GET 200 https://registry.npmjs.org/readdirp/-/readdirp-5.0.0.tgz 3268ms (cache miss)
2126 http fetch GET 200 https://registry.npmjs.org/commander/-/commander-2.20.3.tgz 3272ms (cache miss)
2127 http fetch GET 200 https://registry.npmjs.org/safe-buffer/-/safe-buffer-5.1.2.tgz 3272ms (cache miss)
2128 http fetch GET 200 https://registry.npmjs.org/chokidar/-/chokidar-5.0.0.tgz 3273ms (cache miss)
2129 http fetch GET 200 https://registry.npmjs.org/resolve-from/-/resolve-from-5.0.0.tgz 3274ms (cache miss)
2130 http fetch GET 200 https://registry.npmjs.org/semver/-/semver-5.7.2.tgz 3275ms (cache miss)
2131 http fetch GET 200 https://registry.npmjs.org/shebang-regex/-/shebang-regex-3.0.0.tgz 3276ms (cache miss)
2132 http fetch GET 200 https://registry.npmjs.org/path-key/-/path-key-3.1.1.tgz 3276ms (cache miss)
2133 http fetch GET 200 https://registry.npmjs.org/react-fast-compare/-/react-fast-compare-3.2.2.tgz 3277ms (cache miss)
2134 http fetch GET 200 https://registry.npmjs.org/npm-run-path/-/npm-run-path-4.0.1.tgz 3276ms (cache miss)
2135 http fetch GET 200 https://registry.npmjs.org/which/-/which-2.0.2.tgz 3281ms (cache miss)
2136 http fetch GET 200 https://registry.npmjs.org/shebang-command/-/shebang-command-2.0.0.tgz 3281ms (cache miss)
2137 http fetch GET 200 https://registry.npmjs.org/picomatch/-/picomatch-2.3.2.tgz 3283ms (cache miss)
2138 http fetch GET 200 https://registry.npmjs.org/is-stream/-/is-stream-2.0.1.tgz 3282ms (cache miss)
2139 http fetch GET 200 https://registry.npmjs.org/human-signals/-/human-signals-1.1.1.tgz 3282ms (cache miss)
2140 http fetch GET 200 https://registry.npmjs.org/@asamuzakjp/generational-cache/-/generational-cache-1.0.1.tgz 3298ms (cache miss)
2141 http fetch GET 200 https://registry.npmjs.org/react-fast-compare/-/react-fast-compare-3.2.2.tgz 3286ms (cache miss)
2142 http fetch GET 200 https://registry.npmjs.org/debug/-/debug-2.6.9.tgz 3289ms (cache miss)
2143 http fetch GET 200 https://registry.npmjs.org/cross-spawn/-/cross-spawn-7.0.6.tgz 3287ms (cache miss)
2144 http fetch GET 200 https://registry.npmjs.org/get-stream/-/get-stream-5.2.0.tgz 3287ms (cache miss)
2145 http fetch GET 200 https://registry.npmjs.org/pify/-/pify-3.0.0.tgz 3286ms (cache miss)
2146 http fetch GET 200 https://registry.npmjs.org/readable-stream/-/readable-stream-3.6.2.tgz 3296ms (cache miss)
2147 http fetch GET 200 https://registry.npmjs.org/sort-keys/-/sort-keys-2.0.0.tgz 3288ms (cache miss)
2148 http fetch GET 200 https://registry.npmjs.org/stylis/-/stylis-4.3.6.tgz 3297ms (cache miss)
2149 http fetch GET 200 https://registry.npmjs.org/execa/-/execa-4.1.0.tgz 3290ms (cache miss)
2150 http fetch GET 200 https://registry.npmjs.org/debug/-/debug-2.6.9.tgz 3294ms (cache miss)
2151 http fetch GET 200 https://registry.npmjs.org/prepend-http/-/prepend-http-2.0.0.tgz 3289ms (cache miss)
2152 http fetch GET 200 https://registry.npmjs.org/readable-stream/-/readable-stream-3.6.2.tgz 3299ms (cache miss)
2153 http fetch GET 200 https://registry.npmjs.org/file-type/-/file-type-10.11.0.tgz 3288ms (cache miss)
2154 http fetch GET 200 https://registry.npmjs.org/mime-db/-/mime-db-1.52.0.tgz 3293ms (cache miss)
2155 http fetch GET 200 https://registry.npmjs.org/picomatch/-/picomatch-2.3.2.tgz 3293ms (cache miss)
2156 http fetch GET 200 https://registry.npmjs.org/locate-path/-/locate-path-5.0.0.tgz 3292ms (cache miss)
2157 http fetch GET 200 https://registry.npmjs.org/iconv-lite/-/iconv-lite-0.6.3.tgz 3333ms (cache miss)
2158 http fetch GET 200 https://registry.npmjs.org/@babel/generator/-/generator-7.29.8.tgz 3342ms (cache miss)
2159 http fetch GET 200 https://registry.npmjs.org/caniuse-lite/-/caniuse-lite-1.0.30001806.tgz 3459ms (cache miss)
2160 http fetch GET 200 https://registry.npmjs.org/uuid/-/uuid-8.3.2.tgz 3347ms (cache miss)
2161 http fetch GET 200 https://registry.npmjs.org/source-map/-/source-map-0.6.1.tgz 3345ms (cache miss)
2162 warn deprecated uuid@8.3.2: uuid@10 and below is no longer supported.  For ESM codebases, update to uuid@latest.  For CommonJS codebases, use uuid@11 (but be aware this version will likely be deprecated in 2028).
2163 http fetch GET 200 https://registry.npmjs.org/@exodus/bytes/-/bytes-1.15.1.tgz 3359ms (cache miss)
2164 http fetch GET 200 https://registry.npmjs.org/mdn-data/-/mdn-data-2.27.1.tgz 3345ms (cache miss)
2165 http fetch GET 200 https://registry.npmjs.org/@asamuzakjp/css-color/-/css-color-5.1.11.tgz 3365ms (cache miss)
2166 http fetch GET 200 https://registry.npmjs.org/p-limit/-/p-limit-2.3.0.tgz 3395ms (cache miss)
2167 http fetch GET 200 https://registry.npmjs.org/pkg-dir/-/pkg-dir-4.2.0.tgz 3396ms (cache miss)
2168 http fetch GET 200 https://registry.npmjs.org/file-type/-/file-type-10.11.0.tgz 3397ms (cache miss)
2169 http fetch GET 200 https://registry.npmjs.org/find-up/-/find-up-4.1.0.tgz 3396ms (cache miss)
2170 http fetch GET 200 https://registry.npmjs.org/which/-/which-2.0.2.tgz 3395ms (cache miss)
2171 http fetch GET 200 https://registry.npmjs.org/path-exists/-/path-exists-4.0.0.tgz 3396ms (cache miss)
2172 http fetch GET 200 https://registry.npmjs.org/shebang-command/-/shebang-command-2.0.0.tgz 3397ms (cache miss)
2173 http fetch GET 200 https://registry.npmjs.org/p-locate/-/p-locate-4.1.0.tgz 3400ms (cache miss)
2174 http fetch GET 200 https://registry.npmjs.org/@csstools/css-syntax-patches-for-csstree/-/css-syntax-patches-for-csstree-1.1.7.tgz 3404ms (cache miss)
2175 http fetch GET 200 https://registry.npmjs.org/human-signals/-/human-signals-1.1.1.tgz 3404ms (cache miss)
2176 http fetch GET 200 https://registry.npmjs.org/human-signals/-/human-signals-1.1.1.tgz 3401ms (cache miss)
2177 http fetch GET 200 https://registry.npmjs.org/path-key/-/path-key-3.1.1.tgz 3405ms (cache miss)
2178 http fetch GET 200 https://registry.npmjs.org/shebang-regex/-/shebang-regex-3.0.0.tgz 3403ms (cache miss)
2179 http fetch GET 200 https://registry.npmjs.org/shebang-regex/-/shebang-regex-3.0.0.tgz 3405ms (cache miss)
2180 http fetch GET 200 https://registry.npmjs.org/get-stream/-/get-stream-5.2.0.tgz 3405ms (cache miss)
2181 http fetch GET 200 https://registry.npmjs.org/get-stream/-/get-stream-5.2.0.tgz 3406ms (cache miss)
2182 http fetch GET 200 https://registry.npmjs.org/is-stream/-/is-stream-2.0.1.tgz 3406ms (cache miss)
2183 http fetch GET 200 https://registry.npmjs.org/cross-spawn/-/cross-spawn-7.0.6.tgz 3406ms (cache miss)
2184 http fetch GET 200 https://registry.npmjs.org/which/-/which-2.0.2.tgz 3405ms (cache miss)
2185 http fetch GET 200 https://registry.npmjs.org/shebang-command/-/shebang-command-2.0.0.tgz 3405ms (cache miss)
2186 http fetch GET 200 https://registry.npmjs.org/is-stream/-/is-stream-2.0.1.tgz 3405ms (cache miss)
2187 http fetch GET 200 https://registry.npmjs.org/npm-run-path/-/npm-run-path-4.0.1.tgz 3406ms (cache miss)
2188 http fetch GET 200 https://registry.npmjs.org/npm-run-path/-/npm-run-path-4.0.1.tgz 3406ms (cache miss)
2189 http fetch GET 200 https://registry.npmjs.org/path-key/-/path-key-3.1.1.tgz 3406ms (cache miss)
2190 http fetch GET 200 https://registry.npmjs.org/execa/-/execa-4.1.0.tgz 3412ms (cache miss)
2191 http fetch GET 200 https://registry.npmjs.org/entities/-/entities-8.0.0.tgz 3419ms (cache miss)
2192 http fetch GET 200 https://registry.npmjs.org/globby/-/globby-10.0.2.tgz 3409ms (cache miss)
2193 http fetch GET 200 https://registry.npmjs.org/@jsonjoy.com/json-pack/-/json-pack-1.21.0.tgz 3486ms (cache miss)
2194 http fetch GET 200 https://registry.npmjs.org/cross-spawn/-/cross-spawn-7.0.6.tgz 3413ms (cache miss)
2195 http fetch GET 200 https://registry.npmjs.org/array-union/-/array-union-2.1.0.tgz 3413ms (cache miss)
2196 http fetch GET 200 https://registry.npmjs.org/json-schema-traverse/-/json-schema-traverse-0.4.1.tgz 3414ms (cache miss)
2197 http fetch GET 200 https://registry.npmjs.org/execa/-/execa-4.1.0.tgz 3418ms (cache miss)
2198 http fetch GET 200 https://registry.npmjs.org/cliui/-/cliui-7.0.4.tgz 3416ms (cache miss)
2199 http fetch GET 200 https://registry.npmjs.org/jsdom/-/jsdom-29.1.1.tgz 3619ms (cache miss)
2200 http fetch GET 200 https://registry.npmjs.org/shebang-regex/-/shebang-regex-3.0.0.tgz 3424ms (cache miss)
2201 http fetch GET 200 https://registry.npmjs.org/which/-/which-2.0.2.tgz 3425ms (cache miss)
2202 http fetch GET 200 https://registry.npmjs.org/glob-parent/-/glob-parent-6.0.2.tgz 3426ms (cache miss)
2203 http fetch GET 200 https://registry.npmjs.org/shebang-command/-/shebang-command-2.0.0.tgz 3426ms (cache miss)
2204 http fetch GET 200 https://registry.npmjs.org/is-stream/-/is-stream-2.0.1.tgz 3427ms (cache miss)
2205 http fetch GET 200 https://registry.npmjs.org/path-key/-/path-key-3.1.1.tgz 3427ms (cache miss)
2206 http fetch GET 200 https://registry.npmjs.org/pify/-/pify-2.3.0.tgz 3428ms (cache miss)
2207 http fetch GET 200 https://registry.npmjs.org/npm-run-path/-/npm-run-path-4.0.1.tgz 3430ms (cache miss)
2208 http fetch GET 200 https://registry.npmjs.org/execa/-/execa-5.1.1.tgz 3430ms (cache miss)
2209 http fetch GET 200 https://registry.npmjs.org/get-stream/-/get-stream-6.0.1.tgz 3431ms (cache miss)
2210 http fetch GET 200 https://registry.npmjs.org/cross-spawn/-/cross-spawn-7.0.6.tgz 3432ms (cache miss)
2211 http fetch GET 200 https://registry.npmjs.org/pify/-/pify-2.3.0.tgz 3435ms (cache miss)
2212 http fetch GET 200 https://registry.npmjs.org/ms/-/ms-2.0.0.tgz 3435ms (cache miss)
2213 http fetch GET 200 https://registry.npmjs.org/ms/-/ms-2.0.0.tgz 3434ms (cache miss)
2214 http fetch GET 200 https://registry.npmjs.org/pify/-/pify-3.0.0.tgz 3438ms (cache miss)
2215 http fetch GET 200 https://registry.npmjs.org/yallist/-/yallist-2.1.2.tgz 3439ms (cache miss)
2216 http fetch GET 200 https://registry.npmjs.org/get-stream/-/get-stream-3.0.0.tgz 3437ms (cache miss)
2217 http fetch GET 200 https://registry.npmjs.org/schema-utils/-/schema-utils-2.7.1.tgz 3444ms (cache miss)
2218 http fetch GET 200 https://registry.npmjs.org/lru-cache/-/lru-cache-4.1.5.tgz 3440ms (cache miss)
2219 http fetch GET 200 https://registry.npmjs.org/cross-spawn/-/cross-spawn-5.1.0.tgz 3441ms (cache miss)
2220 http fetch GET 200 https://registry.npmjs.org/estraverse/-/estraverse-5.3.0.tgz 3446ms (cache miss)
2221 http fetch GET 200 https://registry.npmjs.org/execa/-/execa-0.7.0.tgz 3447ms (cache miss)
2222 http fetch GET 200 https://registry.npmjs.org/debug/-/debug-2.6.9.tgz 3450ms (cache miss)
2223 http fetch GET 200 https://registry.npmjs.org/get-stream/-/get-stream-3.0.0.tgz 3446ms (cache miss)
2224 http fetch GET 200 https://registry.npmjs.org/ajv-keywords/-/ajv-keywords-3.5.2.tgz 3455ms (cache miss)
2225 http fetch GET 200 https://registry.npmjs.org/webpack/-/webpack-5.109.2.tgz 3740ms (cache miss)
2226 http fetch GET 200 https://registry.npmjs.org/debug/-/debug-2.6.9.tgz 3452ms (cache miss)
2227 http fetch GET 200 https://registry.npmjs.org/pify/-/pify-3.0.0.tgz 3452ms (cache miss)
2228 http fetch GET 200 https://registry.npmjs.org/make-dir/-/make-dir-1.3.0.tgz 3454ms (cache miss)
2229 http fetch GET 200 https://registry.npmjs.org/file-type/-/file-type-5.2.0.tgz 3459ms (cache miss)
2230 http fetch GET 200 https://registry.npmjs.org/pify/-/pify-2.3.0.tgz 3458ms (cache miss)
2231 http fetch GET 200 https://registry.npmjs.org/@babel/helpers/-/helpers-7.29.7.tgz 3498ms (cache miss)
2232 http fetch GET 200 https://registry.npmjs.org/file-type/-/file-type-6.2.0.tgz 3458ms (cache miss)
2233 http fetch GET 200 https://registry.npmjs.org/file-type/-/file-type-3.9.0.tgz 3459ms (cache miss)
2234 http fetch GET 200 https://registry.npmjs.org/pify/-/pify-2.3.0.tgz 3462ms (cache miss)
2235 http fetch GET 200 https://registry.npmjs.org/file-type/-/file-type-5.2.0.tgz 3463ms (cache miss)
2236 http fetch GET 200 https://registry.npmjs.org/make-dir/-/make-dir-1.3.0.tgz 3463ms (cache miss)
2237 http fetch GET 200 https://registry.npmjs.org/file-type/-/file-type-5.2.0.tgz 3463ms (cache miss)
2238 http fetch GET 200 https://registry.npmjs.org/get-stream/-/get-stream-2.3.1.tgz 3465ms (cache miss)
2239 http fetch GET 200 https://registry.npmjs.org/pify/-/pify-3.0.0.tgz 3463ms (cache miss)
2240 http fetch GET 200 https://registry.npmjs.org/semver/-/semver-5.7.2.tgz 3477ms (cache miss)
2241 http fetch GET 200 https://registry.npmjs.org/ms/-/ms-2.0.0.tgz 3478ms (cache miss)
2242 http fetch GET 200 https://registry.npmjs.org/negotiator/-/negotiator-0.6.4.tgz 3479ms (cache miss)
2243 http fetch GET 200 https://registry.npmjs.org/is-plain-object/-/is-plain-object-2.0.4.tgz 3479ms (cache miss)
2244 http fetch GET 200 https://registry.npmjs.org/get-stream/-/get-stream-3.0.0.tgz 3479ms (cache miss)
2245 http fetch GET 200 https://registry.npmjs.org/lowercase-keys/-/lowercase-keys-1.0.0.tgz 3484ms (cache miss)
2246 http fetch GET 200 https://registry.npmjs.org/rimraf/-/rimraf-3.0.2.tgz 3485ms (cache miss)
2247 warn deprecated rimraf@3.0.2: Rimraf versions prior to v4 are no longer supported
2248 http fetch GET 200 https://registry.npmjs.org/supports-color/-/supports-color-7.2.0.tgz 3489ms (cache miss)
2249 http fetch GET 200 https://registry.npmjs.org/debug/-/debug-2.6.9.tgz 3493ms (cache miss)
2250 http fetch GET 200 https://registry.npmjs.org/url-parse-lax/-/url-parse-lax-3.0.0.tgz 3492ms (cache miss)
2251 http fetch GET 200 https://registry.npmjs.org/@noble/hashes/-/hashes-2.2.0.tgz 3532ms (cache miss)
2252 http fetch GET 200 https://registry.npmjs.org/prepend-http/-/prepend-http-2.0.0.tgz 3492ms (cache miss)
2253 http fetch GET 200 https://registry.npmjs.org/p-timeout/-/p-timeout-2.0.1.tgz 3492ms (cache miss)
2254 http fetch GET 200 https://registry.npmjs.org/@babel/core/-/core-7.29.7.tgz 3535ms (cache miss)
2255 http fetch GET 200 https://registry.npmjs.org/pify/-/pify-3.0.0.tgz 3494ms (cache miss)
2256 http fetch GET 200 https://registry.npmjs.org/ms/-/ms-2.0.0.tgz 3495ms (cache miss)
2257 http fetch GET 200 https://registry.npmjs.org/pify/-/pify-3.0.0.tgz 3494ms (cache miss)
2258 http fetch GET 200 https://registry.npmjs.org/make-dir/-/make-dir-1.3.0.tgz 3495ms (cache miss)
2259 http fetch GET 200 https://registry.npmjs.org/p-cancelable/-/p-cancelable-0.4.1.tgz 3495ms (cache miss)
2260 http fetch GET 200 https://registry.npmjs.org/got/-/got-8.3.2.tgz 3494ms (cache miss)
2261 http fetch GET 200 https://registry.npmjs.org/@noble/hashes/-/hashes-2.2.0.tgz 3519ms (cache miss)
2262 http fetch GET 200 https://registry.npmjs.org/p-event/-/p-event-2.3.1.tgz 3498ms (cache miss)
2263 http fetch GET 200 https://registry.npmjs.org/get-stream/-/get-stream-3.0.0.tgz 3497ms (cache miss)
2264 http fetch GET 200 https://registry.npmjs.org/file-type/-/file-type-8.1.0.tgz 3499ms (cache miss)
2265 http fetch GET 200 https://registry.npmjs.org/download/-/download-7.1.0.tgz 3499ms (cache miss)
2266 http fetch GET 200 https://registry.npmjs.org/pify/-/pify-3.0.0.tgz 3499ms (cache miss)
2267 http fetch GET 200 https://registry.npmjs.org/yallist/-/yallist-2.1.2.tgz 3499ms (cache miss)
2268 http fetch GET 200 https://registry.npmjs.org/get-stream/-/get-stream-3.0.0.tgz 3501ms (cache miss)
2269 http fetch GET 200 https://registry.npmjs.org/lru-cache/-/lru-cache-4.1.5.tgz 3501ms (cache miss)
2270 http fetch GET 200 https://registry.npmjs.org/lru-cache/-/lru-cache-4.1.5.tgz 3500ms (cache miss)
2271 http fetch GET 200 https://registry.npmjs.org/execa/-/execa-0.7.0.tgz 3500ms (cache miss)
2272 http fetch GET 200 https://registry.npmjs.org/cross-spawn/-/cross-spawn-5.1.0.tgz 3500ms (cache miss)
2273 http fetch GET 200 https://registry.npmjs.org/debug/-/debug-2.6.9.tgz 3504ms (cache miss)
2274 http fetch GET 200 https://registry.npmjs.org/yallist/-/yallist-2.1.2.tgz 3502ms (cache miss)
2275 http fetch GET 200 https://registry.npmjs.org/semver/-/semver-5.7.2.tgz 3504ms (cache miss)
2276 http fetch GET 200 https://registry.npmjs.org/cross-spawn/-/cross-spawn-5.1.0.tgz 3508ms (cache miss)
2277 http fetch GET 200 https://registry.npmjs.org/get-stream/-/get-stream-3.0.0.tgz 3509ms (cache miss)
2278 http fetch GET 200 https://registry.npmjs.org/execa/-/execa-0.7.0.tgz 3511ms (cache miss)
2279 http fetch GET 200 https://registry.npmjs.org/file-type/-/file-type-4.4.0.tgz 3511ms (cache miss)
2280 http fetch GET 200 https://registry.npmjs.org/picomatch/-/picomatch-2.3.2.tgz 3514ms (cache miss)
2281 http fetch GET 200 https://registry.npmjs.org/yargs/-/yargs-16.2.2.tgz 3531ms (cache miss)
2282 http fetch GET 200 https://registry.npmjs.org/@types/send/-/send-0.17.6.tgz 3517ms (cache miss)
2283 http fetch GET 200 https://registry.npmjs.org/@jsonjoy.com/json-pointer/-/json-pointer-17.67.0.tgz 3523ms (cache miss)
2284 http fetch GET 200 https://registry.npmjs.org/@exodus/bytes/-/bytes-1.15.1.tgz 3551ms (cache miss)
2285 http fetch GET 200 https://registry.npmjs.org/semver/-/semver-5.7.2.tgz 3524ms (cache miss)
2286 http fetch GET 200 https://registry.npmjs.org/pkg-dir/-/pkg-dir-3.0.0.tgz 3525ms (cache miss)
2287 http fetch GET 200 https://registry.npmjs.org/semver/-/semver-7.8.5.tgz 3537ms (cache miss)
2288 http fetch GET 200 https://registry.npmjs.org/p-locate/-/p-locate-3.0.0.tgz 3532ms (cache miss)
2289 http fetch GET 200 https://registry.npmjs.org/path-exists/-/path-exists-3.0.0.tgz 3534ms (cache miss)
2290 http fetch GET 200 https://registry.npmjs.org/make-dir/-/make-dir-2.1.0.tgz 3542ms (cache miss)
2291 http fetch GET 200 https://registry.npmjs.org/p-limit/-/p-limit-2.3.0.tgz 3544ms (cache miss)
2292 http fetch GET 200 https://registry.npmjs.org/get-stream/-/get-stream-3.0.0.tgz 3567ms (cache miss)
2293 http fetch GET 200 https://registry.npmjs.org/locate-path/-/locate-path-3.0.0.tgz 3546ms (cache miss)
2294 http fetch GET 200 https://registry.npmjs.org/find-up/-/find-up-3.0.0.tgz 3546ms (cache miss)
2295 http fetch GET 200 https://registry.npmjs.org/find-cache-dir/-/find-cache-dir-2.1.0.tgz 3548ms (cache miss)
2296 http fetch GET 200 https://registry.npmjs.org/source-map/-/source-map-0.6.1.tgz 3561ms (cache miss)
2297 http fetch GET 200 https://registry.npmjs.org/source-map/-/source-map-0.6.1.tgz 3562ms (cache miss)
2298 http fetch GET 200 https://registry.npmjs.org/yargs-parser/-/yargs-parser-20.2.9.tgz 3579ms (cache miss)
2299 http fetch GET 200 https://registry.npmjs.org/cross-spawn 3213ms (cache miss)
2300 silly packumentCache corgi:https://registry.npmjs.org/cross-spawn set size:undefined disposed:false
2301 http fetch GET 200 https://registry.npmjs.org/semver-regex 3220ms (cache miss)
2302 silly packumentCache corgi:https://registry.npmjs.org/semver-regex set size:undefined disposed:false
2303 http fetch GET 200 https://registry.npmjs.org/babel-plugin-polyfill-corejs3/-/babel-plugin-polyfill-corejs3-0.14.2.tgz 3569ms (cache miss)
2304 http fetch GET 200 https://registry.npmjs.org/serialize-javascript 3223ms (cache miss)
2305 silly packumentCache corgi:https://registry.npmjs.org/serialize-javascript set size:undefined disposed:false
2306 http fetch GET 200 https://registry.npmjs.org/uuid 3224ms (cache miss)
2307 silly packumentCache corgi:https://registry.npmjs.org/uuid set size:undefined disposed:false
2308 http fetch GET 200 https://registry.npmjs.org/@jsonjoy.com/base64/-/base64-17.67.0.tgz 3578ms (cache miss)
2309 http fetch GET 200 https://registry.npmjs.org/ajv/-/ajv-6.15.0.tgz 3609ms (cache miss)
2310 http fetch GET 200 https://registry.npmjs.org/got 3241ms (cache miss)
2311 silly packumentCache corgi:https://registry.npmjs.org/got set size:undefined disposed:false
2312 http fetch GET 200 https://registry.npmjs.org/fast-xml-parser 3255ms (cache miss)
2313 silly packumentCache corgi:https://registry.npmjs.org/fast-xml-parser set size:undefined disposed:false
2314 http fetch GET 200 https://registry.npmjs.org/mdn-data/-/mdn-data-2.27.1.tgz 3607ms (cache miss)
2315 http fetch GET 200 https://registry.npmjs.org/lru-cache/-/lru-cache-11.5.2.tgz 3643ms (cache miss)
2316 http fetch GET 200 https://registry.npmjs.org/@jsonjoy.com/codegen/-/codegen-17.67.0.tgz 3614ms (cache miss)
2317 http fetch GET 200 https://registry.npmjs.org/@noble/hashes/-/hashes-2.2.0.tgz 3635ms (cache miss)
2318 http fetch GET 200 https://registry.npmjs.org/@jsonjoy.com/util/-/util-17.67.0.tgz 3626ms (cache miss)
2319 http fetch GET 200 https://registry.npmjs.org/@exodus/bytes/-/bytes-1.15.1.tgz 3649ms (cache miss)
2320 http fetch GET 200 https://registry.npmjs.org/http-cache-semantics 3285ms (cache miss)
2321 silly packumentCache corgi:https://registry.npmjs.org/http-cache-semantics set size:undefined disposed:false
2322 http fetch GET 200 https://registry.npmjs.org/@jsonjoy.com/buffers/-/buffers-1.2.1.tgz 3641ms (cache miss)
2323 http fetch GET 200 https://registry.npmjs.org/@jsonjoy.com/buffers/-/buffers-1.2.1.tgz 3640ms (cache miss)
2324 http fetch GET 200 https://registry.npmjs.org/decompress 3295ms (cache miss)
2325 silly packumentCache corgi:https://registry.npmjs.org/decompress set size:undefined disposed:false
2326 silly packumentCache corgi:https://registry.npmjs.org/execa cache-miss
2327 http fetch GET 200 https://registry.npmjs.org/convert-source-map/-/convert-source-map-1.9.0.tgz 3678ms (cache miss)
2328 http fetch GET 200 https://registry.npmjs.org/mdn-data/-/mdn-data-2.27.1.tgz 3685ms (cache miss)
2329 http fetch GET 200 https://registry.npmjs.org/execa 33ms (cache miss)
2330 silly packumentCache corgi:https://registry.npmjs.org/execa set size:undefined disposed:false
2331 silly packumentCache corgi:https://registry.npmjs.org/download cache-miss
2332 http fetch GET 200 https://registry.npmjs.org/css-tree/-/css-tree-3.2.1.tgz 3735ms (cache miss)
2333 http fetch GET 200 https://registry.npmjs.org/download 24ms (cache miss)
2334 silly packumentCache corgi:https://registry.npmjs.org/download set size:undefined disposed:false
2335 silly packumentCache corgi:https://registry.npmjs.org/bin-build cache-miss
2336 http fetch GET 200 https://registry.npmjs.org/bin-build 28ms (cache miss)
2337 silly packumentCache corgi:https://registry.npmjs.org/bin-build set size:undefined disposed:false
2338 silly packumentCache corgi:https://registry.npmjs.org/is-svg cache-miss
2339 http fetch GET 200 https://registry.npmjs.org/css-tree/-/css-tree-3.2.1.tgz 3769ms (cache miss)
2340 http fetch GET 200 https://registry.npmjs.org/css-tree/-/css-tree-3.2.1.tgz 3827ms (cache miss)
2341 http fetch GET 200 https://registry.npmjs.org/@jsonjoy.com/json-pack/-/json-pack-17.67.0.tgz 3847ms (cache miss)
2342 http fetch GET 200 https://registry.npmjs.org/semantic-ui-react/-/semantic-ui-react-2.1.5.tgz 4165ms (cache miss)
2343 http fetch GET 200 https://registry.npmjs.org/is-svg 193ms (cache miss)
2344 silly packumentCache corgi:https://registry.npmjs.org/is-svg set size:undefined disposed:false
2345 silly packumentCache corgi:https://registry.npmjs.org/cacheable-request cache-miss
2346 http fetch GET 200 https://registry.npmjs.org/rxjs/-/rxjs-7.8.2.tgz 4259ms (cache miss)
2347 http fetch GET 200 https://registry.npmjs.org/cacheable-request 100ms (cache miss)
2348 silly packumentCache corgi:https://registry.npmjs.org/cacheable-request set size:undefined disposed:false
2349 silly packumentCache corgi:https://registry.npmjs.org/find-versions cache-miss
2350 http fetch GET 200 https://registry.npmjs.org/find-versions 21ms (cache miss)
2351 silly packumentCache corgi:https://registry.npmjs.org/find-versions set size:undefined disposed:false
2352 silly packumentCache corgi:https://registry.npmjs.org/compression-webpack-plugin cache-miss
2353 silly packumentCache corgi:https://registry.npmjs.org/image-minimizer-webpack-plugin cache-miss
2354 http fetch GET 200 https://registry.npmjs.org/compression-webpack-plugin 99ms (cache miss)
2355 silly packumentCache corgi:https://registry.npmjs.org/compression-webpack-plugin set size:undefined disposed:false
2356 http fetch GET 200 https://registry.npmjs.org/image-minimizer-webpack-plugin 111ms (cache miss)
2357 silly packumentCache corgi:https://registry.npmjs.org/image-minimizer-webpack-plugin set size:undefined disposed:false
2358 silly packumentCache corgi:https://registry.npmjs.org/sockjs cache-miss
2359 silly packumentCache corgi:https://registry.npmjs.org/tempfile cache-miss
2360 http fetch GET 200 https://registry.npmjs.org/tempfile 22ms (cache miss)
2361 silly packumentCache corgi:https://registry.npmjs.org/tempfile set size:undefined disposed:false
2362 http fetch GET 200 https://registry.npmjs.org/sockjs 24ms (cache miss)
2363 silly packumentCache corgi:https://registry.npmjs.org/sockjs set size:undefined disposed:false
2364 silly packumentCache corgi:https://registry.npmjs.org/bin-check cache-miss
2365 silly packumentCache corgi:https://registry.npmjs.org/exec-buffer cache-miss
2366 http fetch GET 200 https://registry.npmjs.org/core-js/-/core-js-3.49.0.tgz 4436ms (cache miss)
2367 http fetch GET 200 https://registry.npmjs.org/bin-check 138ms (cache miss)
2368 silly packumentCache corgi:https://registry.npmjs.org/bin-check set size:undefined disposed:false
2369 http fetch GET 200 https://registry.npmjs.org/exec-buffer 139ms (cache miss)
2370 silly packumentCache corgi:https://registry.npmjs.org/exec-buffer set size:undefined disposed:false
2371 silly packumentCache corgi:https://registry.npmjs.org/bin-wrapper cache-miss
2372 http fetch GET 200 https://registry.npmjs.org/bin-wrapper 21ms (cache miss)
2373 silly packumentCache corgi:https://registry.npmjs.org/bin-wrapper set size:undefined disposed:false
2374 silly packumentCache corgi:https://registry.npmjs.org/cwebp-bin cache-miss
2375 silly packumentCache corgi:https://registry.npmjs.org/gifsicle cache-miss
2376 silly packumentCache corgi:https://registry.npmjs.org/mozjpeg cache-miss
2377 silly packumentCache corgi:https://registry.npmjs.org/optipng-bin cache-miss
2378 silly packumentCache corgi:https://registry.npmjs.org/pngquant-bin cache-miss
2379 http fetch GET 200 https://registry.npmjs.org/mozjpeg 26ms (cache miss)
2380 silly packumentCache corgi:https://registry.npmjs.org/mozjpeg set size:undefined disposed:false
2381 http fetch GET 200 https://registry.npmjs.org/pngquant-bin 26ms (cache miss)
2382 silly packumentCache corgi:https://registry.npmjs.org/pngquant-bin set size:undefined disposed:false
2383 http fetch GET 200 https://registry.npmjs.org/optipng-bin 98ms (cache miss)
2384 silly packumentCache corgi:https://registry.npmjs.org/optipng-bin set size:undefined disposed:false
2385 http fetch GET 200 https://registry.npmjs.org/gifsicle 107ms (cache miss)
2386 silly packumentCache corgi:https://registry.npmjs.org/gifsicle set size:undefined disposed:false
2387 http fetch GET 200 https://registry.npmjs.org/cwebp-bin 109ms (cache miss)
2388 silly packumentCache corgi:https://registry.npmjs.org/cwebp-bin set size:undefined disposed:false
2389 silly packumentCache corgi:https://registry.npmjs.org/imagemin-svgo cache-miss
2390 http fetch GET 200 https://registry.npmjs.org/react-icons/-/react-icons-5.7.0.tgz 4870ms (cache miss)
2391 http fetch GET 200 https://registry.npmjs.org/imagemin-svgo 92ms (cache miss)
2392 silly packumentCache corgi:https://registry.npmjs.org/imagemin-svgo set size:undefined disposed:false
2393 silly packumentCache corgi:https://registry.npmjs.org/bin-version cache-miss
2394 http fetch GET 200 https://registry.npmjs.org/bin-version 272ms (cache miss)
2395 silly packumentCache corgi:https://registry.npmjs.org/bin-version set size:undefined disposed:false
2396 silly packumentCache corgi:https://registry.npmjs.org/webpack-dev-server cache-miss
2397 http fetch GET 200 https://registry.npmjs.org/webpack-dev-server 31ms (cache miss)
2398 silly packumentCache corgi:https://registry.npmjs.org/webpack-dev-server set size:undefined disposed:false
2399 silly packumentCache corgi:https://registry.npmjs.org/imagemin-optipng cache-miss
2400 silly packumentCache corgi:https://registry.npmjs.org/imagemin-webp cache-miss
2401 http fetch GET 200 https://registry.npmjs.org/imagemin-optipng 106ms (cache miss)
2402 silly packumentCache corgi:https://registry.npmjs.org/imagemin-optipng set size:undefined disposed:false
2403 http fetch GET 200 https://registry.npmjs.org/imagemin-webp 109ms (cache miss)
2404 silly packumentCache corgi:https://registry.npmjs.org/imagemin-webp set size:undefined disposed:false
2405 silly packumentCache corgi:https://registry.npmjs.org/imagemin-mozjpeg cache-miss
2406 http fetch GET 200 https://registry.npmjs.org/imagemin-mozjpeg 19ms (cache miss)
2407 silly packumentCache corgi:https://registry.npmjs.org/imagemin-mozjpeg set size:undefined disposed:false
2408 silly packumentCache corgi:https://registry.npmjs.org/imagemin-pngquant cache-miss
2409 http fetch GET 200 https://registry.npmjs.org/imagemin-pngquant 22ms (cache miss)
2410 silly packumentCache corgi:https://registry.npmjs.org/imagemin-pngquant set size:undefined disposed:false
2411 silly packumentCache corgi:https://registry.npmjs.org/imagemin-gifsicle cache-miss
2412 http fetch GET 200 https://registry.npmjs.org/imagemin-gifsicle 116ms (cache miss)
2413 silly packumentCache corgi:https://registry.npmjs.org/imagemin-gifsicle set size:undefined disposed:false
2414 silly packumentCache corgi:https://registry.npmjs.org/bin-version-check cache-miss
2415 http fetch GET 200 https://registry.npmjs.org/bin-version-check 21ms (cache miss)
2416 silly packumentCache corgi:https://registry.npmjs.org/bin-version-check set size:undefined disposed:false
2417 silly packumentCache corgi:https://registry.npmjs.org/image-webpack-loader cache-miss
2418 http fetch GET 200 https://registry.npmjs.org/image-webpack-loader 141ms (cache miss)
2419 silly packumentCache corgi:https://registry.npmjs.org/image-webpack-loader set size:undefined disposed:false
2420 http fetch GET 200 https://registry.npmjs.org/date-fns/-/date-fns-2.30.0.tgz 6422ms (cache miss)
2421 info run @parcel/watcher@2.6.0 install node_modules/@parcel/watcher node scripts/build-from-source.js
2422 info run @parcel/watcher@2.6.0 install { code: 0, signal: null }
2423 info run core-js@3.49.0 postinstall node_modules/core-js node -e "try{require('./postinstall')}catch(e){}"
2424 info run cwebp-bin@7.0.1 postinstall node_modules/cwebp-bin node lib/install.js
2425 info run gifsicle@5.3.0 postinstall node_modules/gifsicle node lib/install.js
2426 info run mozjpeg@7.1.1 postinstall node_modules/mozjpeg node lib/install.js
2427 info run optipng-bin@7.0.1 postinstall node_modules/optipng-bin node lib/install.js
2428 info run pngquant-bin@6.0.1 postinstall node_modules/pngquant-bin node lib/install.js
2429 info run core-js@3.49.0 postinstall { code: 0, signal: null }
2430 info run gifsicle@5.3.0 postinstall { code: 0, signal: null }
2431 info run optipng-bin@7.0.1 postinstall { code: 0, signal: null }
2432 info run cwebp-bin@7.0.1 postinstall { code: 0, signal: null }
2433 info run mozjpeg@7.1.1 postinstall { code: 0, signal: null }
2434 info run pngquant-bin@6.0.1 postinstall { code: 0, signal: null }
2435 silly ADD node_modules/zod
2436 silly ADD node_modules/yocto-queue
2437 silly ADD node_modules/yauzl
2438 silly ADD node_modules/yargs-parser
2439 silly ADD node_modules/yargs
2440 silly ADD node_modules/yaml
2441 silly ADD node_modules/yallist
2442 silly ADD node_modules/y18n
2443 silly ADD node_modules/xtend
2444 silly ADD node_modules/xmlchars
2445 silly ADD node_modules/xml-name-validator
2446 silly ADD node_modules/wsl-utils
2447 silly ADD node_modules/ws
2448 silly ADD node_modules/wrappy
2449 silly ADD node_modules/wrap-ansi
2450 silly ADD node_modules/wildcard
2451 silly ADD node_modules/which-typed-array
2452 silly ADD node_modules/which
2453 silly ADD node_modules/whatwg-url
2454 silly ADD node_modules/whatwg-url/node_modules/@noble/hashes
2455 silly ADD node_modules/whatwg-url/node_modules/@exodus/bytes
2456 silly ADD node_modules/whatwg-mimetype
2457 silly ADD node_modules/websocket-extensions
2458 silly ADD node_modules/websocket-driver
2459 silly ADD node_modules/webpack-sources
2460 silly ADD node_modules/webpack-merge
2461 silly ADD node_modules/webpack-dev-server
2462 silly ADD node_modules/webpack-dev-server/node_modules/ws
2463 silly ADD node_modules/webpack-dev-server/node_modules/is-plain-obj
2464 silly ADD node_modules/webpack-dev-server/node_modules/ipaddr.js
2465 silly ADD node_modules/webpack-dev-server/node_modules/http-proxy-middleware
2466 silly ADD node_modules/webpack-dev-middleware
2467 silly ADD node_modules/webpack-dev-middleware/node_modules/mime-types
2468 silly ADD node_modules/webpack-cli
2469 silly ADD node_modules/webpack-cli/node_modules/which
2470 silly ADD node_modules/webpack-cli/node_modules/webpack-merge
2471 silly ADD node_modules/webpack-cli/node_modules/shebang-regex
2472 silly ADD node_modules/webpack-cli/node_modules/shebang-command
2473 silly ADD node_modules/webpack-cli/node_modules/path-key
2474 silly ADD node_modules/webpack-cli/node_modules/cross-spawn
2475 silly ADD node_modules/webpack-cli/node_modules/commander
2476 silly ADD node_modules/webpack-bundle-analyzer
2477 silly ADD node_modules/webpack-bundle-analyzer/node_modules/commander
2478 silly ADD node_modules/webpack
2479 silly ADD node_modules/webidl-conversions
2480 silly ADD node_modules/web-vitals
2481 silly ADD node_modules/wbuf
2482 silly ADD node_modules/watchpack
2483 silly ADD node_modules/warning
2484 silly ADD node_modules/w3c-xmlserializer
2485 silly ADD node_modules/vinyl-sourcemap
2486 silly ADD node_modules/vinyl-fs
2487 silly ADD node_modules/vinyl-fs/node_modules/iconv-lite
2488 silly ADD node_modules/vinyl-contents
2489 silly ADD node_modules/vinyl-contents/node_modules/readable-stream
2490 silly ADD node_modules/vinyl-contents/node_modules/buffer
2491 silly ADD node_modules/vinyl-contents/node_modules/bl
2492 silly ADD node_modules/vinyl
2493 silly ADD node_modules/vinyl/node_modules/replace-ext
2494 silly ADD node_modules/vary
2495 silly ADD node_modules/value-or-function
2496 silly ADD node_modules/v8flags
2497 silly ADD node_modules/uuid
2498 silly ADD node_modules/utils-merge
2499 silly ADD node_modules/utila
2500 silly ADD node_modules/util-deprecate
2501 silly ADD node_modules/url-to-options
2502 silly ADD node_modules/url-parse-lax
2503 silly ADD node_modules/uri-js
2504 silly ADD node_modules/update-browserslist-db
2505 silly ADD node_modules/unpipe
2506 silly ADD node_modules/unload
2507 silly ADD node_modules/unicode-property-aliases-ecmascript
2508 silly ADD node_modules/unicode-match-property-value-ecmascript
2509 silly ADD node_modules/unicode-match-property-ecmascript
2510 silly ADD node_modules/unicode-canonical-property-names-ecmascript
2511 silly ADD node_modules/undici-types
2512 silly ADD node_modules/undici
2513 silly ADD node_modules/undertaker-registry
2514 silly ADD node_modules/undertaker
2515 silly ADD node_modules/unc-path-regex
2516 silly ADD node_modules/unbzip2-stream
2517 silly ADD node_modules/typed-array-buffer
2518 silly ADD node_modules/type-is
2519 silly ADD node_modules/type-fest
2520 silly ADD node_modules/tunnel-agent
2521 silly ADD node_modules/tsyringe
2522 silly ADD node_modules/tsyringe/node_modules/tslib
2523 silly ADD node_modules/tslib
2524 silly ADD node_modules/trim-repeated
2525 silly ADD node_modules/trim-repeated/node_modules/escape-string-regexp
2526 silly ADD node_modules/tree-kill
2527 silly ADD node_modules/tree-dump
2528 silly ADD node_modules/tr46
2529 silly ADD node_modules/tough-cookie
2530 silly ADD node_modules/totalist
2531 silly ADD node_modules/toidentifier
2532 silly ADD node_modules/to-through
2533 silly ADD node_modules/to-regex-range
2534 silly ADD node_modules/to-buffer
2535 silly ADD node_modules/to-buffer/node_modules/isarray
2536 silly ADD node_modules/tldts-core
2537 silly ADD node_modules/tldts
2538 silly ADD node_modules/tiny-warning
2539 silly ADD node_modules/timed-out
2540 silly ADD node_modules/thunky
2541 silly ADD node_modules/through
2542 silly ADD node_modules/thingies
2543 silly ADD node_modules/text-decoder
2544 silly ADD node_modules/text-decoder/node_modules/b4a
2545 silly ADD node_modules/terser-webpack-plugin
2546 silly ADD node_modules/terser
2547 silly ADD node_modules/terser/node_modules/commander
2548 silly ADD node_modules/tempfile
2549 silly ADD node_modules/temp-dir
2550 silly ADD node_modules/teex
2551 silly ADD node_modules/tar-stream
2552 silly ADD node_modules/tapable
2553 silly ADD node_modules/symbol-tree
2554 silly ADD node_modules/svgo
2555 silly ADD node_modules/svgo/node_modules/commander
2556 silly ADD node_modules/sver
2557 silly ADD node_modules/supports-preserve-symlinks-flag
2558 silly ADD node_modules/supports-color
2559 silly ADD node_modules/stylis
2560 silly ADD node_modules/styletron-standard
2561 silly ADD node_modules/styletron-react
2562 silly ADD node_modules/styletron-engine-atomic
2563 silly ADD node_modules/styled-system
2564 silly ADD node_modules/styled-components
2565 silly ADD node_modules/styled-components/node_modules/stylis
2566 silly ADD node_modules/strnum
2567 silly ADD node_modules/strip-outer
2568 silly ADD node_modules/strip-outer/node_modules/escape-string-regexp
2569 silly ADD node_modules/strip-final-newline
2570 silly ADD node_modules/strip-eof
2571 silly ADD node_modules/strip-dirs
2572 silly ADD node_modules/strip-ansi
2573 silly ADD node_modules/string-width
2574 silly ADD node_modules/string_decoder
2575 silly ADD node_modules/string_decoder/node_modules/safe-buffer
2576 silly ADD node_modules/strict-uri-encode
2577 silly ADD node_modules/streamx
2578 silly ADD node_modules/stream-exhaust
2579 silly ADD node_modules/stream-composer
2580 silly ADD node_modules/statuses
2581 silly ADD node_modules/stable
2582 silly ADD node_modules/spdy-transport
2583 silly ADD node_modules/spdy-transport/node_modules/readable-stream
2584 silly ADD node_modules/spdy
2585 silly ADD node_modules/spawn-command
2586 silly ADD node_modules/sparkles
2587 silly ADD node_modules/source-map-support
2588 silly ADD node_modules/source-map-support/node_modules/source-map
2589 silly ADD node_modules/source-map-js
2590 silly ADD node_modules/source-map
2591 silly ADD node_modules/sort-keys-length
2592 silly ADD node_modules/sort-keys
2593 silly ADD node_modules/sockjs
2594 silly ADD node_modules/sockjs/node_modules/uuid
2595 silly ADD node_modules/slash
2596 silly ADD node_modules/sirv
2597 silly ADD node_modules/signal-exit
2598 silly ADD node_modules/side-channel-weakmap
2599 silly ADD node_modules/side-channel-map
2600 silly ADD node_modules/side-channel-list
2601 silly ADD node_modules/side-channel
2602 silly ADD node_modules/shell-quote
2603 silly ADD node_modules/shebang-regex
2604 silly ADD node_modules/shebang-command
2605 silly ADD node_modules/shallowequal
2606 silly ADD node_modules/shallow-clone
2607 silly ADD node_modules/setprototypeof
2608 silly ADD node_modules/set-function-length
2609 silly ADD node_modules/serve-static
2610 silly ADD node_modules/serve-index
2611 silly ADD node_modules/serve-index/node_modules/statuses
2612 silly ADD node_modules/serve-index/node_modules/ms
2613 silly ADD node_modules/serve-index/node_modules/http-errors
2614 silly ADD node_modules/serve-index/node_modules/depd
2615 silly ADD node_modules/serve-index/node_modules/debug
2616 silly ADD node_modules/serialize-javascript
2617 silly ADD node_modules/send
2618 silly ADD node_modules/send/node_modules/debug
2619 silly ADD node_modules/send/node_modules/debug/node_modules/ms
2620 silly ADD node_modules/semver-truncate
2621 silly ADD node_modules/semver-truncate/node_modules/semver
2622 silly ADD node_modules/semver-regex
2623 silly ADD node_modules/semver-greatest-satisfied-range
2624 silly ADD node_modules/semver
2625 silly ADD node_modules/semantic-ui-react
2626 silly ADD node_modules/semantic-ui-css
2627 silly ADD node_modules/selfsigned
2628 silly ADD node_modules/select-hose
2629 silly ADD node_modules/seek-bzip
2630 silly ADD node_modules/seek-bzip/node_modules/commander
2631 silly ADD node_modules/schema-utils
2632 silly ADD node_modules/scheduler
2633 silly ADD node_modules/saxes
2634 silly ADD node_modules/sax
2635 silly ADD node_modules/sass-loader
2636 silly ADD node_modules/sass
2637 silly ADD node_modules/sass/node_modules/readdirp
2638 silly ADD node_modules/sass/node_modules/chokidar
2639 silly ADD node_modules/safer-buffer
2640 silly ADD node_modules/safe-buffer
2641 silly ADD node_modules/rxjs
2642 silly ADD node_modules/run-parallel
2643 silly ADD node_modules/run-applescript
2644 silly ADD node_modules/rimraf
2645 silly ADD node_modules/reusify
2646 silly ADD node_modules/retry
2647 silly ADD node_modules/responselike
2648 silly ADD node_modules/resolve-options
2649 silly ADD node_modules/resolve-from
2650 silly ADD node_modules/resolve-dir
2651 silly ADD node_modules/resolve-cwd
2652 silly ADD node_modules/resolve-cwd/node_modules/resolve-from
2653 silly ADD node_modules/resolve
2654 silly ADD node_modules/requires-port
2655 silly ADD node_modules/require-from-string
2656 silly ADD node_modules/require-directory
2657 silly ADD node_modules/replace-homedir
2658 silly ADD node_modules/replace-ext
2659 silly ADD node_modules/renderkid
2660 silly ADD node_modules/remove-trailing-separator
2661 silly ADD node_modules/remove-accents
2662 silly ADD node_modules/relateurl
2663 silly ADD node_modules/regjsparser
2664 silly ADD node_modules/regjsgen
2665 silly ADD node_modules/regexpu-core
2666 silly ADD node_modules/regenerator-runtime
2667 silly ADD node_modules/regenerate-unicode-properties
2668 silly ADD node_modules/regenerate
2669 silly ADD node_modules/reflect-metadata
2670 silly ADD node_modules/rechoir
2671 silly ADD node_modules/readdirp
2672 silly ADD node_modules/readdirp/node_modules/picomatch
2673 silly ADD node_modules/readable-stream
2674 silly ADD node_modules/readable-stream/node_modules/safe-buffer
2675 silly ADD node_modules/react-transition-group
2676 silly ADD node_modules/react-side-effect
2677 silly ADD node_modules/react-query
2678 silly ADD node_modules/react-popper
2679 silly ADD node_modules/react-popper/node_modules/react-fast-compare
2680 silly ADD node_modules/react-is
2681 silly ADD node_modules/react-icons
2682 silly ADD node_modules/react-helmet
2683 silly ADD node_modules/react-helmet/node_modules/react-fast-compare
2684 silly ADD node_modules/react-fast-compare
2685 silly ADD node_modules/react-dom
2686 silly ADD node_modules/react
2687 silly ADD node_modules/raw-body
2688 silly ADD node_modules/range-parser
2689 silly ADD node_modules/randombytes
2690 silly ADD node_modules/queue-microtask
2691 silly ADD node_modules/query-string
2692 silly ADD node_modules/qs
2693 silly ADD node_modules/pvutils
2694 silly ADD node_modules/pvtsutils
2695 silly ADD node_modules/punycode
2696 silly ADD node_modules/pump
2697 silly ADD node_modules/pseudomap
2698 silly ADD node_modules/proxy-addr
2699 silly ADD node_modules/proto-list
2700 silly ADD node_modules/prop-types
2701 silly ADD node_modules/process-nextick-args
2702 silly ADD node_modules/pretty-error
2703 silly ADD node_modules/prettier
2704 silly ADD node_modules/prepend-http
2705 silly ADD node_modules/postcss-value-parser
2706 silly ADD node_modules/postcss-selector-parser
2707 silly ADD node_modules/postcss-modules-values
2708 silly ADD node_modules/postcss-modules-scope
2709 silly ADD node_modules/postcss-modules-local-by-default
2710 silly ADD node_modules/postcss-modules-extract-imports
2711 silly ADD node_modules/postcss
2712 silly ADD node_modules/possible-typed-array-names
2713 silly ADD node_modules/portfinder
2714 silly ADD node_modules/pngquant-bin
2715 silly ADD node_modules/pngquant-bin/node_modules/which
2716 silly ADD node_modules/pngquant-bin/node_modules/shebang-regex
2717 silly ADD node_modules/pngquant-bin/node_modules/shebang-command
2718 silly ADD node_modules/pngquant-bin/node_modules/path-key
2719 silly ADD node_modules/pngquant-bin/node_modules/npm-run-path
2720 silly ADD node_modules/pngquant-bin/node_modules/is-stream
2721 silly ADD node_modules/pngquant-bin/node_modules/human-signals
2722 silly ADD node_modules/pngquant-bin/node_modules/get-stream
2723 silly ADD node_modules/pngquant-bin/node_modules/execa
2724 silly ADD node_modules/pngquant-bin/node_modules/cross-spawn
2725 silly ADD node_modules/pkijs
2726 silly ADD node_modules/pkg-dir
2727 silly ADD node_modules/pirates
2728 silly ADD node_modules/pinkie-promise
2729 silly ADD node_modules/pinkie
2730 silly ADD node_modules/pify
2731 silly ADD node_modules/picomatch
2732 silly ADD node_modules/picocolors
2733 silly ADD node_modules/pend
2734 silly ADD node_modules/path-type
2735 silly ADD node_modules/path-to-regexp
2736 silly ADD node_modules/path-root-regex
2737 silly ADD node_modules/path-root
2738 silly ADD node_modules/path-parse
2739 silly ADD node_modules/path-key
2740 silly ADD node_modules/path-is-inside
2741 silly ADD node_modules/path-is-absolute
2742 silly ADD node_modules/path-exists
2743 silly ADD node_modules/pascal-case
2744 silly ADD node_modules/parseurl
2745 silly ADD node_modules/parse5
2746 silly ADD node_modules/parse5/node_modules/entities
2747 silly ADD node_modules/parse-passwd
2748 silly ADD node_modules/parse-json
2749 silly ADD node_modules/parse-filepath
2750 silly ADD node_modules/parent-module
2751 silly ADD node_modules/param-case
2752 silly ADD node_modules/p-try
2753 silly ADD node_modules/p-timeout
2754 silly ADD node_modules/p-retry
2755 silly ADD node_modules/p-reduce
2756 silly ADD node_modules/p-pipe
2757 silly ADD node_modules/p-map-series
2758 silly ADD node_modules/p-map
2759 silly ADD node_modules/p-locate
2760 silly ADD node_modules/p-limit
2761 silly ADD node_modules/p-is-promise
2762 silly ADD node_modules/p-finally
2763 silly ADD node_modules/p-event
2764 silly ADD node_modules/p-cancelable
2765 silly ADD node_modules/ow
2766 silly ADD node_modules/os-filter-obj
2767 silly ADD node_modules/optipng-bin
2768 silly ADD node_modules/opener
2769 silly ADD node_modules/open
2770 silly ADD node_modules/onetime
2771 silly ADD node_modules/once
2772 silly ADD node_modules/on-headers
2773 silly ADD node_modules/on-finished
2774 silly ADD node_modules/obuf
2775 silly ADD node_modules/oblivious-set
2776 silly ADD node_modules/object.pick
2777 silly ADD node_modules/object.defaults
2778 silly ADD node_modules/object-inspect
2779 silly ADD node_modules/object-assign
2780 silly ADD node_modules/nth-check
2781 silly ADD node_modules/npm-run-path
2782 silly ADD node_modules/npm-conf
2783 silly ADD node_modules/npm-conf/node_modules/pify
2784 silly ADD node_modules/now-and-later
2785 silly ADD node_modules/normalize-url
2786 silly ADD node_modules/normalize-url/node_modules/sort-keys
2787 silly ADD node_modules/normalize-url/node_modules/prepend-http
2788 silly ADD node_modules/normalize-path
2789 silly ADD node_modules/node-releases
2790 silly ADD node_modules/node-addon-api
2791 silly ADD node_modules/no-case
2792 silly ADD node_modules/nice-try
2793 silly ADD node_modules/neo-async
2794 silly ADD node_modules/negotiator
2795 silly ADD node_modules/nanoid
2796 silly ADD node_modules/nano-time
2797 silly ADD node_modules/mute-stdout
2798 silly ADD node_modules/multicast-dns
2799 silly ADD node_modules/ms
2800 silly ADD node_modules/mrmime
2801 silly ADD node_modules/mozjpeg
2802 silly ADD node_modules/moment
2803 silly ADD node_modules/minimizer-webpack-plugin
2804 silly ADD node_modules/minimatch
2805 silly ADD node_modules/minimalistic-assert
2806 silly ADD node_modules/mini-css-extract-plugin
2807 silly ADD node_modules/mimic-response
2808 silly ADD node_modules/mimic-fn
2809 silly ADD node_modules/mime-types
2810 silly ADD node_modules/mime-types/node_modules/mime-db
2811 silly ADD node_modules/mime-db
2812 silly ADD node_modules/mime
2813 silly ADD node_modules/microseconds
2814 silly ADD node_modules/micromatch
2815 silly ADD node_modules/micromatch/node_modules/picomatch
2816 silly ADD node_modules/methods
2817 silly ADD node_modules/merge2
2818 silly ADD node_modules/merge-stream
2819 silly ADD node_modules/merge-descriptors
2820 silly ADD node_modules/memfs
2821 silly ADD node_modules/media-typer
2822 silly ADD node_modules/mdn-data
2823 silly ADD node_modules/math-intrinsics
2824 silly ADD node_modules/match-sorter
2825 silly ADD node_modules/map-cache
2826 silly ADD node_modules/make-dir
2827 silly ADD node_modules/lru-cache
2828 silly ADD node_modules/lowercase-keys
2829 silly ADD node_modules/lower-case
2830 silly ADD node_modules/loose-envify
2831 silly ADD node_modules/lodash.debounce
2832 silly ADD node_modules/lodash-es
2833 silly ADD node_modules/lodash
2834 silly ADD node_modules/locate-path
2835 silly ADD node_modules/loader-utils
2836 silly ADD node_modules/lines-and-columns
2837 silly ADD node_modules/liftoff
2838 silly ADD node_modules/lead
2839 silly ADD node_modules/launch-editor
2840 silly ADD node_modules/last-run
2841 silly ADD node_modules/kind-of
2842 silly ADD node_modules/keyv
2843 silly ADD node_modules/keyboard-key
2844 silly ADD node_modules/junk
2845 silly ADD node_modules/json5
2846 silly ADD node_modules/json-schema-traverse
2847 silly ADD node_modules/json-parse-even-better-errors
2848 silly ADD node_modules/json-buffer
2849 silly ADD node_modules/jsesc
2850 silly ADD node_modules/jsdom
2851 silly ADD node_modules/jsdom/node_modules/mdn-data
2852 silly ADD node_modules/jsdom/node_modules/lru-cache
2853 silly ADD node_modules/jsdom/node_modules/css-tree
2854 silly ADD node_modules/jsdom/node_modules/@noble/hashes
2855 silly ADD node_modules/jsdom/node_modules/@exodus/bytes
2856 silly ADD node_modules/jsdom/node_modules/@csstools/css-syntax-patches-for-csstree
2857 silly ADD node_modules/js-tokens
2858 silly ADD node_modules/js-sha3
2859 silly ADD node_modules/jquery
2860 silly ADD node_modules/jest-worker
2861 silly ADD node_modules/ityped
2862 silly ADD node_modules/isurl
2863 silly ADD node_modules/isobject
2864 silly ADD node_modules/isexe
2865 silly ADD node_modules/isarray
2866 silly ADD node_modules/is-wsl
2867 silly ADD node_modules/is-windows
2868 silly ADD node_modules/is-valid-glob
2869 silly ADD node_modules/is-unc-path
2870 silly ADD node_modules/is-typed-array
2871 silly ADD node_modules/is-svg
2872 silly ADD node_modules/is-stream
2873 silly ADD node_modules/is-retry-allowed
2874 silly ADD node_modules/is-relative
2875 silly ADD node_modules/is-potential-custom-element-name
2876 silly ADD node_modules/is-png
2877 silly ADD node_modules/is-plain-object
2878 silly ADD node_modules/is-plain-obj
2879 silly ADD node_modules/is-path-inside
2880 silly ADD node_modules/is-path-in-cwd
2881 silly ADD node_modules/is-path-cwd
2882 silly ADD node_modules/is-object
2883 silly ADD node_modules/is-number
2884 silly ADD node_modules/is-network-error
2885 silly ADD node_modules/is-negated-glob
2886 silly ADD node_modules/is-natural-number
2887 silly ADD node_modules/is-jpg
2888 silly ADD node_modules/is-inside-container
2889 silly ADD node_modules/is-glob
2890 silly ADD node_modules/is-gif
2891 silly ADD node_modules/is-gif/node_modules/file-type
2892 silly ADD node_modules/is-fullwidth-code-point
2893 silly ADD node_modules/is-extglob
2894 silly ADD node_modules/is-docker
2895 silly ADD node_modules/is-cwebp-readable
2896 silly ADD node_modules/is-cwebp-readable/node_modules/file-type
2897 silly ADD node_modules/is-core-module
2898 silly ADD node_modules/is-callable
2899 silly ADD node_modules/is-binary-path
2900 silly ADD node_modules/is-arrayish
2901 silly ADD node_modules/is-absolute
2902 silly ADD node_modules/ipaddr.js
2903 silly ADD node_modules/into-stream
2904 silly ADD node_modules/interpret
2905 silly ADD node_modules/inline-style-prefixer
2906 silly ADD node_modules/ini
2907 silly ADD node_modules/inherits
2908 silly ADD node_modules/inflight
2909 silly ADD node_modules/import-local
2910 silly ADD node_modules/import-local/node_modules/pkg-dir
2911 silly ADD node_modules/import-local/node_modules/path-exists
2912 silly ADD node_modules/import-local/node_modules/p-locate
2913 silly ADD node_modules/import-local/node_modules/p-limit
2914 silly ADD node_modules/import-local/node_modules/locate-path
2915 silly ADD node_modules/import-local/node_modules/find-up
2916 silly ADD node_modules/import-lazy
2917 silly ADD node_modules/import-fresh
2918 silly ADD node_modules/immutable
2919 silly ADD node_modules/imagemin-webp
2920 silly ADD node_modules/imagemin-svgo
2921 silly ADD node_modules/imagemin-pngquant
2922 silly ADD node_modules/imagemin-pngquant/node_modules/which
2923 silly ADD node_modules/imagemin-pngquant/node_modules/shebang-regex
2924 silly ADD node_modules/imagemin-pngquant/node_modules/shebang-command
2925 silly ADD node_modules/imagemin-pngquant/node_modules/path-key
2926 silly ADD node_modules/imagemin-pngquant/node_modules/npm-run-path
2927 silly ADD node_modules/imagemin-pngquant/node_modules/is-stream
2928 silly ADD node_modules/imagemin-pngquant/node_modules/human-signals
2929 silly ADD node_modules/imagemin-pngquant/node_modules/get-stream
2930 silly ADD node_modules/imagemin-pngquant/node_modules/execa
2931 silly ADD node_modules/imagemin-pngquant/node_modules/cross-spawn
2932 silly ADD node_modules/imagemin-optipng
2933 silly ADD node_modules/imagemin-mozjpeg
2934 silly ADD node_modules/imagemin-mozjpeg/node_modules/which
2935 silly ADD node_modules/imagemin-mozjpeg/node_modules/shebang-regex
2936 silly ADD node_modules/imagemin-mozjpeg/node_modules/shebang-command
2937 silly ADD node_modules/imagemin-mozjpeg/node_modules/path-key
2938 silly ADD node_modules/imagemin-mozjpeg/node_modules/npm-run-path
2939 silly ADD node_modules/imagemin-mozjpeg/node_modules/is-stream
2940 silly ADD node_modules/imagemin-mozjpeg/node_modules/human-signals
2941 silly ADD node_modules/imagemin-mozjpeg/node_modules/get-stream
2942 silly ADD node_modules/imagemin-mozjpeg/node_modules/execa
2943 silly ADD node_modules/imagemin-mozjpeg/node_modules/cross-spawn
2944 silly ADD node_modules/imagemin-gifsicle
2945 silly ADD node_modules/imagemin
2946 silly ADD node_modules/imagemin/node_modules/globby
2947 silly ADD node_modules/imagemin/node_modules/array-union
2948 silly ADD node_modules/image-webpack-loader
2949 silly ADD node_modules/image-webpack-loader/node_modules/schema-utils
2950 silly ADD node_modules/image-webpack-loader/node_modules/json-schema-traverse
2951 silly ADD node_modules/image-webpack-loader/node_modules/ajv-keywords
2952 silly ADD node_modules/image-webpack-loader/node_modules/ajv
2953 silly ADD node_modules/image-minimizer-webpack-plugin
2954 silly ADD node_modules/ignore
2955 silly ADD node_modules/ieee754
2956 silly ADD node_modules/icss-utils
2957 silly ADD node_modules/iconv-lite
2958 silly ADD node_modules/hyphenate-style-name
2959 silly ADD node_modules/hyperdyperid
2960 silly ADD node_modules/human-signals
2961 silly ADD node_modules/http-proxy-middleware
2962 silly ADD node_modules/http-proxy
2963 silly ADD node_modules/http-parser-js
2964 silly ADD node_modules/http-errors
2965 silly ADD node_modules/http-deceiver
2966 silly ADD node_modules/http-cache-semantics
2967 silly ADD node_modules/htmlparser2
2968 silly ADD node_modules/html-webpack-plugin
2969 silly ADD node_modules/html-minifier-terser
2970 silly ADD node_modules/html-escaper
2971 silly ADD node_modules/html-encoding-sniffer
2972 silly ADD node_modules/html-encoding-sniffer/node_modules/@noble/hashes
2973 silly ADD node_modules/html-encoding-sniffer/node_modules/@exodus/bytes
2974 silly ADD node_modules/hpack.js
2975 silly ADD node_modules/homedir-polyfill
2976 silly ADD node_modules/hoist-non-react-statics
2977 silly ADD node_modules/he
2978 silly ADD node_modules/hasown
2979 silly ADD node_modules/has-tostringtag
2980 silly ADD node_modules/has-to-string-tag-x
2981 silly ADD node_modules/has-symbols
2982 silly ADD node_modules/has-symbol-support-x
2983 silly ADD node_modules/has-property-descriptors
2984 silly ADD node_modules/has-flag
2985 silly ADD node_modules/handle-thing
2986 silly ADD node_modules/gzip-size
2987 silly ADD node_modules/gulplog
2988 silly ADD node_modules/gulp-cli
2989 silly ADD node_modules/gulp-cli/node_modules/yargs-parser
2990 silly ADD node_modules/gulp-cli/node_modules/yargs
2991 silly ADD node_modules/gulp-cli/node_modules/cliui
2992 silly ADD node_modules/gulp
2993 silly ADD node_modules/graphql
2994 silly ADD node_modules/graceful-fs
2995 silly ADD node_modules/got
2996 silly ADD node_modules/got/node_modules/get-stream
2997 silly ADD node_modules/gopd
2998 silly ADD node_modules/glogg
2999 silly ADD node_modules/globby
3000 silly ADD node_modules/globby/node_modules/pify
3001 silly ADD node_modules/global-prefix
3002 silly ADD node_modules/global-modules
3003 silly ADD node_modules/glob-watcher
3004 silly ADD node_modules/glob-to-regex.js
3005 silly ADD node_modules/glob-stream
3006 silly ADD node_modules/glob-stream/node_modules/glob-parent
3007 silly ADD node_modules/glob-parent
3008 silly ADD node_modules/glob
3009 silly ADD node_modules/gifsicle
3010 silly ADD node_modules/gifsicle/node_modules/which
3011 silly ADD node_modules/gifsicle/node_modules/shebang-regex
3012 silly ADD node_modules/gifsicle/node_modules/shebang-command
3013 silly ADD node_modules/gifsicle/node_modules/path-key
3014 silly ADD node_modules/gifsicle/node_modules/npm-run-path
3015 silly ADD node_modules/gifsicle/node_modules/is-stream
3016 silly ADD node_modules/gifsicle/node_modules/get-stream
3017 silly ADD node_modules/gifsicle/node_modules/execa
3018 silly ADD node_modules/gifsicle/node_modules/cross-spawn
3019 silly ADD node_modules/get-stream
3020 silly ADD node_modules/get-proxy
3021 silly ADD node_modules/get-proto
3022 silly ADD node_modules/get-intrinsic
3023 silly ADD node_modules/get-caller-file
3024 silly ADD node_modules/gensync
3025 silly ADD node_modules/function-bind
3026 silly ADD node_modules/fsevents
3027 silly ADD node_modules/fs.realpath
3028 silly ADD node_modules/fs-mkdirp-stream
3029 silly ADD node_modules/fs-constants
3030 silly ADD node_modules/from2
3031 silly ADD node_modules/fresh
3032 silly ADD node_modules/forwarded
3033 silly ADD node_modules/formik
3034 silly ADD node_modules/for-own
3035 silly ADD node_modules/for-in
3036 silly ADD node_modules/for-each
3037 silly ADD node_modules/follow-redirects
3038 silly ADD node_modules/flat
3039 silly ADD node_modules/flagged-respawn
3040 silly ADD node_modules/fined
3041 silly ADD node_modules/findup-sync
3042 silly ADD node_modules/find-versions
3043 silly ADD node_modules/find-up
3044 silly ADD node_modules/find-root
3045 silly ADD node_modules/find-cache-dir
3046 silly ADD node_modules/finalhandler
3047 silly ADD node_modules/finalhandler/node_modules/ms
3048 silly ADD node_modules/finalhandler/node_modules/debug
3049 silly ADD node_modules/fill-range
3050 silly ADD node_modules/filenamify
3051 silly ADD node_modules/filename-reserved-regex
3052 silly ADD node_modules/file-type
3053 silly ADD node_modules/fd-slicer
3054 silly ADD node_modules/faye-websocket
3055 silly ADD node_modules/fastq
3056 silly ADD node_modules/fastest-levenshtein
3057 silly ADD node_modules/fast-xml-parser
3058 silly ADD node_modules/fast-uri
3059 silly ADD node_modules/fast-levenshtein
3060 silly ADD node_modules/fast-json-stable-stringify
3061 silly ADD node_modules/fast-glob
3062 silly ADD node_modules/fast-fifo
3063 silly ADD node_modules/fast-deep-equal
3064 silly ADD node_modules/extend
3065 silly ADD node_modules/ext-name
3066 silly ADD node_modules/ext-list
3067 silly ADD node_modules/express
3068 silly ADD node_modules/express/node_modules/ms
3069 silly ADD node_modules/express/node_modules/debug
3070 silly ADD node_modules/expand-tilde
3071 silly ADD node_modules/exenv
3072 silly ADD node_modules/executable
3073 silly ADD node_modules/executable/node_modules/pify
3074 silly ADD node_modules/execa
3075 silly ADD node_modules/exec-buffer
3076 silly ADD node_modules/exec-buffer/node_modules/yallist
3077 silly ADD node_modules/exec-buffer/node_modules/pify
3078 silly ADD node_modules/exec-buffer/node_modules/lru-cache
3079 silly ADD node_modules/exec-buffer/node_modules/get-stream
3080 silly ADD node_modules/exec-buffer/node_modules/execa
3081 silly ADD node_modules/exec-buffer/node_modules/cross-spawn
3082 silly ADD node_modules/events-universal
3083 silly ADD node_modules/events
3084 silly ADD node_modules/eventemitter3
3085 silly ADD node_modules/etag
3086 silly ADD node_modules/esutils
3087 silly ADD node_modules/estraverse
3088 silly ADD node_modules/esrecurse
3089 silly ADD node_modules/esrecurse/node_modules/estraverse
3090 silly ADD node_modules/eslint-scope
3091 silly ADD node_modules/escape-string-regexp
3092 silly ADD node_modules/escape-html
3093 silly ADD node_modules/escalade
3094 silly ADD node_modules/es-object-atoms
3095 silly ADD node_modules/es-module-lexer
3096 silly ADD node_modules/es-errors
3097 silly ADD node_modules/es-define-property
3098 silly ADD node_modules/error-ex
3099 silly ADD node_modules/envinfo
3100 silly ADD node_modules/entities
3101 silly ADD node_modules/enhanced-resolve
3102 silly ADD node_modules/end-of-stream
3103 silly ADD node_modules/encodeurl
3104 silly ADD node_modules/emojis-list
3105 silly ADD node_modules/emoji-regex
3106 silly ADD node_modules/electron-to-chromium
3107 silly ADD node_modules/ee-first
3108 silly ADD node_modules/each-props
3109 silly ADD node_modules/duplexer3
3110 silly ADD node_modules/duplexer
3111 silly ADD node_modules/dunder-proto
3112 silly ADD node_modules/download
3113 silly ADD node_modules/download/node_modules/pify
3114 silly ADD node_modules/download/node_modules/make-dir
3115 silly ADD node_modules/download/node_modules/get-stream
3116 silly ADD node_modules/download/node_modules/file-type
3117 silly ADD node_modules/dotenv
3118 silly ADD node_modules/dot-case
3119 silly ADD node_modules/domutils
3120 silly ADD node_modules/domhandler
3121 silly ADD node_modules/domelementtype
3122 silly ADD node_modules/dom-serializer
3123 silly ADD node_modules/dom-helpers
3124 silly ADD node_modules/dom-converter
3125 silly ADD node_modules/dns-packet
3126 silly ADD node_modules/dir-glob
3127 silly ADD node_modules/detect-node
3128 silly ADD node_modules/detect-libc
3129 silly ADD node_modules/detect-file
3130 silly ADD node_modules/destroy
3131 silly ADD node_modules/depd
3132 silly ADD node_modules/del
3133 silly ADD node_modules/define-lazy-prop
3134 silly ADD node_modules/define-data-property
3135 silly ADD node_modules/default-browser-id
3136 silly ADD node_modules/default-browser
3137 silly ADD node_modules/deepmerge
3138 silly ADD node_modules/decompress-unzip
3139 silly ADD node_modules/decompress-unzip/node_modules/pify
3140 silly ADD node_modules/decompress-unzip/node_modules/get-stream
3141 silly ADD node_modules/decompress-unzip/node_modules/file-type
3142 silly ADD node_modules/decompress-targz
3143 silly ADD node_modules/decompress-targz/node_modules/file-type
3144 silly ADD node_modules/decompress-tarbz2
3145 silly ADD node_modules/decompress-tarbz2/node_modules/file-type
3146 silly ADD node_modules/decompress-tar
3147 silly ADD node_modules/decompress-tar/node_modules/file-type
3148 silly ADD node_modules/decompress-response
3149 silly ADD node_modules/decompress
3150 silly ADD node_modules/decompress/node_modules/pify
3151 silly ADD node_modules/decompress/node_modules/make-dir
3152 silly ADD node_modules/decompress/node_modules/make-dir/node_modules/pify
3153 silly ADD node_modules/decode-uri-component
3154 silly ADD node_modules/decimal.js
3155 silly ADD node_modules/debug
3156 silly ADD node_modules/debounce
3157 silly ADD node_modules/date-fns
3158 silly ADD node_modules/data-urls
3159 silly ADD node_modules/cwebp-bin
3160 silly ADD node_modules/csstype
3161 silly ADD node_modules/csso
3162 silly ADD node_modules/cssesc
3163 silly ADD node_modules/css-what
3164 silly ADD node_modules/css-tree
3165 silly ADD node_modules/css-tree/node_modules/source-map
3166 silly ADD node_modules/css-to-react-native
3167 silly ADD node_modules/css-select
3168 silly ADD node_modules/css-loader
3169 silly ADD node_modules/css-loader/node_modules/semver
3170 silly ADD node_modules/css-in-js-utils
3171 silly ADD node_modules/css-color-keywords
3172 silly ADD node_modules/cross-spawn
3173 silly ADD node_modules/cross-spawn/node_modules/semver
3174 silly ADD node_modules/cosmiconfig
3175 silly ADD node_modules/cors
3176 silly ADD node_modules/core-util-is
3177 silly ADD node_modules/core-js-compat
3178 silly ADD node_modules/core-js
3179 silly ADD node_modules/copy-props
3180 silly ADD node_modules/cookie-signature
3181 silly ADD node_modules/cookie
3182 silly ADD node_modules/convert-source-map
3183 silly ADD node_modules/content-type
3184 silly ADD node_modules/content-disposition
3185 silly ADD node_modules/connect-history-api-fallback
3186 silly ADD node_modules/config-chain
3187 silly ADD node_modules/concurrently
3188 silly ADD node_modules/concat-map
3189 silly ADD node_modules/compression-webpack-plugin
3190 silly ADD node_modules/compression
3191 silly ADD node_modules/compression/node_modules/negotiator
3192 silly ADD node_modules/compression/node_modules/ms
3193 silly ADD node_modules/compression/node_modules/debug
3194 silly ADD node_modules/compressible
3195 silly ADD node_modules/commondir
3196 silly ADD node_modules/common-path-prefix
3197 silly ADD node_modules/commander
3198 silly ADD node_modules/colorette
3199 silly ADD node_modules/color-name
3200 silly ADD node_modules/color-convert
3201 silly ADD node_modules/clsx
3202 silly ADD node_modules/clone-response
3203 silly ADD node_modules/clone-deep
3204 silly ADD node_modules/clone-deep/node_modules/is-plain-object
3205 silly ADD node_modules/clone
3206 silly ADD node_modules/cliui
3207 silly ADD node_modules/clean-webpack-plugin
3208 silly ADD node_modules/clean-css
3209 silly ADD node_modules/clean-css/node_modules/source-map
3210 silly ADD node_modules/chrome-trace-event
3211 silly ADD node_modules/chokidar
3212 silly ADD node_modules/chalk
3213 silly ADD node_modules/chalk/node_modules/supports-color
3214 silly ADD node_modules/caw
3215 silly ADD node_modules/caniuse-lite
3216 silly ADD node_modules/camelize
3217 silly ADD node_modules/camel-case
3218 silly ADD node_modules/callsites
3219 silly ADD node_modules/call-bound
3220 silly ADD node_modules/call-bind-apply-helpers
3221 silly ADD node_modules/call-bind
3222 silly ADD node_modules/cacheable-request
3223 silly ADD node_modules/cacheable-request/node_modules/lowercase-keys
3224 silly ADD node_modules/cacheable-request/node_modules/get-stream
3225 silly ADD node_modules/bytestreamjs
3226 silly ADD node_modules/bytes
3227 silly ADD node_modules/bundle-name
3228 silly ADD node_modules/buffer-from
3229 silly ADD node_modules/buffer-fill
3230 silly ADD node_modules/buffer-crc32
3231 silly ADD node_modules/buffer-alloc-unsafe
3232 silly ADD node_modules/buffer-alloc
3233 silly ADD node_modules/buffer
3234 silly ADD node_modules/browserslist
3235 silly ADD node_modules/broadcast-channel
3236 silly ADD node_modules/broadcast-channel/node_modules/rimraf
3237 silly ADD node_modules/braces
3238 silly ADD node_modules/brace-expansion
3239 silly ADD node_modules/boolbase
3240 silly ADD node_modules/bonjour-service
3241 silly ADD node_modules/body-parser
3242 silly ADD node_modules/body-parser/node_modules/ms
3243 silly ADD node_modules/body-parser/node_modules/debug
3244 silly ADD node_modules/bl
3245 silly ADD node_modules/binary-extensions
3246 silly ADD node_modules/bin-wrapper
3247 silly ADD node_modules/bin-wrapper/node_modules/url-parse-lax
3248 silly ADD node_modules/bin-wrapper/node_modules/prepend-http
3249 silly ADD node_modules/bin-wrapper/node_modules/p-timeout
3250 silly ADD node_modules/bin-wrapper/node_modules/p-event
3251 silly ADD node_modules/bin-wrapper/node_modules/p-cancelable
3252 silly ADD node_modules/bin-wrapper/node_modules/make-dir
3253 silly ADD node_modules/bin-wrapper/node_modules/make-dir/node_modules/pify
3254 silly ADD node_modules/bin-wrapper/node_modules/got
3255 silly ADD node_modules/bin-wrapper/node_modules/got/node_modules/pify
3256 silly ADD node_modules/bin-wrapper/node_modules/get-stream
3257 silly ADD node_modules/bin-wrapper/node_modules/file-type
3258 silly ADD node_modules/bin-wrapper/node_modules/download
3259 silly ADD node_modules/bin-wrapper/node_modules/download/node_modules/pify
3260 silly ADD node_modules/bin-version-check
3261 silly ADD node_modules/bin-version-check/node_modules/semver
3262 silly ADD node_modules/bin-version
3263 silly ADD node_modules/bin-check
3264 silly ADD node_modules/bin-check/node_modules/yallist
3265 silly ADD node_modules/bin-check/node_modules/lru-cache
3266 silly ADD node_modules/bin-check/node_modules/get-stream
3267 silly ADD node_modules/bin-check/node_modules/execa
3268 silly ADD node_modules/bin-check/node_modules/cross-spawn
3269 silly ADD node_modules/bin-build
3270 silly ADD node_modules/bin-build/node_modules/yallist
3271 silly ADD node_modules/bin-build/node_modules/lru-cache
3272 silly ADD node_modules/bin-build/node_modules/get-stream
3273 silly ADD node_modules/bin-build/node_modules/execa
3274 silly ADD node_modules/bin-build/node_modules/cross-spawn
3275 silly ADD node_modules/big.js
3276 silly ADD node_modules/big-integer
3277 silly ADD node_modules/bidi-js
3278 silly ADD node_modules/batch
3279 silly ADD node_modules/baseline-browser-mapping
3280 silly ADD node_modules/base64-js
3281 silly ADD node_modules/bare-events
3282 silly ADD node_modules/balanced-match
3283 silly ADD node_modules/bach
3284 silly ADD node_modules/babel-plugin-styled-components
3285 silly ADD node_modules/babel-plugin-polyfill-regenerator
3286 silly ADD node_modules/babel-plugin-polyfill-corejs3
3287 silly ADD node_modules/babel-plugin-polyfill-corejs2
3288 silly ADD node_modules/babel-plugin-macros
3289 silly ADD node_modules/babel-loader
3290 silly ADD node_modules/available-typed-arrays
3291 silly ADD node_modules/async-settle
3292 silly ADD node_modules/async-done
3293 silly ADD node_modules/async
3294 silly ADD node_modules/asn1js
3295 silly ADD node_modules/array-uniq
3296 silly ADD node_modules/array-union
3297 silly ADD node_modules/array-slice
3298 silly ADD node_modules/array-flatten
3299 silly ADD node_modules/array-each
3300 silly ADD node_modules/archive-type
3301 silly ADD node_modules/archive-type/node_modules/file-type
3302 silly ADD node_modules/arch
3303 silly ADD node_modules/anymatch
3304 silly ADD node_modules/anymatch/node_modules/picomatch
3305 silly ADD node_modules/ansi-styles
3306 silly ADD node_modules/ansi-regex
3307 silly ADD node_modules/ansi-html-community
3308 silly ADD node_modules/ajv-keywords
3309 silly ADD node_modules/ajv-formats
3310 silly ADD node_modules/ajv
3311 silly ADD node_modules/acorn-walk
3312 silly ADD node_modules/acorn
3313 silly ADD node_modules/accepts
3314 silly ADD node_modules/@xtuc/long
3315 silly ADD node_modules/@xtuc/ieee754
3316 silly ADD node_modules/@webpack-cli/serve
3317 silly ADD node_modules/@webpack-cli/info
3318 silly ADD node_modules/@webpack-cli/configtest
3319 silly ADD node_modules/@webassemblyjs/wast-printer
3320 silly ADD node_modules/@webassemblyjs/wasm-parser
3321 silly ADD node_modules/@webassemblyjs/wasm-opt
3322 silly ADD node_modules/@webassemblyjs/wasm-gen
3323 silly ADD node_modules/@webassemblyjs/wasm-edit
3324 silly ADD node_modules/@webassemblyjs/utf8
3325 silly ADD node_modules/@webassemblyjs/leb128
3326 silly ADD node_modules/@webassemblyjs/ieee754
3327 silly ADD node_modules/@webassemblyjs/helper-wasm-section
3328 silly ADD node_modules/@webassemblyjs/helper-wasm-bytecode
3329 silly ADD node_modules/@webassemblyjs/helper-numbers
3330 silly ADD node_modules/@webassemblyjs/helper-buffer
3331 silly ADD node_modules/@webassemblyjs/helper-api-error
3332 silly ADD node_modules/@webassemblyjs/floating-point-hex-parser
3333 silly ADD node_modules/@webassemblyjs/ast
3334 silly ADD node_modules/@types/ws
3335 silly ADD node_modules/@types/sockjs
3336 silly ADD node_modules/@types/serve-static
3337 silly ADD node_modules/@types/serve-static/node_modules/@types/send
3338 silly ADD node_modules/@types/serve-index
3339 silly ADD node_modules/@types/send
3340 silly ADD node_modules/@types/retry
3341 silly ADD node_modules/@types/react
3342 silly ADD node_modules/@types/range-parser
3343 silly ADD node_modules/@types/qs
3344 silly ADD node_modules/@types/parse-json
3345 silly ADD node_modules/@types/node
3346 silly ADD node_modules/@types/minimatch
3347 silly ADD node_modules/@types/mime
3348 silly ADD node_modules/@types/json-schema
3349 silly ADD node_modules/@types/http-proxy
3350 silly ADD node_modules/@types/http-errors
3351 silly ADD node_modules/@types/html-minifier-terser
3352 silly ADD node_modules/@types/hoist-non-react-statics
3353 silly ADD node_modules/@types/glob
3354 silly ADD node_modules/@types/express-serve-static-core
3355 silly ADD node_modules/@types/express
3356 silly ADD node_modules/@types/estree
3357 silly ADD node_modules/@types/connect-history-api-fallback
3358 silly ADD node_modules/@types/connect
3359 silly ADD node_modules/@types/bonjour
3360 silly ADD node_modules/@types/body-parser
3361 silly ADD node_modules/@styled-system/variant
3362 silly ADD node_modules/@styled-system/typography
3363 silly ADD node_modules/@styled-system/space
3364 silly ADD node_modules/@styled-system/shadow
3365 silly ADD node_modules/@styled-system/position
3366 silly ADD node_modules/@styled-system/layout
3367 silly ADD node_modules/@styled-system/grid
3368 silly ADD node_modules/@styled-system/flexbox
3369 silly ADD node_modules/@styled-system/css
3370 silly ADD node_modules/@styled-system/core
3371 silly ADD node_modules/@styled-system/color
3372 silly ADD node_modules/@styled-system/border
3373 silly ADD node_modules/@styled-system/background
3374 silly ADD node_modules/@sindresorhus/is
3375 silly ADD node_modules/@semantic-ui-react/event-stack
3376 silly ADD node_modules/@rtsao/csstype
3377 silly ADD node_modules/@popperjs/core
3378 silly ADD node_modules/@polka/url
3379 silly ADD node_modules/@peculiar/x509
3380 silly ADD node_modules/@peculiar/utils
3381 silly ADD node_modules/@peculiar/asn1-x509-attr
3382 silly ADD node_modules/@peculiar/asn1-x509
3383 silly ADD node_modules/@peculiar/asn1-schema
3384 silly ADD node_modules/@peculiar/asn1-rsa
3385 silly ADD node_modules/@peculiar/asn1-pkcs9
3386 silly ADD node_modules/@peculiar/asn1-pkcs8
3387 silly ADD node_modules/@peculiar/asn1-pfx
3388 silly ADD node_modules/@peculiar/asn1-ecc
3389 silly ADD node_modules/@peculiar/asn1-csr
3390 silly ADD node_modules/@peculiar/asn1-cms
3391 silly ADD
3392 silly ADD
3393 silly ADD
3394 silly ADD
3395 silly ADD
3396 silly ADD
3397 silly ADD
3398 silly ADD
3399 silly ADD
3400 silly ADD
3401 silly ADD node_modules/@parcel/watcher-darwin-arm64
3402 silly ADD
3403 silly ADD node_modules/@parcel/watcher
3404 silly ADD node_modules/@nodelib/fs.walk
3405 silly ADD node_modules/@nodelib/fs.stat
3406 silly ADD node_modules/@nodelib/fs.scandir
3407 silly ADD node_modules/@noble/hashes
3408 silly ADD node_modules/@leichtgewicht/ip-codec
3409 silly ADD node_modules/@jsonjoy.com/util
3410 silly ADD node_modules/@jsonjoy.com/util/node_modules/@jsonjoy.com/buffers
3411 silly ADD node_modules/@jsonjoy.com/json-pointer
3412 silly ADD node_modules/@jsonjoy.com/json-pack
3413 silly ADD node_modules/@jsonjoy.com/json-pack/node_modules/@jsonjoy.com/buffers
3414 silly ADD node_modules/@jsonjoy.com/fs-snapshot
3415 silly ADD node_modules/@jsonjoy.com/fs-snapshot/node_modules/@jsonjoy.com/util
3416 silly ADD node_modules/@jsonjoy.com/fs-snapshot/node_modules/@jsonjoy.com/json-pointer
3417 silly ADD node_modules/@jsonjoy.com/fs-snapshot/node_modules/@jsonjoy.com/json-pack
3418 silly ADD node_modules/@jsonjoy.com/fs-snapshot/node_modules/@jsonjoy.com/codegen
3419 silly ADD node_modules/@jsonjoy.com/fs-snapshot/node_modules/@jsonjoy.com/base64
3420 silly ADD node_modules/@jsonjoy.com/fs-print
3421 silly ADD node_modules/@jsonjoy.com/fs-node-utils
3422 silly ADD node_modules/@jsonjoy.com/fs-node-to-fsa
3423 silly ADD node_modules/@jsonjoy.com/fs-node-builtins
3424 silly ADD node_modules/@jsonjoy.com/fs-node
3425 silly ADD node_modules/@jsonjoy.com/fs-fsa
3426 silly ADD node_modules/@jsonjoy.com/fs-core
3427 silly ADD node_modules/@jsonjoy.com/codegen
3428 silly ADD node_modules/@jsonjoy.com/buffers
3429 silly ADD node_modules/@jsonjoy.com/base64
3430 silly ADD node_modules/@jridgewell/trace-mapping
3431 silly ADD node_modules/@jridgewell/sourcemap-codec
3432 silly ADD node_modules/@jridgewell/source-map
3433 silly ADD node_modules/@jridgewell/resolve-uri
3434 silly ADD node_modules/@jridgewell/remapping
3435 silly ADD node_modules/@jridgewell/gen-mapping
3436 silly ADD node_modules/@gulpjs/to-absolute-glob
3437 silly ADD node_modules/@gulpjs/messages
3438 silly ADD node_modules/@fluentui/react-component-ref
3439 silly ADD node_modules/@fluentui/react-component-event-listener
3440 silly ADD node_modules/@emotion/weak-memoize
3441 silly ADD node_modules/@emotion/utils
3442 silly ADD node_modules/@emotion/use-insertion-effect-with-fallbacks
3443 silly ADD node_modules/@emotion/unitless
3444 silly ADD node_modules/@emotion/styled
3445 silly ADD node_modules/@emotion/sheet
3446 silly ADD node_modules/@emotion/serialize
3447 silly ADD node_modules/@emotion/react
3448 silly ADD node_modules/@emotion/memoize
3449 silly ADD node_modules/@emotion/is-prop-valid
3450 silly ADD node_modules/@emotion/hash
3451 silly ADD node_modules/@emotion/core
3452 silly ADD node_modules/@emotion/cache
3453 silly ADD node_modules/@emotion/babel-plugin
3454 silly ADD node_modules/@emotion/babel-plugin/node_modules/convert-source-map
3455 silly ADD node_modules/@discoveryjs/json-ext
3456 silly ADD node_modules/@csstools/css-tokenizer
3457 silly ADD node_modules/@csstools/css-parser-algorithms
3458 silly ADD node_modules/@csstools/css-color-parser
3459 silly ADD node_modules/@csstools/css-calc
3460 silly ADD node_modules/@csstools/color-helpers
3461 silly ADD node_modules/@bramus/specificity
3462 silly ADD node_modules/@bramus/specificity/node_modules/mdn-data
3463 silly ADD node_modules/@bramus/specificity/node_modules/css-tree
3464 silly ADD node_modules/@babel/types
3465 silly ADD node_modules/@babel/traverse
3466 silly ADD node_modules/@babel/template
3467 silly ADD node_modules/@babel/runtime
3468 silly ADD node_modules/@babel/register
3469 silly ADD node_modules/@babel/register/node_modules/semver
3470 silly ADD node_modules/@babel/register/node_modules/pkg-dir
3471 silly ADD node_modules/@babel/register/node_modules/path-exists
3472 silly ADD node_modules/@babel/register/node_modules/p-locate
3473 silly ADD node_modules/@babel/register/node_modules/p-limit
3474 silly ADD node_modules/@babel/register/node_modules/make-dir
3475 silly ADD node_modules/@babel/register/node_modules/locate-path
3476 silly ADD node_modules/@babel/register/node_modules/find-up
3477 silly ADD node_modules/@babel/register/node_modules/find-cache-dir
3478 silly ADD node_modules/@babel/preset-react
3479 silly ADD node_modules/@babel/preset-modules
3480 silly ADD node_modules/@babel/preset-env
3481 silly ADD node_modules/@babel/preset-env/node_modules/babel-plugin-polyfill-corejs3
3482 silly ADD node_modules/@babel/plugin-transform-unicode-sets-regex
3483 silly ADD node_modules/@babel/plugin-transform-unicode-regex
3484 silly ADD node_modules/@babel/plugin-transform-unicode-property-regex
3485 silly ADD node_modules/@babel/plugin-transform-unicode-escapes
3486 silly ADD node_modules/@babel/plugin-transform-typeof-symbol
3487 silly ADD node_modules/@babel/plugin-transform-template-literals
3488 silly ADD node_modules/@babel/plugin-transform-sticky-regex
3489 silly ADD node_modules/@babel/plugin-transform-spread
3490 silly ADD node_modules/@babel/plugin-transform-shorthand-properties
3491 silly ADD node_modules/@babel/plugin-transform-runtime
3492 silly ADD node_modules/@babel/plugin-transform-reserved-words
3493 silly ADD node_modules/@babel/plugin-transform-regexp-modifiers
3494 silly ADD node_modules/@babel/plugin-transform-regenerator
3495 silly ADD node_modules/@babel/plugin-transform-react-pure-annotations
3496 silly ADD node_modules/@babel/plugin-transform-react-jsx-development
3497 silly ADD node_modules/@babel/plugin-transform-react-jsx
3498 silly ADD node_modules/@babel/plugin-transform-react-display-name
3499 silly ADD node_modules/@babel/plugin-transform-property-literals
3500 silly ADD node_modules/@babel/plugin-transform-private-property-in-object
3501 silly ADD node_modules/@babel/plugin-transform-private-methods
3502 silly ADD node_modules/@babel/plugin-transform-parameters
3503 silly ADD node_modules/@babel/plugin-transform-optional-chaining
3504 silly ADD node_modules/@babel/plugin-transform-optional-catch-binding
3505 silly ADD node_modules/@babel/plugin-transform-object-super
3506 silly ADD node_modules/@babel/plugin-transform-object-rest-spread
3507 silly ADD node_modules/@babel/plugin-transform-numeric-separator
3508 silly ADD node_modules/@babel/plugin-transform-nullish-coalescing-operator
3509 silly ADD node_modules/@babel/plugin-transform-new-target
3510 silly ADD node_modules/@babel/plugin-transform-named-capturing-groups-regex
3511 silly ADD node_modules/@babel/plugin-transform-modules-umd
3512 silly ADD node_modules/@babel/plugin-transform-modules-systemjs
3513 silly ADD node_modules/@babel/plugin-transform-modules-commonjs
3514 silly ADD node_modules/@babel/plugin-transform-modules-amd
3515 silly ADD node_modules/@babel/plugin-transform-member-expression-literals
3516 silly ADD node_modules/@babel/plugin-transform-logical-assignment-operators
3517 silly ADD node_modules/@babel/plugin-transform-literals
3518 silly ADD node_modules/@babel/plugin-transform-json-strings
3519 silly ADD node_modules/@babel/plugin-transform-function-name
3520 silly ADD node_modules/@babel/plugin-transform-for-of
3521 silly ADD node_modules/@babel/plugin-transform-export-namespace-from
3522 silly ADD node_modules/@babel/plugin-transform-exponentiation-operator
3523 silly ADD node_modules/@babel/plugin-transform-explicit-resource-management
3524 silly ADD node_modules/@babel/plugin-transform-dynamic-import
3525 silly ADD node_modules/@babel/plugin-transform-duplicate-named-capturing-groups-regex
3526 silly ADD node_modules/@babel/plugin-transform-duplicate-keys
3527 silly ADD node_modules/@babel/plugin-transform-dotall-regex
3528 silly ADD node_modules/@babel/plugin-transform-destructuring
3529 silly ADD node_modules/@babel/plugin-transform-computed-properties
3530 silly ADD node_modules/@babel/plugin-transform-classes
3531 silly ADD node_modules/@babel/plugin-transform-class-static-block
3532 silly ADD node_modules/@babel/plugin-transform-class-properties
3533 silly ADD node_modules/@babel/plugin-transform-block-scoping
3534 silly ADD node_modules/@babel/plugin-transform-block-scoped-functions
3535 silly ADD node_modules/@babel/plugin-transform-async-to-generator
3536 silly ADD node_modules/@babel/plugin-transform-async-generator-functions
3537 silly ADD node_modules/@babel/plugin-transform-arrow-functions
3538 silly ADD node_modules/@babel/plugin-syntax-unicode-sets-regex
3539 silly ADD node_modules/@babel/plugin-syntax-jsx
3540 silly ADD node_modules/@babel/plugin-syntax-import-attributes
3541 silly ADD node_modules/@babel/plugin-syntax-import-assertions
3542 silly ADD node_modules/@babel/plugin-proposal-private-property-in-object
3543 silly ADD node_modules/@babel/plugin-bugfix-v8-static-class-fields-redefine-readonly
3544 silly ADD node_modules/@babel/plugin-bugfix-v8-spread-parameters-in-optional-chaining
3545 silly ADD node_modules/@babel/plugin-bugfix-safari-rest-destructuring-rhs-array
3546 silly ADD node_modules/@babel/plugin-bugfix-safari-id-destructuring-collision-in-function-expression
3547 silly ADD node_modules/@babel/plugin-bugfix-safari-class-field-initializer-scope
3548 silly ADD node_modules/@babel/plugin-bugfix-firefox-class-in-computed-class-key
3549 silly ADD node_modules/@babel/parser
3550 silly ADD node_modules/@babel/helpers
3551 silly ADD node_modules/@babel/helper-wrap-function
3552 silly ADD node_modules/@babel/helper-validator-option
3553 silly ADD node_modules/@babel/helper-validator-identifier
3554 silly ADD node_modules/@babel/helper-string-parser
3555 silly ADD node_modules/@babel/helper-skip-transparent-expression-wrappers
3556 silly ADD node_modules/@babel/helper-replace-supers
3557 silly ADD node_modules/@babel/helper-remap-async-to-generator
3558 silly ADD node_modules/@babel/helper-plugin-utils
3559 silly ADD node_modules/@babel/helper-optimise-call-expression
3560 silly ADD node_modules/@babel/helper-module-transforms
3561 silly ADD node_modules/@babel/helper-module-imports
3562 silly ADD node_modules/@babel/helper-member-expression-to-functions
3563 silly ADD node_modules/@babel/helper-globals
3564 silly ADD node_modules/@babel/helper-define-polyfill-provider
3565 silly ADD node_modules/@babel/helper-create-regexp-features-plugin
3566 silly ADD node_modules/@babel/helper-create-class-features-plugin
3567 silly ADD node_modules/@babel/helper-compilation-targets
3568 silly ADD node_modules/@babel/helper-annotate-as-pure
3569 silly ADD node_modules/@babel/generator
3570 silly ADD node_modules/@babel/core
3571 silly ADD node_modules/@babel/compat-data
3572 silly ADD node_modules/@babel/code-frame
3573 silly ADD node_modules/@asamuzakjp/nwsapi
3574 silly ADD node_modules/@asamuzakjp/generational-cache
3575 silly ADD node_modules/@asamuzakjp/dom-selector
3576 silly ADD node_modules/@asamuzakjp/dom-selector/node_modules/mdn-data
3577 silly ADD node_modules/@asamuzakjp/dom-selector/node_modules/css-tree
3578 silly ADD node_modules/@asamuzakjp/css-color
3579 verbose cwd /Users/johnfleurimond/Documents/IMPORTANT/Code/FantasyFootball
3580 verbose os Darwin 25.5.0
3581 verbose node v20.20.2
3582 verbose npm  v10.8.2
3583 verbose exit 0
3584 info ok
